1 #NS 0 Nat
2 #NS 1 zero
0 #EC 1 
3 #NS 1 succ
4 #NS 0 n
1 #EP #BD 4 0 0
1 #US 0
2 #ES 1
#IND 0 1 2 2 2 0 3 1 
5 #NS 0 Bool
6 #NS 5 false
3 #EC 5 
7 #NS 5 true
#IND 0 5 2 2 6 3 7 3 
8 #NS 0 Option
9 #NS 8 none
10 #NS 0 α
11 #NS 0 u
2 #UP 11
3 #US 2
4 #ES 3
5 #EC 8 2
6 #EV 0
7 #EA 5 6
8 #EP #BI 10 4 7
12 #NS 8 some
13 #NS 0 val
9 #EV 1
10 #EA 5 9
11 #EP #BD 13 6 10
12 #EP #BI 10 4 11
13 #EP #BD 10 4 4
#IND 1 8 13 2 9 8 12 12 11
14 #NS 0 PUnit
15 #NS 14 unit
14 #EC 14 2
15 #ES 2
#IND 0 14 15 1 15 14 11
16 #NS 0 PProd
17 #NS 16 mk
18 #NS 0 β
19 #NS 0 v
4 #UP 19
16 #ES 4
20 #NS 0 fst
21 #NS 0 snd
17 #EC 16 2 4
18 #EV 3
19 #EA 17 18
20 #EV 2
21 #EA 19 20
22 #EP #BD 21 9 21
23 #EP #BD 20 9 22
24 #EP #BI 18 16 23
25 #EP #BI 10 15 24
5 #UM 1 2
6 #UM 5 4
26 #ES 6
27 #EP #BD 18 16 26
28 #EP #BD 10 15 27
#IND 2 16 28 1 17 25 11 19
22 #NS 1 below
23 #NS 0 motive
24 #NS 0 t
29 #EP #BD 24 0 15
30 #ES 5
31 #EP #BD 24 0 30
32 #EP #BI 23 29 31
25 #NS 1 rec
7 #US 5
33 #EC 25 7
34 #EL #BD 24 0 30
35 #EA 33 34
36 #EC 14 5
37 #EA 35 36
26 #NS 0 n_ih
38 #EC 16 2 5
39 #EA 18 9
40 #EA 38 39
41 #EA 40 6
42 #EL #BD 26 30 41
43 #EL #BD 4 0 42
44 #EA 37 43
45 #EA 44 6
46 #EL #BD 24 0 45
47 #EL #BI 23 29 46
#DEF 22 32 47 11
27 #NS 1 brecOn
28 #NS 27 go
29 #NS 0 F_1
30 #NS 0 f
48 #EC 22 2
49 #EA 48 20
50 #EA 49 6
51 #EP #BD 30 50 39
52 #EP #BD 24 0 51
53 #EA 20 9
54 #EA 38 53
55 #EA 49 9
56 #EA 54 55
57 #EP #BD 29 52 56
58 #EP #BD 24 0 57
59 #EP #BI 23 29 58
60 #EC 25 5
61 #EA 18 6
62 #EA 38 61
63 #EA 48 18
64 #EA 63 6
65 #EA 62 64
66 #EL #BD 24 0 65
67 #EA 60 66
68 #EC 17 2 5
69 #EC 2 
70 #EA 20 69
71 #EA 68 70
72 #EA 71 36
73 #EA 6 69
74 #EC 15 5
75 #EA 73 74
76 #EA 72 75
77 #EA 76 74
78 #EA 67 77
79 #EV 4
80 #EC 3 
81 #EA 80 9
82 #EA 79 81
83 #EA 68 82
84 #EA 79 9
85 #EA 38 84
86 #EA 48 79
87 #EA 86 9
88 #EA 85 87
89 #EA 83 88
90 #EA 20 81
91 #EA 90 6
92 #EA 89 91
93 #EA 92 6
94 #EL #BD 26 65 93
95 #EL #BD 4 0 94
96 #EA 78 95
97 #EA 96 9
98 #EL #BD 29 52 97
99 #EL #BD 24 0 98
100 #EL #BI 23 29 99
#DEF 28 59 100 11
101 #EP #BD 29 52 53
102 #EP #BD 24 0 101
103 #EP #BI 23 29 102
104 #EC 28 2
105 #EA 104 20
106 #EA 105 9
107 #EA 106 6
108 #EJ 16 0 107
109 #EL #BD 29 52 108
110 #EL #BD 24 0 109
111 #EL #BI 23 29 110
#DEF 27 103 111 11
31 #NS 0 False
112 #ES 0
#IND 0 31 112 0  
32 #NS 0 Not
33 #NS 0 a
113 #EP #BD 33 112 112
34 #NS 33 _@
35 #NS 34 _internal
36 #NS 35 _hyg
37 #NI 36 0
114 #EC 31 
115 #EP #BD 37 6 114
116 #EL #BD 33 112 115
#DEF 32 113 116 
38 #NS 0 Decidable
39 #NS 38 isFalse
40 #NS 0 p
41 #NS 0 h
117 #EC 32 
118 #EA 117 6
119 #EC 38 
120 #EA 119 9
121 #EP #BD 41 118 120
122 #EP #BI 40 112 121
42 #NS 38 isTrue
123 #EP #BD 41 6 120
124 #EP #BI 40 112 123
125 #EP #BD 40 112 2
#IND 1 38 125 2 39 122 42 124 
43 #NS 38 casesOn
126 #EA 119 6
127 #EP #BD 24 126 15
44 #NS 0 isFalse
128 #EA 117 20
129 #EC 39 
130 #EA 129 18
131 #EA 130 6
132 #EA 20 131
133 #EP #BD 41 128 132
45 #NS 0 isTrue
134 #EC 42 
135 #EA 134 79
136 #EA 135 6
137 #EA 18 136
138 #EP #BD 41 18 137
139 #EA 18 20
140 #EP #BD 45 138 139
141 #EP #BD 44 133 140
142 #EP #BD 24 120 141
143 #EP #BI 23 127 142
144 #EP #BI 40 112 143
46 #NS 38 rec
145 #EC 46 2
146 #EA 145 79
147 #EA 146 18
148 #EA 117 79
149 #EA 20 6
150 #EL #BD 41 148 149
151 #EA 147 150
152 #EA 9 6
153 #EL #BD 41 79 152
154 #EA 151 153
155 #EA 154 20
156 #EL #BD 45 138 155
157 #EL #BD 44 133 156
158 #EL #BD 24 120 157
159 #EL #BI 23 127 158
160 #EL #BI 40 112 159
#DEF 43 144 160 11
47 #NS 0 ite
48 #NS 0 c
49 #NS 0 e
161 #EP #BD 49 18 79
162 #EP #BD 24 20 161
163 #EP #BC 41 126 162
164 #EP #BD 48 112 163
165 #EP #BI 10 15 164
166 #EC 43 2
167 #EA 166 18
50 #NS 0 x
51 #NS 50 _@
52 #NS 51 Init
53 #NS 52 Prelude
54 #NI 53 1596968041
55 #NS 54 _hygCtx
56 #NS 55 _hyg
57 #NI 56 10
168 #EA 119 18
169 #EV 5
170 #EL #BD 57 168 169
171 #EA 167 170
172 #EA 171 20
58 #NI 56 15
173 #EA 117 18
174 #EL #BD 58 173 9
175 #EA 172 174
59 #NI 56 22
176 #EL #BD 59 18 20
177 #EA 175 176
178 #EL #BD 49 18 177
179 #EL #BD 24 20 178
180 #EL #BC 41 126 179
181 #EL #BD 48 112 180
182 #EL #BI 10 15 181
#DEF 47 165 182 11
60 #NS 0 LT
61 #NS 60 mk
62 #NS 0 lt
183 #EP #BD 37 9 112
184 #EP #BD 37 6 183
185 #EC 60 2
186 #EA 185 9
187 #EP #BD 62 184 186
188 #EP #BI 10 4 187
#IND 1 60 13 1 61 188 11
63 #NS 60 lt
64 #NS 0 self
189 #EA 185 6
190 #EP #BD 37 20 112
191 #EP #BD 37 9 190
192 #EP #BC 64 189 191
193 #EP #BI 10 4 192
194 #EJ 60 0 6
195 #EL #BC 64 189 194
196 #EL #BD 10 4 195
#DEF 63 193 196 11
65 #NS 1 le
66 #NS 65 refl
197 #EC 65 
198 #EA 197 6
199 #EA 198 6
200 #EP #BI 4 0 199
67 #NS 65 step
68 #NS 0 m
201 #EA 197 9
202 #EA 201 6
203 #EA 197 20
204 #EA 203 81
205 #EP #BD 37 202 204
206 #EP #BI 68 0 205
207 #EP #BI 4 0 206
208 #EP #BD 37 0 112
209 #EP #BD 4 0 208
#IND 1 65 209 2 66 200 67 207 
69 #NS 1 lt
210 #EA 197 81
211 #EA 210 6
212 #EL #BD 68 0 211
213 #EL #BD 4 0 212
#DEF 69 209 213 
70 #NS 0 instLTNat
214 #EC 60 0
215 #EA 214 0
216 #EC 61 0
217 #EA 216 0
218 #EC 69 
219 #EA 217 218
#DEF 70 215 219 
71 #NS 0 LE
72 #NS 71 mk
73 #NS 0 le
220 #EC 71 2
221 #EA 220 9
222 #EP #BD 73 184 221
223 #EP #BI 10 4 222
#IND 1 71 13 1 72 223 11
74 #NS 71 le
224 #EA 220 6
225 #EP #BC 64 224 191
226 #EP #BI 10 4 225
227 #EJ 71 0 6
228 #EL #BC 64 224 227
229 #EL #BD 10 4 228
#DEF 74 226 229 11
75 #NS 0 instLENat
230 #EC 71 0
231 #EA 230 0
232 #EC 72 0
233 #EA 232 0
234 #EA 233 197
#DEF 75 231 234 
76 #NS 0 dite
235 #EP #BD 37 9 18
236 #EP #BD 37 128 79
237 #EP #BD 49 236 79
238 #EP #BD 24 235 237
239 #EP #BC 41 126 238
240 #EP #BD 48 112 239
241 #EP #BI 10 15 240
242 #EA 172 6
243 #EA 242 9
244 #EL #BD 49 236 243
245 #EL #BD 24 235 244
246 #EL #BC 41 126 245
247 #EL #BD 48 112 246
248 #EL #BI 10 15 247
#DEF 76 241 248 11
77 #NS 0 Eq
78 #NS 77 refl
79 #NS 0 u_1
8 #UP 79
249 #ES 8
250 #EC 77 8
251 #EA 250 9
252 #EA 251 6
253 #EA 252 6
254 #EP #BD 33 6 253
255 #EP #BI 10 249 254
256 #EP #BI 10 249 184
#IND 2 77 256 1 78 255 79
80 #NS 1 casesOn
81 #NS 0 zero
257 #EA 9 69
82 #NS 0 succ
258 #EA 80 6
259 #EA 18 258
260 #EP #BD 4 0 259
261 #EP #BD 82 260 139
262 #EP #BD 81 257 261
263 #EP #BD 24 0 262
264 #EP #BI 23 29 263
265 #EC 25 2
266 #EA 265 18
267 #EA 266 9
268 #EA 79 6
269 #EL #BD 26 268 53
270 #EL #BD 4 0 269
271 #EA 267 270
272 #EA 271 20
273 #EL #BD 82 260 272
274 #EL #BD 81 257 273
275 #EL #BD 24 0 274
276 #EL #BI 23 29 275
#DEF 80 264 276 11
83 #NS 1 ble
84 #NS 83 match_1
85 #NI 53 1907163184
86 #NS 85 _hygCtx
87 #NI 86 9
88 #NS 87 Init
89 #NS 88 Prelude
90 #NI 89 1907163184
91 #NS 90 _hygCtx
92 #NS 91 _hyg
93 #NI 92 28
94 #NI 86 10
95 #NS 94 Init
96 #NS 95 Prelude
97 #NI 96 1907163184
98 #NS 97 _hygCtx
99 #NS 98 _hyg
100 #NI 99 31
277 #EP #BD 100 0 249
278 #EP #BD 93 0 277
101 #NS 0 h_1
102 #NS 86 _hyg
103 #NI 102 38
279 #EA 18 69
280 #EA 279 6
281 #EP #BD 103 0 280
104 #NS 0 h_2
105 #NS 4 _@
106 #NS 105 Init
107 #NS 106 Prelude
108 #NI 107 1907163184
109 #NS 108 _hygCtx
110 #NS 109 _hyg
111 #NI 110 50
282 #EA 79 258
283 #EA 282 69
284 #EP #BD 111 0 283
112 #NS 0 h_3
285 #EV 6
286 #EA 285 81
287 #EA 286 258
288 #EP #BD 68 0 287
289 #EP #BD 4 0 288
290 #EA 169 79
291 #EA 290 18
292 #EP #BD 112 289 291
293 #EP #BD 104 284 292
294 #EP #BD 101 281 293
295 #EP #BD 100 0 294
296 #EP #BD 93 0 295
297 #EP #BD 23 278 296
298 #EC 80 8
299 #EA 285 6
300 #EA 299 79
301 #EL #BD 50 0 300
302 #EA 298 301
303 #EA 302 79
304 #EA 20 18
305 #EA 303 304
113 #NI 110 73
306 #EV 7
307 #EA 306 81
308 #EA 307 6
309 #EL #BD 50 0 308
310 #EA 298 309
311 #EA 310 79
312 #EA 311 149
114 #NI 110 74
313 #EA 53 6
314 #EL #BD 114 0 313
315 #EA 312 314
316 #EL #BD 113 0 315
317 #EA 305 316
318 #EL #BD 112 289 317
319 #EL #BD 104 284 318
320 #EL #BD 101 281 319
321 #EL #BD 100 0 320
322 #EL #BD 93 0 321
323 #EL #BD 23 278 322
#DEF 84 297 323 79
115 #NS 83 _f
116 #NI 102 9
324 #EC 22 1
117 #NI 102 10
325 #EP #BD 117 0 3
326 #EL #BD 116 0 325
327 #EA 324 326
328 #EA 327 6
329 #EP #BD 30 328 325
330 #EP #BD 116 0 329
331 #EC 84 1
118 #NI 102 75
332 #EA 327 9
333 #EP #BD 118 332 3
334 #EL #BD 100 0 333
335 #EL #BD 93 0 334
336 #EA 331 335
337 #EA 336 20
338 #EA 337 6
339 #EA 327 69
340 #EC 7 
341 #EL #BD 118 339 340
342 #EL #BD 103 0 341
343 #EA 338 342
344 #EA 327 258
345 #EC 6 
346 #EL #BD 118 344 345
347 #EL #BD 111 0 346
348 #EA 343 347
349 #EA 327 81
350 #EJ 16 0 6
351 #EA 350 9
352 #EL #BD 118 349 351
353 #EL #BD 68 0 352
354 #EL #BD 4 0 353
355 #EA 348 354
356 #EA 355 9
357 #EL #BD 117 0 356
358 #EL #BD 30 328 357
359 #EL #BD 116 0 358
#DEF 115 330 359 
360 #EP #BD 37 0 3
361 #EP #BD 37 0 360
362 #EC 27 1
363 #EA 362 326
364 #EA 363 9
365 #EC 115 
366 #EA 364 365
367 #EA 366 6
368 #EL #BD 117 0 367
369 #EL #BD 116 0 368
#DEF 83 361 369 
119 #NS 0 DecidableEq
370 #EP #BD 10 15 30
120 #NS 0 b
371 #EC 77 2
372 #EA 371 20
373 #EA 372 9
374 #EA 373 6
375 #EA 119 374
376 #EP #BD 120 9 375
377 #EP #BD 33 6 376
378 #EL #BD 10 15 377
#DEF 119 370 378 11
121 #NS 0 Unit
379 #EC 14 1
#DEF 121 2 379 
122 #NS 5 casesOn
380 #EP #BD 24 3 15
123 #NS 0 false
381 #EA 9 345
124 #NS 0 true
382 #EA 20 340
383 #EP #BD 124 382 139
384 #EP #BD 123 381 383
385 #EP #BD 24 3 384
386 #EP #BI 23 380 385
125 #NS 5 rec
387 #EC 125 2
388 #EA 387 18
389 #EA 388 9
390 #EA 389 6
391 #EA 390 20
392 #EL #BD 124 382 391
393 #EL #BD 123 381 392
394 #EL #BD 24 3 393
395 #EL #BI 23 380 394
#DEF 122 386 395 11
126 #NS 121 unit
396 #EC 121 
397 #EC 15 1
#DEF 126 396 397 
127 #NS 5 decEq
128 #NS 127 match_1
129 #NS 34 Init
130 #NS 129 Prelude
131 #NI 130 18944135
132 #NS 131 _hygCtx
133 #NS 132 _hyg
134 #NI 133 14
135 #NS 120 _@
136 #NS 135 Init
137 #NS 136 Prelude
138 #NI 137 18944135
139 #NS 138 _hygCtx
140 #NS 139 _hyg
141 #NI 140 16
398 #EP #BD 141 3 249
399 #EP #BD 134 3 398
142 #NS 0 _
400 #EA 18 345
401 #EA 400 345
402 #EP #BD 142 396 401
403 #EA 79 345
404 #EA 403 340
405 #EP #BD 142 396 404
406 #EA 169 340
407 #EA 406 345
408 #EP #BD 142 396 407
143 #NS 0 h_4
409 #EA 285 340
410 #EA 409 340
411 #EP #BD 142 396 410
412 #EA 285 169
413 #EA 412 79
414 #EP #BD 143 411 413
415 #EP #BD 112 408 414
416 #EP #BD 104 405 415
417 #EP #BD 101 402 416
418 #EP #BD 141 3 417
419 #EP #BD 134 3 418
420 #EP #BD 23 399 419
421 #EC 122 8
422 #EA 306 6
423 #EA 422 169
424 #EL #BD 50 3 423
425 #EA 421 424
426 #EA 425 169
427 #EA 306 345
428 #EA 427 6
429 #EL #BD 50 3 428
430 #EA 421 429
431 #EA 430 79
432 #EC 126 
433 #EA 18 432
434 #EA 431 433
435 #EA 20 432
436 #EA 434 435
437 #EA 426 436
438 #EA 306 340
439 #EA 438 6
440 #EL #BD 50 3 439
441 #EA 421 440
442 #EA 441 79
443 #EA 9 432
444 #EA 442 443
445 #EA 6 432
446 #EA 444 445
447 #EA 437 446
448 #EL #BD 143 411 447
449 #EL #BD 112 408 448
450 #EL #BD 104 405 449
451 #EL #BD 101 402 450
452 #EL #BD 141 3 451
453 #EL #BD 134 3 452
454 #EL #BD 23 399 453
#DEF 128 420 454 79
144 #NS 0 rfl
455 #EA 371 9
456 #EA 455 6
457 #EA 456 6
458 #EP #BI 33 6 457
459 #EP #BI 10 15 458
460 #EC 78 2
461 #EA 460 9
462 #EA 461 6
463 #EL #BI 33 6 462
464 #EL #BI 10 15 463
#DEF 144 459 464 11
145 #NS 5 noConfusionType
146 #NS 0 P
465 #EP #BD 24 3 380
466 #EP #BD 146 15 465
147 #NS 0 t'
467 #EC 122 3
468 #EL #BD 24 3 15
469 #EA 467 468
470 #EA 469 9
471 #EA 469 6
148 #NI 53 3636866298
149 #NS 148 _hygCtx
150 #NS 149 _hyg
151 #NI 150 5
472 #EP #BD 151 20 18
473 #EA 471 472
474 #EA 473 20
475 #EA 470 474
476 #EA 471 20
477 #EA 476 472
478 #EA 475 477
479 #EL #BD 147 3 478
480 #EL #BD 24 3 479
481 #EL #BD 146 15 480
#DEF 145 466 481 11
152 #NS 77 ndrec
153 #NS 0 u2
9 #UP 153
482 #ES 9
154 #NS 0 u1
10 #UP 154
483 #ES 10
484 #EP #BD 37 9 483
485 #EA 6 9
486 #EC 77 9
487 #EA 486 79
488 #EA 487 18
489 #EA 488 6
490 #EP #BD 41 489 39
491 #EP #BI 120 18 490
492 #EP #BD 68 485 491
493 #EP #BI 23 484 492
494 #EP #BI 33 6 493
495 #EP #BI 10 482 494
155 #NS 77 rec
496 #EC 155 10 9
497 #EA 496 169
498 #EA 497 79
156 #NI 53 2055208596
157 #NS 156 _hygCtx
158 #NS 157 _hyg
159 #NI 158 17
160 #NI 158 16
499 #EA 486 285
500 #EA 499 169
501 #EA 500 6
502 #EA 169 9
503 #EL #BD 160 501 502
504 #EL #BD 159 169 503
505 #EA 498 504
506 #EA 505 20
507 #EA 506 9
508 #EA 507 6
509 #EL #BD 41 489 508
510 #EL #BI 120 18 509
511 #EL #BD 68 485 510
512 #EL #BI 23 484 511
513 #EL #BI 33 6 512
514 #EL #BI 10 482 513
#DEF 152 495 514 154 153
161 #NS 5 noConfusion
162 #NS 0 eq
515 #EC 77 1
516 #EA 515 3
517 #EA 516 9
518 #EA 517 6
519 #EC 145 2
520 #EA 519 18
521 #EA 520 20
522 #EA 521 9
523 #EP #BD 162 518 522
524 #EP #BI 147 3 523
525 #EP #BI 24 3 524
526 #EP #BI 146 15 525
527 #EC 152 2 1
528 #EA 527 3
529 #EA 528 20
530 #EA 519 79
531 #EA 530 18
532 #EA 531 6
533 #EL #BI 147 3 532
534 #EA 529 533
535 #EC 122 2
536 #EA 530 6
537 #EA 536 6
538 #EL #BI 24 3 537
539 #EA 535 538
540 #EA 539 20
163 #NS 0 k
541 #EL #BD 163 18 6
542 #EA 540 541
543 #EA 542 541
544 #EA 534 543
545 #EA 544 9
546 #EA 545 6
547 #EL #BD 162 518 546
548 #EL #BI 147 3 547
549 #EL #BI 24 3 548
550 #EL #BI 146 15 549
#DEF 161 526 550 11
551 #EA 119 518
552 #EP #BD 120 3 551
553 #EP #BD 33 3 552
554 #EC 128 1
555 #EL #BD 141 3 551
556 #EL #BD 134 3 555
557 #EA 554 556
558 #EA 557 9
559 #EA 558 6
560 #EA 516 345
561 #EA 560 345
562 #EA 134 561
563 #EC 144 1
564 #EA 563 3
565 #EA 564 345
566 #EA 562 565
567 #EL #BD 142 396 566
568 #EA 559 567
569 #EA 560 340
570 #EA 129 569
571 #EC 161 0
572 #EA 571 114
573 #EA 572 345
574 #EA 573 340
575 #EA 574 6
576 #EL #BD 41 569 575
577 #EA 570 576
578 #EL #BD 142 396 577
579 #EA 568 578
580 #EA 516 340
581 #EA 580 345
582 #EA 129 581
583 #EA 572 340
584 #EA 583 345
585 #EA 584 6
586 #EL #BD 41 581 585
587 #EA 582 586
588 #EL #BD 142 396 587
589 #EA 579 588
590 #EA 580 340
591 #EA 134 590
592 #EA 564 340
593 #EA 591 592
594 #EL #BD 142 396 593
595 #EA 589 594
596 #EL #BD 120 3 595
597 #EL #BD 33 3 596
#DEF 127 553 597 
164 #NS 0 instDecidableEqBool
598 #EC 119 1
599 #EA 598 3
600 #EC 127 
#DEF 164 599 600 
165 #NS 0 OfNat
166 #NS 165 mk
167 #NI 53 1822880135
168 #NS 167 _hygCtx
169 #NS 168 _hyg
170 #NI 169 3
171 #NS 0 ofNat
601 #EC 165 2
602 #EA 601 20
603 #EA 602 9
604 #EP #BD 171 9 603
605 #EP #BI 170 0 604
606 #EP #BI 10 4 605
607 #EP #BD 170 0 4
608 #EP #BD 10 4 607
#IND 2 165 608 1 166 606 11
172 #NS 165 ofNat
609 #EA 601 9
610 #EA 609 6
611 #EP #BC 64 610 20
612 #EP #BD 170 0 611
613 #EP #BI 10 4 612
614 #EJ 165 0 6
615 #EL #BC 64 610 614
616 #EL #BD 170 0 615
617 #EL #BD 10 4 616
#DEF 172 613 617 11
173 #NS 0 instOfNatNat
618 #EC 165 0
619 #EA 618 0
620 #EA 619 6
621 #EP #BD 4 0 620
622 #EC 166 0
623 #EA 622 0
624 #EA 623 6
625 #EA 624 6
626 #EL #BD 4 0 625
#DEF 173 621 626 
174 #NS 31 elim
175 #NS 0 C
627 #EP #BD 41 114 9
628 #EP #BI 175 15 627
176 #NS 31 rec
629 #EC 176 2
177 #NI 53 2135250726
178 #NS 177 _hygCtx
179 #NS 178 _hyg
180 #NI 179 6
630 #EL #BD 180 114 20
631 #EA 629 630
632 #EA 631 6
633 #EL #BD 41 114 632
634 #EL #BI 175 15 633
#DEF 174 628 634 11
181 #NS 77 casesOn
635 #EA 250 20
636 #EA 635 9
637 #EA 636 6
638 #EP #BD 24 637 15
639 #EP #BD 37 9 638
640 #EA 250 18
641 #EA 640 20
642 #EA 641 6
182 #NS 0 refl
643 #EC 78 8
644 #EA 643 79
645 #EA 644 18
646 #EA 304 645
647 #EA 139 9
648 #EP #BD 182 646 647
649 #EP #BD 24 642 648
650 #EP #BI 37 20 649
651 #EP #BI 23 639 650
652 #EP #BI 37 6 651
653 #EP #BI 10 249 652
654 #EC 155 2 8
655 #EA 654 169
656 #EA 655 79
657 #EA 656 18
658 #EA 657 6
659 #EA 658 20
660 #EA 659 9
661 #EL #BD 182 646 660
662 #EL #BD 24 642 661
663 #EL #BI 37 20 662
664 #EL #BI 23 639 663
665 #EL #BI 37 6 664
666 #EL #BI 10 249 665
#DEF 181 653 666 11 79
183 #NS 0 HEq
184 #NS 183 refl
667 #EC 183 2
668 #EA 667 9
669 #EA 668 6
670 #EA 669 9
671 #EA 670 6
672 #EP #BD 33 6 671
673 #EP #BI 10 15 672
674 #EP #BD 37 6 112
675 #EP #BI 18 15 674
676 #EP #BD 37 6 675
677 #EP #BI 10 15 676
#IND 2 183 677 1 184 673 11
185 #NS 0 True
186 #NS 185 intro
678 #EC 185 
#IND 0 185 112 1 186 678 
187 #NS 1 beq
188 #NS 187 match_1
189 #NI 53 2408276647
190 #NS 189 _hygCtx
191 #NI 190 13
192 #NS 191 Init
193 #NS 192 Prelude
194 #NI 193 2408276647
195 #NS 194 _hygCtx
196 #NS 195 _hyg
197 #NI 196 32
198 #NI 190 14
199 #NS 198 Init
200 #NS 199 Prelude
201 #NI 200 2408276647
202 #NS 201 _hygCtx
203 #NS 202 _hyg
204 #NI 203 35
679 #EA 279 69
680 #EP #BD 142 396 679
205 #NI 107 2408276647
206 #NS 205 _hygCtx
207 #NS 206 _hyg
208 #NI 207 53
681 #EA 79 69
682 #EA 681 258
683 #EP #BD 208 0 682
209 #NI 207 65
684 #EA 169 258
685 #EA 684 69
686 #EP #BD 209 0 685
687 #EA 307 258
688 #EP #BD 68 0 687
689 #EP #BD 4 0 688
690 #EP #BD 143 689 413
691 #EP #BD 112 686 690
692 #EP #BD 104 683 691
693 #EP #BD 101 680 692
694 #EP #BD 204 0 693
695 #EP #BD 197 0 694
696 #EP #BD 23 278 695
697 #EL #BD 50 0 423
698 #EA 298 697
699 #EA 698 169
700 #EA 306 69
701 #EA 700 6
702 #EL #BD 50 0 701
703 #EA 298 702
704 #EA 703 79
705 #EA 704 433
210 #NI 207 91
706 #EL #BD 210 0 61
707 #EA 705 706
708 #EA 699 707
211 #NI 207 90
709 #EV 8
710 #EA 709 81
711 #EA 710 6
712 #EL #BD 50 0 711
713 #EA 298 712
714 #EA 713 169
715 #EA 714 149
716 #EA 715 314
717 #EL #BD 211 0 716
718 #EA 708 717
719 #EL #BD 143 689 718
720 #EL #BD 112 686 719
721 #EL #BD 104 683 720
722 #EL #BD 101 680 721
723 #EL #BD 204 0 722
724 #EL #BD 197 0 723
725 #EL #BD 23 278 724
#DEF 188 696 725 79
212 #NS 187 _f
213 #NS 190 _hyg
214 #NI 213 13
215 #NI 213 14
726 #EC 188 1
727 #EA 726 335
728 #EA 727 20
729 #EA 728 6
730 #EL #BD 142 396 341
731 #EA 729 730
216 #NI 213 93
732 #EL #BD 216 339 345
733 #EL #BD 208 0 732
734 #EA 731 733
735 #EA 734 347
736 #EA 735 354
737 #EA 736 9
738 #EL #BD 215 0 737
739 #EL #BD 30 328 738
740 #EL #BD 214 0 739
#DEF 212 330 740 
741 #EC 212 
742 #EA 364 741
743 #EA 742 6
744 #EL #BD 215 0 743
745 #EL #BD 214 0 744
#DEF 187 361 745 
217 #NS 0 _private
218 #NS 217 Init
219 #NS 218 Prelude
220 #NI 219 0
221 #NS 220 noConfusion_of_Nat
222 #NS 221 aux
223 #NS 222 match_1_1
224 #NI 53 3715277255
225 #NS 224 _hygCtx
226 #NI 225 13
227 #NS 226 Init
228 #NS 227 Prelude
229 #NI 228 3715277255
230 #NS 229 _hygCtx
231 #NS 230 _hyg
232 #NI 231 24
746 #EP #BD 142 396 70
747 #EP #BD 101 746 261
748 #EP #BD 232 0 747
749 #EP #BD 23 208 748
750 #EC 80 0
751 #EL #BD 50 0 268
752 #EA 750 751
753 #EA 752 20
754 #EA 753 443
233 #NI 107 3715277255
234 #NS 233 _hygCtx
235 #NS 234 _hyg
236 #NI 235 39
755 #EL #BD 236 0 152
756 #EA 754 755
757 #EL #BD 104 260 756
758 #EL #BD 101 746 757
759 #EL #BD 232 0 758
760 #EL #BD 23 208 759
#DEF 223 749 760 
237 #NS 222 _f
238 #NS 225 _hyg
239 #NI 238 13
761 #EC 22 0
762 #EC 125 1
240 #NI 238 10
763 #EL #BD 240 3 112
764 #EA 762 763
765 #EA 764 114
766 #EA 765 678
767 #EC 187 
768 #EA 767 6
769 #EA 768 6
770 #EA 766 769
771 #EL #BD 239 0 770
772 #EA 761 771
773 #EA 772 6
774 #EA 767 9
775 #EA 774 9
776 #EA 766 775
777 #EP #BD 30 773 776
778 #EP #BD 239 0 777
779 #EC 223 
780 #EL #BD 232 0 777
781 #EA 779 780
782 #EA 781 9
241 #NI 238 40
783 #EA 772 69
784 #EC 186 
785 #EL #BD 241 783 784
786 #EL #BD 142 396 785
787 #EA 782 786
788 #EA 772 258
789 #EL #BD 241 788 350
790 #EL #BD 4 0 789
791 #EA 787 790
792 #EA 791 6
793 #EL #BD 30 773 792
794 #EL #BD 239 0 793
#DEF 237 778 794 
795 #EP #BD 33 0 770
796 #EC 27 0
797 #EA 796 771
798 #EA 797 6
799 #EC 237 
800 #EA 798 799
801 #EL #BD 239 0 800
#DEF 222 795 801 
242 #NS 0 congrArg
243 #NS 0 a₁
244 #NS 0 a₂
802 #EP #BD 37 18 18
803 #EA 371 79
804 #EA 803 20
805 #EA 804 9
806 #EC 77 4
807 #EA 806 79
808 #EA 9 18
809 #EA 807 808
810 #EA 9 20
811 #EA 809 810
812 #EP #BD 41 805 811
813 #EP #BD 30 802 812
814 #EP #BI 244 20 813
815 #EP #BI 243 9 814
816 #EP #BI 18 16 815
817 #EP #BI 10 15 816
818 #EC 155 0 2
819 #EA 818 169
820 #EA 819 18
245 #NI 53 2375064143
246 #NS 245 _hygCtx
247 #NS 246 _hyg
248 #NI 247 24
249 #NS 41 _@
250 #NS 249 Init
251 #NS 250 Prelude
252 #NI 251 2375064143
253 #NS 252 _hygCtx
254 #NS 253 _hyg
255 #NI 254 25
821 #EA 371 285
822 #EA 821 79
823 #EA 822 6
824 #EA 806 285
825 #EA 18 169
826 #EA 824 825
827 #EA 826 39
828 #EL #BD 255 823 827
829 #EL #BD 248 169 828
830 #EA 820 829
831 #EC 144 4
832 #EA 831 79
833 #EA 832 808
834 #EA 830 833
835 #EA 834 20
836 #EA 835 6
837 #EL #BD 41 805 836
838 #EL #BD 30 802 837
839 #EL #BI 244 20 838
840 #EL #BI 243 9 839
841 #EL #BI 18 16 840
842 #EL #BI 10 15 841
#DEF 242 817 842 11 19
256 #NS 0 noConfusion_of_Nat
843 #EP #BD 37 6 0
844 #EA 371 18
845 #EA 844 9
846 #EA 845 6
847 #EA 767 139
848 #EA 847 39
849 #EA 766 848
850 #EP #BD 41 846 849
851 #EP #BI 120 20 850
852 #EP #BI 33 9 851
853 #EP #BD 30 843 852
854 #EP #BI 10 15 853
855 #EC 155 0 1
856 #EA 855 0
857 #EA 856 139
257 #NI 53 3843949109
258 #NS 257 _hygCtx
259 #NS 258 _hyg
260 #NI 259 35
261 #NI 251 3843949109
262 #NS 261 _hygCtx
263 #NS 262 _hyg
264 #NI 263 36
858 #EA 515 0
859 #EA 79 18
860 #EA 858 859
861 #EA 860 6
862 #EA 767 290
863 #EA 862 9
864 #EA 766 863
865 #EL #BD 264 861 864
866 #EL #BD 260 0 865
867 #EA 857 866
868 #EC 222 
869 #EA 868 139
870 #EA 867 869
871 #EA 870 39
872 #EC 242 2 1
873 #EA 872 79
874 #EA 873 0
875 #EA 874 20
876 #EA 875 9
877 #EA 876 18
878 #EA 877 6
879 #EA 871 878
880 #EL #BD 41 846 879
881 #EL #BI 120 20 880
882 #EL #BI 33 9 881
883 #EL #BD 30 843 882
884 #EL #BI 10 15 883
#DEF 256 854 884 11
265 #NS 5 ctorIdx
266 #NI 53 2068713569
267 #NS 266 _hygCtx
268 #NS 267 _hyg
269 #NI 268 3
885 #EP #BD 269 3 0
886 #EC 122 1
887 #EL #BD 50 3 0
888 #EA 886 887
889 #EA 888 6
890 #ELN 0
891 #EA 889 890
892 #ELN 1
893 #EA 891 892
894 #EL #BD 50 3 893
#DEF 265 885 894 
270 #NS 220 Nat
271 #NS 270 le_of_ble_eq_true
272 #NS 271 match_1_1
273 #NI 107 3694838799
274 #NS 273 _hygCtx
275 #NS 274 _hyg
276 #NI 275 27
277 #NS 68 _@
278 #NS 277 Init
279 #NS 278 Prelude
280 #NI 279 3694838799
281 #NS 280 _hygCtx
282 #NS 281 _hyg
283 #NI 282 29
895 #EC 83 
896 #EA 895 9
897 #EA 896 6
898 #EA 516 897
899 #EA 898 340
900 #EP #BD 41 899 112
901 #EP #BD 283 0 900
902 #EP #BD 276 0 901
284 #NI 53 3694838799
285 #NS 284 _hygCtx
286 #NS 285 _hyg
287 #NI 286 43
903 #EC 172 0
904 #EA 903 0
905 #EA 904 890
906 #EC 173 
907 #EA 906 890
908 #EA 905 907
909 #EA 895 908
910 #EA 909 6
911 #EA 516 910
912 #EA 911 340
913 #EA 169 908
914 #EA 913 9
915 #EA 914 6
916 #EP #BD 41 912 915
917 #EP #BD 287 0 916
288 #NI 275 59
289 #NI 275 58
918 #EA 895 81
919 #EA 918 258
920 #EA 516 919
921 #EA 920 340
922 #EA 80 20
923 #EA 306 922
924 #EA 923 81
925 #EA 924 6
926 #EP #BD 41 921 925
927 #EP #BD 289 0 926
928 #EP #BD 288 0 927
929 #EA 291 20
930 #EP #BD 104 928 929
931 #EP #BD 101 917 930
932 #EP #BD 41 899 931
933 #EP #BD 283 0 932
934 #EP #BD 276 0 933
935 #EP #BD 23 902 934
936 #EA 895 6
937 #EA 936 79
938 #EA 516 937
939 #EA 938 340
940 #EA 306 9
941 #EA 940 169
942 #EA 941 6
943 #EP #BD 41 939 942
944 #EL #BD 50 0 943
945 #EA 750 944
946 #EA 945 79
947 #EA 895 69
948 #EA 947 18
949 #EA 516 948
950 #EA 949 340
951 #EA 20 79
952 #EA 951 6
953 #EL #BD 41 950 952
954 #EA 946 953
290 #NI 275 71
955 #EA 895 258
956 #EA 955 79
957 #EA 516 956
958 #EA 957 340
959 #EA 895 922
960 #EA 959 6
961 #EA 516 960
962 #EA 961 340
963 #EV 9
964 #EA 80 18
965 #EA 963 964
966 #EA 965 9
967 #EA 966 6
968 #EP #BD 41 962 967
969 #EL #BD 50 0 968
970 #EA 750 969
971 #EA 970 169
972 #EA 918 69
973 #EA 516 972
974 #EA 973 340
975 #EC 174 0
976 #EA 709 922
977 #EA 976 69
978 #EA 977 6
979 #EA 975 978
980 #EC 181 0 1
981 #EA 980 3
982 #EA 959 69
983 #EA 981 982
984 #EA 895 964
985 #EA 984 69
986 #EA 516 985
987 #EA 986 6
988 #EA 580 9
989 #EC 183 0
990 #EA 80 169
991 #EA 895 990
992 #EA 991 69
993 #EA 516 992
994 #EA 993 340
995 #EA 989 994
996 #EA 995 18
997 #EA 993 20
998 #EA 996 997
999 #EA 998 9
1000 #EP #BD 41 999 114
1001 #EP #BD 41 988 1000
1002 #EL #BD 50 987 1001
1003 #EL #BD 37 3 1002
1004 #EA 983 1003
1005 #EA 1004 340
1006 #EA 1005 6
291 #NI 251 3694838799
292 #NS 291 _hygCtx
293 #NS 292 _hyg
294 #NI 293 73
1007 #EA 580 982
1008 #EA 986 340
1009 #EA 989 1008
1010 #EA 1009 9
1011 #EA 986 985
1012 #EA 1010 1011
1013 #EC 78 1
1014 #EA 1013 3
1015 #EA 1014 985
1016 #EA 1012 1015
1017 #EP #BD 41 1016 114
1018 #EA 975 1017
1019 #EC 256 1
1020 #EA 1019 3
1021 #EC 265 
1022 #EA 1020 1021
1023 #EA 1022 340
1024 #EA 1023 345
1025 #EA 1024 6
1026 #EA 1018 1025
1027 #EL #BD 294 1007 1026
1028 #EA 1006 1027
1029 #EA 1014 340
1030 #EA 1028 1029
1031 #EC 184 0
1032 #EA 516 982
1033 #EA 1032 340
1034 #EA 1031 1033
1035 #EA 1034 6
1036 #EA 1030 1035
1037 #EA 979 1036
1038 #EL #BD 41 974 1037
1039 #EA 971 1038
295 #NI 275 72
1040 #EA 959 258
1041 #EA 516 1040
1042 #EA 1041 340
1043 #EA 859 9
1044 #EA 1043 6
1045 #EL #BD 41 1042 1044
1046 #EL #BD 295 0 1045
1047 #EA 1039 1046
1048 #EA 1047 6
1049 #EL #BD 41 958 1048
1050 #EL #BD 290 0 1049
1051 #EA 954 1050
1052 #EA 1051 20
1053 #EL #BD 104 928 1052
1054 #EL #BD 101 917 1053
1055 #EL #BD 41 899 1054
1056 #EL #BD 283 0 1055
1057 #EL #BD 276 0 1056
1058 #EL #BD 23 902 1057
#DEF 272 935 1058 
296 #NS 270 zero_le
297 #NS 296 match_1_1
#DEF 297 749 760 
298 #NS 1 zero_le
299 #NS 298 _f
300 #NI 53 800929555
301 #NS 300 _hygCtx
302 #NS 301 _hyg
303 #NI 302 7
1059 #EC 74 0
1060 #EA 1059 0
1061 #EC 75 
1062 #EA 1060 1061
1063 #EA 1062 908
1064 #EA 1063 6
1065 #EL #BD 303 0 1064
1066 #EA 761 1065
1067 #EA 1066 6
1068 #EA 1063 9
1069 #EP #BD 30 1067 1068
1070 #EP #BD 303 0 1069
1071 #EC 297 
304 #NI 301 7
305 #NS 304 Init
306 #NS 305 Prelude
307 #NI 306 800929555
308 #NS 307 _hygCtx
309 #NS 308 _hyg
310 #NI 309 18
1072 #EL #BD 310 0 1069
1073 #EA 1071 1072
1074 #EA 1073 9
311 #NI 302 37
1075 #EA 1066 69
1076 #EC 66 
1077 #EA 1076 908
1078 #EL #BD 311 1075 1077
1079 #EL #BD 142 396 1078
1080 #EA 1074 1079
1081 #EA 1066 258
1082 #EC 67 
1083 #EA 1082 908
1084 #EA 1083 9
1085 #EA 1084 350
1086 #EL #BD 311 1081 1085
1087 #EL #BD 4 0 1086
1088 #EA 1080 1087
1089 #EA 1088 6
1090 #EL #BD 30 1067 1089
1091 #EL #BD 303 0 1090
#DEF 299 1070 1091 
1092 #EP #BD 4 0 1064
1093 #EA 796 1065
1094 #EA 1093 6
1095 #EC 299 
1096 #EA 1094 1095
1097 #EL #BD 303 0 1096
#DEF 298 1092 1097 
312 #NS 65 below
313 #NS 312 refl
1098 #EP #BD 24 202 112
1099 #EP #BD 37 0 1098
1100 #EC 312 
1101 #EA 1100 9
1102 #EA 1101 6
1103 #EA 1102 9
1104 #EA 1076 9
1105 #EA 1103 1104
1106 #EP #BI 23 1099 1105
1107 #EP #BI 4 0 1106
314 #NS 312 step
1108 #EA 203 6
315 #NS 0 ih
316 #NS 315 _@
317 #NS 316 Init
318 #NS 317 Prelude
319 #NI 318 3619057954
320 #NS 319 _hygCtx
321 #NS 320 _hyg
322 #NI 321 20
1109 #EA 1100 18
1110 #EA 1109 20
1111 #EA 1110 9
1112 #EA 1111 6
323 #NS 0 a_ih
324 #NS 323 _@
325 #NS 324 _internal
326 #NS 325 _hyg
327 #NI 326 0
1113 #EA 1100 169
1114 #EA 1113 79
1115 #EA 1114 964
1116 #EA 1082 169
1117 #EA 1116 18
1118 #EA 1117 20
1119 #EA 1115 1118
1120 #EP #BD 327 647 1119
1121 #EP #BD 322 1112 1120
1122 #EP #BD 37 1108 1121
1123 #EP #BI 68 0 1122
1124 #EP #BI 23 1099 1123
1125 #EP #BI 4 0 1124
1126 #EP #BD 24 1108 112
1127 #EP #BI 37 0 1126
1128 #EP #BI 23 1099 1127
1129 #EP #BI 4 0 1128
#IND 2 312 1129 2 313 1107 314 1125 
328 #NS 65 brecOn
1130 #EA 197 79
1131 #EA 1130 6
329 #NI 53 3619057954
330 #NS 329 _hygCtx
331 #NS 330 _hyg
332 #NI 331 21
1132 #EA 1114 9
1133 #EA 1132 6
1134 #EA 169 20
1135 #EA 1134 9
1136 #EP #BD 332 1133 1135
1137 #EP #BD 24 1131 1136
1138 #EP #BD 37 0 1137
1139 #EP #BD 29 1138 647
1140 #EP #BD 24 1108 1139
1141 #EP #BI 37 0 1140
1142 #EP #BI 23 1099 1141
1143 #EP #BI 4 0 1142
1144 #EA 6 20
1145 #EA 1144 9
333 #NS 65 rec
1146 #EC 333 
1147 #EA 1146 79
1148 #EA 1100 79
1149 #EA 1148 18
1150 #EA 1147 1149
1151 #EC 313 
1152 #EA 1151 79
1153 #EA 1152 18
1154 #EA 1150 1153
1155 #EA 197 169
1156 #EA 1155 6
334 #NI 321 22
1157 #EA 1100 285
1158 #EA 1157 169
1159 #EA 1158 9
1160 #EA 1159 6
1161 #EC 314 
1162 #EA 1161 306
1163 #EA 1162 285
1164 #EA 1163 20
1165 #EA 1164 9
1166 #EA 1165 6
1167 #EA 647 6
1168 #EA 1166 1167
1169 #EL #BD 334 1160 1168
1170 #EL #BD 37 1156 1169
1171 #EL #BI 68 0 1170
1172 #EA 1154 1171
1173 #EA 1172 20
1174 #EA 1173 9
1175 #EA 1145 1174
1176 #EL #BD 29 1138 1175
1177 #EL #BD 24 1108 1176
1178 #EL #BI 37 0 1177
1179 #EL #BI 23 1099 1178
1180 #EL #BI 4 0 1179
#DEF 328 1143 1180 
335 #NS 312 casesOn
1181 #EP #BD 24 1112 112
1182 #EP #BD 24 1108 1181
1183 #EP #BI 37 0 1182
1184 #EA 197 18
1185 #EA 1184 6
1186 #EA 1149 9
1187 #EA 1186 6
1188 #EA 1076 169
1189 #EA 825 1188
1190 #EA 1151 169
1191 #EA 1190 79
1192 #EA 1189 1191
336 #NS 0 step
1193 #EA 197 306
1194 #EA 1193 6
1195 #EA 1100 709
1196 #EA 1195 306
1197 #EA 1196 9
1198 #EA 1197 6
1199 #EA 709 20
1200 #EA 1199 9
1201 #EA 709 964
1202 #EV 10
1203 #EA 1082 1202
1204 #EA 1203 18
1205 #EA 1204 20
1206 #EA 1201 1205
1207 #EA 1161 1202
1208 #EA 1207 963
1209 #EA 1208 18
1210 #EA 1209 20
1211 #EA 1210 9
1212 #EA 1211 6
1213 #EA 1206 1212
1214 #EP #BD 327 1200 1213
1215 #EP #BD 322 1198 1214
1216 #EP #BD 37 1194 1215
1217 #EP #BI 68 0 1216
1218 #EP #BD 336 1217 929
1219 #EP #BD 182 1192 1218
1220 #EP #BD 24 1187 1219
1221 #EP #BI 24 1185 1220
1222 #EP #BI 37 0 1221
1223 #EP #BI 23 1183 1222
1224 #EP #BI 23 1099 1223
1225 #EP #BI 4 0 1224
337 #NS 312 rec
1226 #EC 337 
1227 #EA 1226 306
1228 #EA 1227 285
1229 #EA 1228 169
1230 #EA 1229 9
1231 #EA 197 709
1232 #EA 1231 6
1233 #EA 1100 963
1234 #EA 1233 709
1235 #EA 1234 9
1236 #EA 1235 6
1237 #EA 963 20
1238 #EA 1237 9
338 #NS 0 ih_ih
339 #NS 338 _@
340 #NS 339 Init
341 #NS 340 Prelude
342 #NI 341 3619057954
343 #NS 342 _hygCtx
344 #NS 343 _hyg
345 #NI 344 20
1239 #EA 963 18
1240 #EA 1239 20
1241 #EA 1240 9
1242 #EA 929 9
1243 #EL #BD 345 1241 1242
1244 #EL #BD 327 1238 1243
1245 #EL #BD 322 1236 1244
1246 #EL #BD 37 1232 1245
1247 #EL #BI 68 0 1246
1248 #EA 1230 1247
1249 #EA 1248 79
1250 #EA 1249 18
1251 #EA 1250 20
1252 #EL #BD 336 1217 1251
1253 #EL #BD 182 1192 1252
1254 #EL #BD 24 1187 1253
1255 #EL #BI 24 1185 1254
1256 #EL #BI 37 0 1255
1257 #EL #BI 23 1183 1256
1258 #EL #BI 23 1099 1257
1259 #EL #BI 4 0 1258
#DEF 335 1225 1259 
346 #NS 77 symm
1260 #EA 845 20
1261 #EP #BD 41 374 1260
1262 #EP #BI 120 9 1261
1263 #EP #BI 33 6 1262
1264 #EP #BI 10 15 1263
1265 #EA 818 18
1266 #EA 1265 20
347 #NI 53 2345006592
348 #NS 347 _hygCtx
349 #NS 348 _hyg
350 #NI 349 14
351 #NI 251 2345006592
352 #NS 351 _hygCtx
353 #NS 352 _hyg
354 #NI 353 15
1267 #EA 803 18
1268 #EA 1267 6
1269 #EA 371 169
1270 #EA 1269 9
1271 #EA 1270 79
1272 #EL #BD 354 1268 1271
1273 #EL #BD 350 18 1272
1274 #EA 1266 1273
1275 #EC 144 2
1276 #EA 1275 18
1277 #EA 1276 20
1278 #EA 1274 1277
1279 #EA 1278 9
1280 #EA 1279 6
1281 #EL #BD 41 374 1280
1282 #EL #BI 120 9 1281
1283 #EL #BI 33 6 1282
1284 #EL #BI 10 15 1283
#DEF 346 1264 1284 11
355 #NS 0 cast
1285 #EC 77 3
1286 #EA 1285 15
1287 #EA 1286 9
1288 #EA 1287 6
1289 #EP #BD 33 20 20
1290 #EP #BD 41 1288 1289
1291 #EP #BI 18 15 1290
1292 #EP #BI 10 15 1291
1293 #EC 155 2 3
1294 #EA 1293 15
1295 #EA 1294 18
356 #NI 53 135197979
357 #NS 356 _hygCtx
358 #NS 357 _hyg
359 #NI 358 11
360 #NI 358 10
1296 #EA 1286 79
1297 #EA 1296 6
1298 #EL #BD 360 1297 9
1299 #EL #BD 359 15 1298
1300 #EA 1295 1299
1301 #EA 1300 6
1302 #EA 1301 20
1303 #EA 1302 9
1304 #EL #BD 33 20 1303
1305 #EL #BD 41 1288 1304
1306 #EL #BI 18 15 1305
1307 #EL #BI 10 15 1306
#DEF 355 1292 1307 11
361 #NS 0 eq_of_heq
362 #NS 0 a'
1308 #EA 667 20
1309 #EA 1308 9
1310 #EA 1309 20
1311 #EA 1310 6
1312 #EA 844 20
1313 #EA 1312 9
1314 #EP #BD 41 1311 1313
1315 #EP #BI 362 9 1314
1316 #EP #BI 33 6 1315
1317 #EP #BI 10 15 1316
363 #NS 0 this
1318 #EA 667 18
1319 #EA 1318 9
1320 #EA 1319 20
1321 #EA 1320 6
1322 #EA 1296 18
1323 #EC 355 2
1324 #EA 1323 169
1325 #EA 1324 79
1326 #EA 1325 6
1327 #EA 1326 18
1328 #EA 803 1327
1329 #EA 1328 20
1330 #EP #BD 41 1322 1329
1331 #EP #BD 37 1321 1330
1332 #EP #BD 120 9 1331
1333 #EP #BD 33 9 1332
1334 #EP #BD 18 15 1333
1335 #EP #BD 10 15 1334
364 #NI 53 2174674562
365 #NS 364 _hygCtx
366 #NS 365 _hyg
367 #NI 366 36
368 #NI 366 38
369 #NI 366 40
370 #NI 366 42
371 #NS 0 h₁
372 #NS 183 rec
1336 #EC 372 0 2
1337 #EA 1336 79
1338 #EA 1337 20
373 #NI 366 48
374 #NI 366 47
375 #NI 366 46
1339 #EA 667 285
1340 #EA 1339 79
1341 #EA 1340 9
1342 #EA 1341 6
1343 #EA 1286 306
1344 #EA 1343 20
1345 #EA 1323 709
1346 #EA 1345 18
1347 #EA 1346 6
1348 #EA 1347 285
1349 #EA 844 1348
1350 #EA 1349 20
1351 #EP #BD 41 1344 1350
1352 #EL #BD 375 1342 1351
1353 #EL #BD 374 6 1352
1354 #EL #BD 373 15 1353
1355 #EA 1338 1354
376 #NI 366 60
1356 #EA 1296 79
1357 #EA 1275 169
1358 #EA 1324 169
1359 #EA 1358 6
1360 #EA 1359 18
1361 #EA 1357 1360
1362 #EL #BD 376 1356 1361
1363 #EA 1355 1362
1364 #EA 1363 18
1365 #EA 1364 9
1366 #EA 1365 6
1367 #EL #BD 371 1321 1366
1368 #EL #BD 370 9 1367
1369 #EL #BD 369 9 1368
1370 #EL #BD 368 15 1369
1371 #EL #BD 367 15 1370
1372 #EA 6 79
1373 #EA 1372 79
1374 #EA 1373 18
1375 #EA 1374 20
1376 #EA 1375 9
1377 #EC 144 3
1378 #EA 1377 15
1379 #EA 1378 79
1380 #EA 1376 1379
1381 #EZ 363 1335 1371 1380
1382 #EL #BD 41 1311 1381
1383 #EL #BI 362 9 1382
1384 #EL #BI 33 6 1383
1385 #EL #BI 10 15 1384
#DEF 361 1317 1385 11
377 #NS 270 succ_le_succ
378 #NS 377 match_1_7
379 #NS 0 funType_1
380 #NI 53 2965355525
381 #NS 380 _hygCtx
382 #NS 381 _hyg
383 #NI 382 22
1386 #EA 1062 9
1387 #EA 1386 6
1388 #EP #BD 383 1387 112
1389 #EP #BI 68 0 1388
384 #NI 279 2965355525
385 #NS 384 _hygCtx
386 #NS 385 _hyg
387 #NI 386 39
388 #NI 381 22
389 #NS 388 Init
390 #NS 389 Prelude
391 #NI 390 2965355525
392 #NS 391 _hygCtx
393 #NS 392 _hyg
394 #NI 393 33
1390 #EA 1062 20
1391 #EA 1390 6
395 #NS 0 below
1392 #EA 1062 79
1393 #EA 1392 6
1394 #EA 84 6
1395 #EL #BD 383 1393 1394
1396 #EL #BI 68 0 1395
1397 #EA 1109 1396
1398 #EA 1397 9
1399 #EA 1398 6
1400 #EP #BD 395 1399 112
1401 #EP #BD 394 1391 1400
1402 #EP #BD 387 0 1401
1403 #EA 1062 18
1404 #EA 1403 6
1405 #EA 1062 169
1406 #EA 1405 6
1407 #EA 502 6
1408 #EL #BD 383 1406 1407
1409 #EL #BI 68 0 1408
1410 #EA 1148 1409
1411 #EA 1410 9
1412 #EA 1411 6
1413 #EA 79 285
1414 #EA 1076 285
1415 #EA 1413 1414
1416 #EA 1151 285
1417 #EA 1062 306
1418 #EA 1417 6
1419 #EA 940 6
1420 #EL #BD 383 1418 1419
1421 #EL #BI 68 0 1420
1422 #EA 1416 1421
1423 #EA 1415 1422
1424 #EP #BD 142 396 1423
396 #NI 386 59
1425 #EA 1062 963
1426 #EA 1425 6
1427 #EA 963 9
1428 #EA 1427 6
1429 #EL #BD 383 1426 1428
1430 #EL #BI 68 0 1429
1431 #EA 1195 1430
1432 #EA 1431 9
1433 #EA 1432 6
1434 #EA 709 964
1435 #EA 1434 1205
1436 #EV 11
1437 #EA 1062 1436
1438 #EA 1437 6
1439 #EA 1436 9
1440 #EA 1439 6
1441 #EL #BD 383 1438 1440
1442 #EL #BI 68 0 1441
1443 #EA 1207 1442
1444 #EA 1443 18
1445 #EA 1444 20
1446 #EA 1445 9
1447 #EA 1446 6
1448 #EA 1435 1447
1449 #EP #BD 327 1200 1448
1450 #EP #BD 322 1433 1449
1451 #EP #BD 41 1194 1450
1452 #EP #BD 396 0 1451
1453 #EP #BD 104 1452 929
1454 #EP #BD 101 1424 1453
1455 #EP #BD 395 1412 1454
1456 #EP #BD 394 1404 1455
1457 #EP #BD 387 0 1456
1458 #EP #BD 23 1402 1457
1459 #EP #BD 379 1389 1458
1460 #EP #BI 4 0 1459
1461 #EC 335 
1462 #EA 1461 306
1463 #EA 1062 709
1464 #EA 1463 6
1465 #EA 709 9
1466 #EA 1465 6
1467 #EL #BD 383 1464 1466
1468 #EL #BI 68 0 1467
1469 #EA 1462 1468
1470 #EA 1062 1202
1471 #EA 1470 6
1472 #EA 1202 9
1473 #EA 1472 6
1474 #EL #BD 383 1471 1473
1475 #EL #BI 68 0 1474
1476 #EA 1233 1475
1477 #EA 1476 9
1478 #EA 1477 6
1479 #EA 858 306
1480 #EA 1479 20
1481 #EA 1437 709
1482 #EA 989 1481
1483 #EA 1482 306
1484 #EA 197 1436
1485 #EA 1484 18
1486 #EA 1483 1485
1487 #EA 1486 20
1488 #EV 12
1489 #EA 1100 1488
1490 #EV 13
1491 #EA 1062 1490
1492 #EA 1491 6
1493 #EA 1490 9
1494 #EA 1493 6
1495 #EL #BD 383 1492 1494
1496 #EL #BI 68 0 1495
1497 #EA 1489 1496
1498 #EA 1497 963
1499 #EA 1498 709
1500 #EA 989 1499
1501 #EA 1500 306
1502 #EA 1497 79
1503 #EA 1502 18
1504 #EA 1501 1503
1505 #EA 1504 20
1506 #EA 1436 1202
1507 #EA 1506 963
1508 #EA 1507 709
1509 #EP #BD 41 1505 1508
1510 #EP #BD 41 1487 1509
1511 #EP #BD 41 1480 1510
1512 #EL #BD 50 1478 1511
1513 #EL #BD 24 1232 1512
1514 #EL #BI 37 0 1513
1515 #EA 1469 1514
1516 #EA 1515 79
1517 #EA 1516 18
1518 #EA 1517 20
397 #NI 251 2965355525
398 #NS 397 _hygCtx
399 #NS 398 _hyg
400 #NI 399 88
1519 #EA 858 79
1520 #EA 1519 306
1521 #EC 152 0 1
1522 #EA 1521 0
1523 #EA 1522 709
1524 #EA 1100 1202
1525 #EA 1524 1442
1526 #EA 1525 9
1527 #EA 1526 6
1528 #EA 1437 20
1529 #EA 989 1528
1530 #EA 1529 9
1531 #EA 1484 1436
1532 #EA 1530 1531
1533 #EA 1076 1436
1534 #EA 1532 1533
1535 #EA 1497 18
1536 #EA 1535 20
1537 #EA 989 1536
1538 #EA 1537 9
1539 #EA 1497 1488
1540 #EA 1076 1488
1541 #EA 1539 1540
1542 #EA 1538 1541
1543 #EA 1151 1488
1544 #EA 1543 1496
1545 #EA 1542 1544
1546 #EA 1436 79
1547 #EA 1546 18
1548 #EA 1547 20
1549 #EP #BD 41 1545 1548
1550 #EP #BD 41 1534 1549
1551 #EP #BD 395 1527 1550
1552 #EP #BD 394 1426 1551
1553 #EL #BD 387 0 1552
1554 #EA 1523 1553
1555 #EA 1463 709
1556 #EA 1476 963
1557 #EA 1556 6
401 #NI 399 89
1558 #EA 1470 1202
1559 #EA 989 1558
1560 #EA 1559 9
1561 #EA 197 1202
1562 #EA 1561 1202
1563 #EA 1560 1562
1564 #EA 1076 1202
1565 #EA 1563 1564
1566 #EC 152 0 0
1567 #EA 1437 1436
1568 #EA 1566 1567
1569 #EA 1568 1533
1570 #EA 1539 6
1571 #EA 1100 1490
1572 #EV 14
1573 #EA 1062 1572
1574 #EA 1573 6
1575 #EA 1572 9
1576 #EA 1575 6
1577 #EL #BD 383 1574 1576
1578 #EL #BI 68 0 1577
1579 #EA 1571 1578
1580 #EA 1579 1490
1581 #EA 1580 9
1582 #EA 989 1581
1583 #EA 1582 6
1584 #EA 1076 1490
1585 #EA 1580 1584
1586 #EA 1583 1585
1587 #EA 1151 1490
1588 #EA 1587 1578
1589 #EA 1586 1588
1590 #EA 1488 1572
1591 #EA 1590 20
1592 #EA 1591 9
1593 #EP #BD 41 1589 1592
1594 #EP #BD 395 1570 1593
1595 #EL #BD 394 1567 1594
1596 #EA 1569 1595
1597 #EA 1100 1436
1598 #EA 1062 1488
1599 #EA 1598 6
1600 #EA 1488 9
1601 #EA 1600 6
1602 #EL #BD 383 1599 1601
1603 #EL #BI 68 0 1602
1604 #EA 1597 1603
1605 #EA 1604 1436
1606 #EA 1605 1533
402 #NI 399 91
1607 #EA 989 1541
1608 #EA 1607 6
1609 #EA 1608 1541
1610 #EA 1609 1544
1611 #EA 1566 1585
1612 #EA 1611 1588
1613 #EA 1076 1572
1614 #EA 1590 1613
1615 #EA 1614 6
1616 #EL #BD 395 1585 1615
1617 #EA 1612 1616
1618 #EA 306 432
1619 #EA 1617 1618
1620 #EA 1619 9
1621 #EC 346 0
1622 #EA 1621 1585
1623 #EA 1622 9
1624 #EA 1623 1588
1625 #EC 361 0
1626 #EA 1625 1585
1627 #EA 1626 9
1628 #EA 1627 1588
1629 #EA 1628 6
1630 #EA 1624 1629
1631 #EA 1620 1630
1632 #EL #BD 402 1610 1631
1633 #EL #BD 395 1606 1632
1634 #EA 1596 1633
1635 #EA 1634 20
1636 #EA 1621 1567
1637 #EA 1636 20
1638 #EA 1637 1533
1639 #EA 1625 1567
1640 #EA 1639 20
1641 #EA 1640 1533
1642 #EA 1641 6
1643 #EA 1638 1642
1644 #EA 1635 1643
1645 #EA 1644 9
1646 #EL #BD 401 1565 1645
1647 #EL #BD 395 1557 1646
1648 #EL #BD 394 1555 1647
1649 #EA 1554 1648
1650 #EA 1649 169
1651 #EC 346 1
1652 #EA 1651 0
1653 #EA 1652 169
1654 #EA 1653 709
1655 #EA 1654 6
1656 #EA 1650 1655
1657 #EA 1656 79
1658 #EA 1657 18
1659 #EL #BD 400 1520 1658
1660 #EA 1518 1659
403 #NI 386 84
404 #NI 35 0
405 #NS 404 Init
406 #NS 405 Prelude
407 #NI 406 2965355525
408 #NS 407 _hygCtx
409 #NS 408 _hyg
410 #NI 409 85
411 #NI 320 20
412 #NS 411 Init
413 #NS 412 Prelude
414 #NI 413 2965355525
415 #NS 414 _hygCtx
416 #NS 415 _hyg
417 #NI 416 86
418 #NI 325 0
419 #NS 418 Init
420 #NS 419 Prelude
421 #NI 420 2965355525
422 #NS 421 _hygCtx
423 #NS 422 _hyg
424 #NI 423 87
425 #NI 399 93
1661 #EA 858 709
1662 #EA 1661 964
1663 #EA 80 79
1664 #EA 1522 1663
1665 #EA 1100 1572
1666 #EV 15
1667 #EA 1062 1666
1668 #EA 1667 6
1669 #EA 1666 9
1670 #EA 1669 6
1671 #EL #BD 383 1668 1670
1672 #EL #BI 68 0 1671
1673 #EA 1665 1672
1674 #EA 1673 9
1675 #EA 1674 6
1676 #EA 1667 20
1677 #EA 989 1676
1678 #EA 1677 9
1679 #EA 197 1666
1680 #EA 80 306
1681 #EA 1679 1680
1682 #EA 1678 1681
1683 #EA 1082 1666
1684 #EA 1683 306
1685 #EA 1684 285
1686 #EA 1682 1685
1687 #EV 16
1688 #EA 1100 1687
1689 #EV 17
1690 #EA 1062 1689
1691 #EA 1690 6
1692 #EA 1689 9
1693 #EA 1692 6
1694 #EL #BD 383 1691 1693
1695 #EL #BI 68 0 1694
1696 #EA 1688 1695
1697 #EA 1696 18
1698 #EA 1697 20
1699 #EA 989 1698
1700 #EA 1699 9
1701 #EA 80 709
1702 #EA 1696 1701
1703 #EA 1082 1687
1704 #EA 1703 709
1705 #EA 1704 306
1706 #EA 1702 1705
1707 #EA 1700 1706
1708 #EA 1161 1687
1709 #EA 1708 1695
1710 #EA 1709 709
1711 #EA 1710 306
1712 #EA 1711 285
1713 #EA 1712 169
1714 #EA 1707 1713
1715 #EA 1666 79
1716 #EA 1715 18
1717 #EA 1716 20
1718 #EP #BD 41 1714 1717
1719 #EP #BD 41 1686 1718
1720 #EP #BD 395 1675 1719
1721 #EP #BD 394 1492 1720
1722 #EL #BD 387 0 1721
1723 #EA 1664 1722
1724 #EA 1598 1663
1725 #EA 1579 990
1726 #EA 1725 6
426 #NI 399 94
1727 #EA 80 285
1728 #EA 1573 1727
1729 #EA 989 1728
1730 #EA 1729 9
1731 #EA 197 1572
1732 #EA 1731 1727
1733 #EA 1730 1732
1734 #EA 1082 1572
1735 #EA 1734 285
1736 #EA 1735 169
1737 #EA 1733 1736
1738 #EA 1667 1680
1739 #EA 1566 1738
1740 #EA 1739 1685
1741 #EA 1702 6
1742 #EA 1100 1689
1743 #EV 18
1744 #EA 1062 1743
1745 #EA 1744 6
1746 #EA 1743 9
1747 #EA 1746 6
1748 #EL #BD 383 1745 1747
1749 #EL #BI 68 0 1748
1750 #EA 1742 1749
1751 #EA 80 963
1752 #EA 1750 1751
1753 #EA 1752 9
1754 #EA 989 1753
1755 #EA 1754 6
1756 #EA 1082 1689
1757 #EA 1756 963
1758 #EA 1757 709
1759 #EA 1752 1758
1760 #EA 1755 1759
1761 #EA 1161 1689
1762 #EA 1761 1749
1763 #EA 1762 963
1764 #EA 1763 709
1765 #EA 1764 306
1766 #EA 1765 285
1767 #EA 1760 1766
1768 #EA 80 1202
1769 #EA 1687 1768
1770 #EA 1769 20
1771 #EA 1770 9
1772 #EP #BD 41 1767 1771
1773 #EP #BD 395 1741 1772
1774 #EL #BD 394 1738 1773
1775 #EA 1740 1774
1776 #EA 1100 1666
1777 #EA 1062 1687
1778 #EA 1777 6
1779 #EA 1687 9
1780 #EA 1779 6
1781 #EL #BD 383 1778 1780
1782 #EL #BI 68 0 1781
1783 #EA 1776 1782
1784 #EA 1783 1680
1785 #EA 1784 1685
427 #NI 399 96
1786 #EA 989 1706
1787 #EA 1786 6
1788 #EA 1787 1706
1789 #EA 1788 1713
1790 #EA 1566 1759
1791 #EA 1790 1766
1792 #EA 1082 1743
1793 #EA 1792 1202
1794 #EA 1793 963
1795 #EA 1769 1794
1796 #EA 1795 6
1797 #EL #BD 395 1759 1796
1798 #EA 1791 1797
1799 #EA 1202 963
1800 #EA 1799 709
1801 #EA 1800 306
1802 #EA 1801 285
1803 #EA 1798 1802
1804 #EA 1803 9
1805 #EA 1621 1759
1806 #EA 1805 9
1807 #EA 1806 1766
1808 #EA 1625 1759
1809 #EA 1808 9
1810 #EA 1809 1766
1811 #EA 1810 6
1812 #EA 1807 1811
1813 #EA 1804 1812
1814 #EL #BD 427 1789 1813
1815 #EL #BD 395 1785 1814
1816 #EA 1775 1815
1817 #EA 1816 20
1818 #EA 1621 1738
1819 #EA 1818 20
1820 #EA 1819 1685
1821 #EA 1625 1738
1822 #EA 1821 20
1823 #EA 1822 1685
1824 #EA 1823 6
1825 #EA 1820 1824
1826 #EA 1817 1825
1827 #EA 1826 9
1828 #EL #BD 426 1737 1827
1829 #EL #BD 395 1726 1828
1830 #EL #BD 394 1724 1829
1831 #EA 1723 1830
1832 #EA 1831 963
1833 #EA 1652 963
1834 #EA 1833 1663
1835 #EA 1834 6
1836 #EA 1832 1835
1837 #EA 1836 709
1838 #EA 1837 306
1839 #EL #BD 425 1662 1838
1840 #EL #BD 424 1238 1839
1841 #EL #BD 417 1478 1840
1842 #EL #BD 410 1232 1841
1843 #EL #BI 403 0 1842
1844 #EA 1660 1843
1845 #EA 1013 0
1846 #EA 1845 79
1847 #EA 1844 1846
1848 #EA 1417 79
1849 #EA 1031 1848
1850 #EA 1849 18
1851 #EA 1847 1850
1852 #EA 1100 306
1853 #EA 1852 1468
1854 #EA 1853 79
1855 #EA 1854 18
1856 #EA 1031 1855
1857 #EA 1856 20
1858 #EA 1851 1857
1859 #EL #BD 104 1452 1858
1860 #EL #BD 101 1424 1859
1861 #EL #BD 395 1412 1860
1862 #EL #BD 394 1404 1861
1863 #EL #BD 387 0 1862
1864 #EL #BD 23 1402 1863
1865 #EL #BD 379 1389 1864
1866 #EL #BI 4 0 1865
#DEF 378 1460 1866 
428 #NS 0 outParam
1867 #EP #BD 10 15 15
1868 #EL #BD 10 15 6
#DEF 428 1867 1868 11
429 #NS 0 HAdd
430 #NS 429 mk
11 #US 4
1869 #ES 11
431 #NS 0 γ
432 #NS 0 w
12 #UP 432
13 #US 12
14 #US 13
1870 #EC 428 14
1871 #ES 13
1872 #EA 1870 1871
433 #NS 0 hAdd
1873 #EP #BD 37 20 1289
1874 #EC 429 2 4 12
1875 #EA 1874 18
1876 #EA 1875 20
1877 #EA 1876 9
1878 #EP #BD 433 1873 1877
1879 #EP #BI 431 1872 1878
1880 #EP #BI 18 1869 1879
1881 #EP #BI 10 4 1880
15 #UM 3 11
16 #UM 15 13
1882 #ES 16
1883 #EP #BD 431 1872 1882
1884 #EP #BD 18 1869 1883
1885 #EP #BD 10 4 1884
#IND 3 429 1885 1 430 1881 11 19 432
434 #NS 429 hAdd
1886 #EA 1874 20
1887 #EA 1886 9
1888 #EA 1887 6
1889 #EP #BD 37 18 802
1890 #EP #BC 64 1888 1889
1891 #EP #BI 431 1872 1890
1892 #EP #BI 18 1869 1891
1893 #EP #BI 10 4 1892
1894 #EJ 429 0 6
1895 #EL #BC 64 1888 1894
1896 #EL #BI 431 1872 1895
1897 #EL #BD 18 1869 1896
1898 #EL #BD 10 4 1897
#DEF 434 1893 1898 11 19 432
435 #NS 0 Add
436 #NS 435 mk
437 #NS 0 add
1899 #EP #BD 37 9 20
1900 #EP #BD 37 6 1899
1901 #EC 435 2
1902 #EA 1901 9
1903 #EP #BD 437 1900 1902
1904 #EP #BI 10 4 1903
#IND 1 435 13 1 436 1904 11
438 #NS 435 add
1905 #EA 1901 6
1906 #EP #BD 37 9 472
1907 #EP #BC 64 1905 1906
1908 #EP #BI 10 4 1907
1909 #EJ 435 0 6
1910 #EL #BC 64 1905 1909
1911 #EL #BD 10 4 1910
#DEF 438 1908 1911 11
439 #NS 0 instHAdd
17 #US 8
1912 #ES 17
440 #NS 0 inst
441 #NS 440 _@
442 #NS 441 Init
443 #NS 442 Prelude
444 #NI 443 1910291827
445 #NS 444 _hygCtx
446 #NS 445 _hyg
447 #NI 446 5
1913 #EC 435 8
1914 #EA 1913 6
1915 #EC 429 8 8 8
1916 #EA 1915 9
1917 #EA 1916 9
1918 #EA 1917 9
1919 #EP #BC 447 1914 1918
1920 #EP #BI 10 1912 1919
1921 #EC 430 8 8 8
1922 #EA 1921 9
1923 #EA 1922 9
1924 #EA 1923 9
1925 #EC 438 8
1926 #EA 1925 18
1927 #EA 1926 20
1928 #EA 1927 9
1929 #EA 1928 6
1930 #EL #BD 120 20 1929
1931 #EL #BD 33 9 1930
1932 #EA 1924 1931
1933 #EL #BC 447 1914 1932
1934 #EL #BI 10 1912 1933
#DEF 439 1920 1934 79
448 #NS 1 add
449 #NS 448 match_1
450 #NI 53 2314059840
451 #NS 450 _hygCtx
452 #NI 451 13
453 #NS 452 Init
454 #NS 453 Prelude
455 #NI 454 2314059840
456 #NS 455 _hygCtx
457 #NS 456 _hyg
458 #NI 457 32
459 #NI 451 14
460 #NS 459 Init
461 #NS 460 Prelude
462 #NI 461 2314059840
463 #NS 462 _hygCtx
464 #NS 463 _hyg
465 #NI 464 35
1935 #EA 61 69
1936 #EP #BD 33 0 1935
1937 #EA 502 258
1938 #EP #BD 120 0 1937
1939 #EP #BD 33 0 1938
1940 #EA 859 20
1941 #EP #BD 104 1939 1940
1942 #EP #BD 101 1936 1941
1943 #EP #BD 465 0 1942
1944 #EP #BD 458 0 1943
1945 #EP #BD 23 278 1944
1946 #EA 290 6
1947 #EL #BD 50 0 1946
1948 #EA 298 1947
1949 #EA 1948 20
1950 #EA 1949 808
466 #NI 107 2314059840
467 #NS 466 _hygCtx
468 #NS 467 _hyg
469 #NI 468 62
1951 #EA 9 79
1952 #EA 1951 6
1953 #EL #BD 469 0 1952
1954 #EA 1950 1953
1955 #EL #BD 104 1939 1954
1956 #EL #BD 101 1936 1955
1957 #EL #BD 465 0 1956
1958 #EL #BD 458 0 1957
1959 #EL #BD 23 278 1958
#DEF 449 1945 1959 79
470 #NS 448 _f
471 #NS 451 _hyg
472 #NI 471 14
1960 #EL #BD 472 0 1
1961 #EA 324 1960
1962 #EA 1961 6
1963 #EP #BD 30 1962 1
1964 #EP #BD 472 0 1963
473 #NI 471 13
1965 #EC 449 1
474 #NI 471 65
1966 #EP #BD 474 1962 0
1967 #EL #BD 465 0 1966
1968 #EL #BD 458 0 1967
1969 #EA 1965 1968
1970 #EA 1969 6
1971 #EA 1970 20
1972 #EA 1961 69
1973 #EL #BD 474 1972 9
1974 #EL #BD 33 0 1973
1975 #EA 1971 1974
1976 #EA 1961 258
1977 #EA 350 20
1978 #EA 80 1977
1979 #EL #BD 474 1976 1978
1980 #EL #BD 120 0 1979
1981 #EL #BD 33 0 1980
1982 #EA 1975 1981
1983 #EA 1982 9
1984 #EL #BD 473 0 1983
1985 #EL #BD 30 1962 1984
1986 #EL #BD 472 0 1985
#DEF 470 1964 1986 
1987 #EP #BD 37 0 0
1988 #EP #BD 37 0 1987
1989 #EA 362 1960
1990 #EA 1989 6
1991 #EC 470 
1992 #EA 1990 1991
1993 #EA 1992 9
1994 #EL #BD 472 0 1993
1995 #EL #BD 473 0 1994
#DEF 448 1988 1995 
475 #NS 0 instAddNat
1996 #EC 435 0
1997 #EA 1996 0
1998 #EC 436 0
1999 #EA 1998 0
2000 #EC 448 
2001 #EA 1999 2000
#DEF 475 1997 2001 
476 #NS 1 succ_le_succ
2002 #EA 1062 922
2003 #EA 2002 81
2004 #EP #BD 37 1387 2003
2005 #EP #BI 68 0 2004
2006 #EP #BI 4 0 2005
2007 #EP #BD 383 1404 112
2008 #EP #BI 68 0 2007
2009 #EA 1062 1663
2010 #EA 2009 81
2011 #EL #BD 383 1404 2010
2012 #EL #BI 68 0 2011
2013 #EC 328 
2014 #EA 2013 18
2015 #EL #BD 383 1393 313
2016 #EL #BI 68 0 2015
2017 #EA 2014 2016
2018 #EA 2017 20
2019 #EA 2018 9
2020 #EA 1062 285
2021 #EA 2020 6
2022 #EL #BD 383 2021 1394
2023 #EL #BI 68 0 2022
2024 #EA 1113 2023
2025 #EA 2024 9
2026 #EA 2025 6
2027 #EC 378 
2028 #EA 2027 285
2029 #EA 2028 18
2030 #EL #BD 383 1426 1419
2031 #EL #BI 68 0 2030
2032 #EA 1195 2031
2033 #EA 2032 9
2034 #EA 2033 6
2035 #EA 1062 1751
2036 #EA 2035 922
2037 #EL #BD 395 2034 2036
2038 #EL #BD 394 1418 2037
2039 #EL #BD 387 0 2038
2040 #EA 2029 2039
2041 #EA 2040 20
2042 #EA 2041 9
2043 #EA 2042 6
2044 #EA 1076 1680
2045 #EL #BD 142 396 2044
2046 #EA 2043 2045
2047 #EA 285 20
2048 #EA 2047 9
2049 #EA 1082 1768
2050 #EC 434 0 0 0
2051 #EA 2050 0
2052 #EA 2051 0
2053 #EA 2052 0
2054 #EC 439 0
2055 #EA 2054 0
2056 #EC 475 
2057 #EA 2055 2056
2058 #EA 2053 2057
2059 #EA 2058 18
2060 #EA 904 892
2061 #EA 906 892
2062 #EA 2060 2061
2063 #EA 2059 2062
2064 #EA 2049 2063
2065 #EA 2064 6
2066 #EL #BD 327 2048 2065
2067 #EL #BD 322 2034 2066
2068 #EL #BD 41 1194 2067
2069 #EL #BD 396 0 2068
2070 #EA 2046 2069
2071 #EL #BD 332 2026 2070
2072 #EL #BD 383 1393 2071
2073 #EL #BI 68 0 2072
2074 #EA 2019 2073
2075 #EZ 379 2008 2012 2074
2076 #EL #BD 383 1387 2075
2077 #EL #BI 68 0 2076
2078 #EL #BI 4 0 2077
#DEF 476 2006 2078 
477 #NS 1 le_of_ble_eq_true
478 #NS 477 _f
2079 #EA 1059 0
2080 #EA 2079 1061
2081 #EA 2080 20
2082 #EA 2081 9
2083 #EP #BD 41 899 2082
2084 #EP #BI 68 0 2083
2085 #EL #BI 4 0 2084
2086 #EA 761 2085
2087 #EA 2086 6
2088 #EA 895 20
2089 #EA 2088 6
2090 #EA 516 2089
2091 #EA 2090 340
2092 #EA 2080 18
2093 #EA 2092 9
2094 #EP #BD 41 2091 2093
2095 #EP #BI 68 0 2094
2096 #EP #BD 30 2087 2095
2097 #EP #BI 4 0 2096
2098 #EC 272 
479 #NI 286 75
2099 #EA 2086 20
2100 #EA 2092 20
2101 #EP #BD 479 2099 2100
2102 #EL #BD 41 899 2101
2103 #EL #BD 283 0 2102
2104 #EL #BD 276 0 2103
2105 #EA 2098 2104
2106 #EA 2105 18
2107 #EA 2106 9
2108 #EA 2107 6
2109 #EA 2086 908
2110 #EC 298 
2111 #EA 2110 20
2112 #EL #BD 479 2109 2111
2113 #EL #BD 41 912 2112
2114 #EL #BD 287 0 2113
2115 #EA 2108 2114
2116 #EA 2086 922
2117 #EC 476 
2118 #EA 2117 18
2119 #EA 2118 20
2120 #EA 1977 9
2121 #EA 2119 2120
2122 #EL #BD 479 2116 2121
2123 #EL #BD 41 921 2122
2124 #EL #BD 289 0 2123
2125 #EL #BD 288 0 2124
2126 #EA 2115 2125
2127 #EA 2126 20
2128 #EL #BD 41 2091 2127
2129 #EL #BI 68 0 2128
2130 #EL #BD 30 2087 2129
2131 #EL #BI 4 0 2130
#DEF 478 2097 2131 
2132 #EP #BI 68 0 2083
2133 #EP #BI 4 0 2132
2134 #EA 796 2085
2135 #EA 2134 20
2136 #EC 478 
2137 #EA 2135 2136
2138 #EA 2137 9
2139 #EA 2138 6
2140 #EL #BD 41 899 2139
2141 #EL #BI 68 0 2140
2142 #EL #BI 4 0 2141
#DEF 477 2133 2142 
480 #NS 0 absurd
481 #NS 0 h₂
2143 #EP #BD 481 128 20
2144 #EP #BD 371 9 2143
2145 #EP #BI 120 16 2144
2146 #EP #BI 33 112 2145
2147 #EC 176 4
482 #NI 53 3867523658
483 #NS 482 _hygCtx
484 #NS 483 _hyg
485 #NI 484 13
2148 #EL #BD 485 114 18
2149 #EA 2147 2148
2150 #EA 2149 485
2151 #EL #BD 481 128 2150
2152 #EL #BD 371 9 2151
2153 #EL #BI 120 16 2152
2154 #EL #BI 33 112 2153
#DEF 480 2146 2154 19
486 #NS 270 ble_eq_true_of_le
487 #NS 486 match_1_7
2155 #EA 2080 9
2156 #EA 2155 6
2157 #EP #BD 41 2156 112
2158 #EP #BI 68 0 2157
488 #NI 279 763333041
489 #NS 488 _hygCtx
490 #NS 489 _hyg
491 #NI 490 26
492 #NI 251 763333041
493 #NS 492 _hygCtx
494 #NS 493 _hyg
495 #NI 494 20
2159 #EA 2081 6
2160 #EA 2080 79
2161 #EA 2160 6
2162 #EL #BD 41 2161 1394
2163 #EL #BI 68 0 2162
2164 #EA 1109 2163
2165 #EA 2164 9
2166 #EA 2165 6
2167 #EP #BD 395 2166 112
2168 #EP #BD 495 2159 2167
2169 #EP #BD 491 0 2168
2170 #EA 2092 6
2171 #EA 2080 169
2172 #EA 2171 6
2173 #EL #BD 41 2172 1407
2174 #EL #BI 68 0 2173
2175 #EA 1148 2174
2176 #EA 2175 9
2177 #EA 2176 6
2178 #EA 2080 306
2179 #EA 2178 6
2180 #EL #BD 41 2179 1419
2181 #EL #BI 68 0 2180
2182 #EA 1416 2181
2183 #EA 1415 2182
2184 #EP #BD 142 396 2183
496 #NI 490 46
2185 #EA 2080 963
2186 #EA 2185 6
2187 #EL #BD 41 2186 1428
2188 #EL #BI 68 0 2187
2189 #EA 1195 2188
2190 #EA 2189 9
2191 #EA 2190 6
2192 #EA 2080 1436
2193 #EA 2192 6
2194 #EL #BD 41 2193 1440
2195 #EL #BI 68 0 2194
2196 #EA 1207 2195
2197 #EA 2196 18
2198 #EA 2197 20
2199 #EA 2198 9
2200 #EA 2199 6
2201 #EA 1435 2200
2202 #EP #BD 327 1200 2201
2203 #EP #BD 322 2191 2202
2204 #EP #BD 41 1194 2203
2205 #EP #BD 496 0 2204
2206 #EP #BD 104 2205 929
2207 #EP #BD 101 2184 2206
2208 #EP #BD 395 2177 2207
2209 #EP #BD 495 2170 2208
2210 #EP #BD 491 0 2209
2211 #EP #BD 23 2169 2210
2212 #EP #BD 379 2158 2211
2213 #EP #BI 4 0 2212
2214 #EA 2080 709
2215 #EA 2214 6
2216 #EL #BD 41 2215 1466
2217 #EL #BI 68 0 2216
2218 #EA 1462 2217
2219 #EA 2080 1202
2220 #EA 2219 6
2221 #EL #BD 41 2220 1473
2222 #EL #BI 68 0 2221
2223 #EA 1233 2222
2224 #EA 2223 9
2225 #EA 2224 6
2226 #EA 2192 709
2227 #EA 989 2226
2228 #EA 2227 306
2229 #EA 2228 1485
2230 #EA 2229 20
2231 #EA 2080 1490
2232 #EA 2231 6
2233 #EL #BD 41 2232 1494
2234 #EL #BI 68 0 2233
2235 #EA 1489 2234
2236 #EA 2235 963
2237 #EA 2236 709
2238 #EA 989 2237
2239 #EA 2238 306
2240 #EA 2235 79
2241 #EA 2240 18
2242 #EA 2239 2241
2243 #EA 2242 20
2244 #EP #BD 41 2243 1508
2245 #EP #BD 41 2230 2244
2246 #EP #BD 41 1480 2245
2247 #EL #BD 50 2225 2246
2248 #EL #BD 24 1232 2247
2249 #EL #BI 37 0 2248
2250 #EA 2218 2249
2251 #EA 2250 79
2252 #EA 2251 18
2253 #EA 2252 20
497 #NI 494 74
2254 #EA 1524 2195
2255 #EA 2254 9
2256 #EA 2255 6
2257 #EA 2192 20
2258 #EA 989 2257
2259 #EA 2258 9
2260 #EA 2259 1531
2261 #EA 2260 1533
2262 #EA 2235 18
2263 #EA 2262 20
2264 #EA 989 2263
2265 #EA 2264 9
2266 #EA 2235 1488
2267 #EA 2266 1540
2268 #EA 2265 2267
2269 #EA 1543 2234
2270 #EA 2268 2269
2271 #EP #BD 41 2270 1548
2272 #EP #BD 41 2261 2271
2273 #EP #BD 395 2256 2272
2274 #EP #BD 495 2186 2273
2275 #EL #BD 491 0 2274
2276 #EA 1523 2275
2277 #EA 2214 709
2278 #EA 2223 963
2279 #EA 2278 6
498 #NI 494 75
2280 #EA 2219 1202
2281 #EA 989 2280
2282 #EA 2281 9
2283 #EA 2282 1562
2284 #EA 2283 1564
2285 #EA 2192 1436
2286 #EA 1566 2285
2287 #EA 2286 1533
2288 #EA 2266 6
2289 #EA 2080 1572
2290 #EA 2289 6
2291 #EL #BD 41 2290 1576
2292 #EL #BI 68 0 2291
2293 #EA 1571 2292
2294 #EA 2293 1490
2295 #EA 2294 9
2296 #EA 989 2295
2297 #EA 2296 6
2298 #EA 2294 1584
2299 #EA 2297 2298
2300 #EA 1587 2292
2301 #EA 2299 2300
2302 #EP #BD 41 2301 1592
2303 #EP #BD 395 2288 2302
2304 #EL #BD 495 2285 2303
2305 #EA 2287 2304
2306 #EA 2080 1488
2307 #EA 2306 6
2308 #EL #BD 41 2307 1601
2309 #EL #BI 68 0 2308
2310 #EA 1597 2309
2311 #EA 2310 1436
2312 #EA 2311 1533
499 #NI 494 77
2313 #EA 989 2267
2314 #EA 2313 6
2315 #EA 2314 2267
2316 #EA 2315 2269
2317 #EA 1566 2298
2318 #EA 2317 2300
2319 #EL #BD 395 2298 1615
2320 #EA 2318 2319
2321 #EA 2320 1618
2322 #EA 2321 9
2323 #EA 1621 2298
2324 #EA 2323 9
2325 #EA 2324 2300
2326 #EA 1625 2298
2327 #EA 2326 9
2328 #EA 2327 2300
2329 #EA 2328 6
2330 #EA 2325 2329
2331 #EA 2322 2330
2332 #EL #BD 499 2316 2331
2333 #EL #BD 395 2312 2332
2334 #EA 2305 2333
2335 #EA 2334 20
2336 #EA 1621 2285
2337 #EA 2336 20
2338 #EA 2337 1533
2339 #EA 1625 2285
2340 #EA 2339 20
2341 #EA 2340 1533
2342 #EA 2341 6
2343 #EA 2338 2342
2344 #EA 2335 2343
2345 #EA 2344 9
2346 #EL #BD 498 2284 2345
2347 #EL #BD 395 2279 2346
2348 #EL #BD 495 2277 2347
2349 #EA 2276 2348
2350 #EA 2349 169
2351 #EA 2350 1655
2352 #EA 2351 79
2353 #EA 2352 18
2354 #EL #BD 497 1520 2353
2355 #EA 2253 2354
500 #NI 490 70
501 #NI 406 763333041
502 #NS 501 _hygCtx
503 #NS 502 _hyg
504 #NI 503 71
505 #NI 413 763333041
506 #NS 505 _hygCtx
507 #NS 506 _hyg
508 #NI 507 72
509 #NI 420 763333041
510 #NS 509 _hygCtx
511 #NS 510 _hyg
512 #NI 511 73
513 #NI 494 79
2356 #EA 2080 1666
2357 #EA 2356 6
2358 #EL #BD 41 2357 1670
2359 #EL #BI 68 0 2358
2360 #EA 1665 2359
2361 #EA 2360 9
2362 #EA 2361 6
2363 #EA 2356 20
2364 #EA 989 2363
2365 #EA 2364 9
2366 #EA 2365 1681
2367 #EA 2366 1685
2368 #EA 2080 1689
2369 #EA 2368 6
2370 #EL #BD 41 2369 1693
2371 #EL #BI 68 0 2370
2372 #EA 1688 2371
2373 #EA 2372 18
2374 #EA 2373 20
2375 #EA 989 2374
2376 #EA 2375 9
2377 #EA 2372 1701
2378 #EA 2377 1705
2379 #EA 2376 2378
2380 #EA 1708 2371
2381 #EA 2380 709
2382 #EA 2381 306
2383 #EA 2382 285
2384 #EA 2383 169
2385 #EA 2379 2384
2386 #EP #BD 41 2385 1717
2387 #EP #BD 41 2367 2386
2388 #EP #BD 395 2362 2387
2389 #EP #BD 495 2232 2388
2390 #EL #BD 491 0 2389
2391 #EA 1664 2390
2392 #EA 2306 1663
2393 #EA 2293 990
2394 #EA 2393 6
514 #NI 494 80
2395 #EA 2289 1727
2396 #EA 989 2395
2397 #EA 2396 9
2398 #EA 2397 1732
2399 #EA 2398 1736
2400 #EA 2356 1680
2401 #EA 1566 2400
2402 #EA 2401 1685
2403 #EA 2377 6
2404 #EA 2080 1743
2405 #EA 2404 6
2406 #EL #BD 41 2405 1747
2407 #EL #BI 68 0 2406
2408 #EA 1742 2407
2409 #EA 2408 1751
2410 #EA 2409 9
2411 #EA 989 2410
2412 #EA 2411 6
2413 #EA 2409 1758
2414 #EA 2412 2413
2415 #EA 1761 2407
2416 #EA 2415 963
2417 #EA 2416 709
2418 #EA 2417 306
2419 #EA 2418 285
2420 #EA 2414 2419
2421 #EP #BD 41 2420 1771
2422 #EP #BD 395 2403 2421
2423 #EL #BD 495 2400 2422
2424 #EA 2402 2423
2425 #EA 2080 1687
2426 #EA 2425 6
2427 #EL #BD 41 2426 1780
2428 #EL #BI 68 0 2427
2429 #EA 1776 2428
2430 #EA 2429 1680
2431 #EA 2430 1685
515 #NI 494 82
2432 #EA 989 2378
2433 #EA 2432 6
2434 #EA 2433 2378
2435 #EA 2434 2384
2436 #EA 1566 2413
2437 #EA 2436 2419
2438 #EL #BD 395 2413 1796
2439 #EA 2437 2438
2440 #EA 2439 1802
2441 #EA 2440 9
2442 #EA 1621 2413
2443 #EA 2442 9
2444 #EA 2443 2419
2445 #EA 1625 2413
2446 #EA 2445 9
2447 #EA 2446 2419
2448 #EA 2447 6
2449 #EA 2444 2448
2450 #EA 2441 2449
2451 #EL #BD 515 2435 2450
2452 #EL #BD 395 2431 2451
2453 #EA 2424 2452
2454 #EA 2453 20
2455 #EA 1621 2400
2456 #EA 2455 20
2457 #EA 2456 1685
2458 #EA 1625 2400
2459 #EA 2458 20
2460 #EA 2459 1685
2461 #EA 2460 6
2462 #EA 2457 2461
2463 #EA 2454 2462
2464 #EA 2463 9
2465 #EL #BD 514 2399 2464
2466 #EL #BD 395 2394 2465
2467 #EL #BD 495 2392 2466
2468 #EA 2391 2467
2469 #EA 2468 963
2470 #EA 2469 1835
2471 #EA 2470 709
2472 #EA 2471 306
2473 #EL #BD 513 1662 2472
2474 #EL #BD 512 1238 2473
2475 #EL #BD 508 2225 2474
2476 #EL #BD 504 1232 2475
2477 #EL #BI 500 0 2476
2478 #EA 2355 2477
2479 #EA 2478 1846
2480 #EA 2178 79
2481 #EA 1031 2480
2482 #EA 2481 18
2483 #EA 2479 2482
2484 #EA 1852 2217
2485 #EA 2484 79
2486 #EA 2485 18
2487 #EA 1031 2486
2488 #EA 2487 20
2489 #EA 2483 2488
2490 #EL #BD 104 2205 2489
2491 #EL #BD 101 2184 2490
2492 #EL #BD 395 2177 2491
2493 #EL #BD 495 2170 2492
2494 #EL #BD 491 0 2493
2495 #EL #BD 23 2169 2494
2496 #EL #BD 379 2158 2495
2497 #EL #BI 4 0 2496
#DEF 487 2213 2497 
516 #NS 270 ble_self_eq_true
517 #NS 516 match_1_1
518 #NI 53 3978381971
519 #NS 518 _hygCtx
520 #NI 519 11
521 #NS 520 Init
522 #NS 521 Prelude
523 #NI 522 3978381971
524 #NS 523 _hygCtx
525 #NS 524 _hyg
526 #NI 525 22
2498 #EA 20 908
2499 #EP #BD 142 396 2498
2500 #EP #BD 101 2499 261
2501 #EP #BD 526 0 2500
2502 #EP #BD 23 208 2501
2503 #EL #BD 101 2499 757
2504 #EL #BD 526 0 2503
2505 #EL #BD 23 208 2504
#DEF 517 2502 2505 
527 #NS 1 ble_self_eq_true
528 #NS 527 _f
529 #NS 519 _hyg
530 #NI 529 11
2506 #EA 936 6
2507 #EA 516 2506
2508 #EA 2507 340
2509 #EL #BD 530 0 2508
2510 #EA 761 2509
2511 #EA 2510 6
2512 #EA 896 9
2513 #EA 516 2512
2514 #EA 2513 340
2515 #EP #BD 30 2511 2514
2516 #EP #BD 530 0 2515
2517 #EC 517 
2518 #EL #BD 526 0 2515
2519 #EA 2517 2518
2520 #EA 2519 9
531 #NI 529 37
2521 #EA 2510 908
2522 #EA 909 908
2523 #EA 564 2522
2524 #EL #BD 531 2521 2523
2525 #EL #BD 142 396 2524
2526 #EA 2520 2525
2527 #EA 2510 258
2528 #EL #BD 531 2527 350
2529 #EL #BD 4 0 2528
2530 #EA 2526 2529
2531 #EA 2530 6
2532 #EL #BD 30 2511 2531
2533 #EL #BD 530 0 2532
#DEF 528 2516 2533 
2534 #EP #BD 4 0 2508
2535 #EA 796 2509
2536 #EA 2535 6
2537 #EC 528 
2538 #EA 2536 2537
2539 #EL #BD 530 0 2538
#DEF 527 2534 2539 
532 #NS 270 ble_succ_eq_true
533 #NS 532 match_1_1
#DEF 533 935 1058 
534 #NS 1 ble_succ_eq_true
535 #NS 534 _f
536 #NI 53 3170508661
537 #NS 536 _hygCtx
538 #NS 537 _hyg
539 #NI 538 23
540 #NI 538 24
541 #NI 538 25
2540 #EA 2088 81
2541 #EA 516 2540
2542 #EA 2541 340
2543 #EP #BD 541 899 2542
2544 #EP #BD 540 0 2543
2545 #EL #BD 539 0 2544
2546 #EA 761 2545
2547 #EA 2546 6
2548 #EA 895 18
2549 #EA 2548 81
2550 #EA 516 2549
2551 #EA 2550 340
2552 #EP #BD 541 2091 2551
2553 #EP #BD 540 0 2552
2554 #EP #BD 30 2547 2553
2555 #EP #BD 539 0 2554
2556 #EC 533 
542 #NI 537 23
543 #NS 542 Init
544 #NS 543 Prelude
545 #NI 544 3170508661
546 #NS 545 _hygCtx
547 #NS 546 _hyg
548 #NI 547 50
549 #NI 537 24
550 #NS 549 Init
551 #NS 550 Prelude
552 #NI 551 3170508661
553 #NS 552 _hygCtx
554 #NS 553 _hyg
555 #NI 554 53
556 #NI 537 25
557 #NS 556 Init
558 #NS 557 Prelude
559 #NI 558 3170508661
560 #NS 559 _hygCtx
561 #NS 560 _hyg
562 #NI 561 56
563 #NI 538 99
2557 #EA 2546 20
2558 #EA 2548 922
2559 #EA 516 2558
2560 #EA 2559 340
2561 #EP #BD 563 2557 2560
2562 #EL #BD 562 899 2561
2563 #EL #BD 555 0 2562
2564 #EL #BD 548 0 2563
2565 #EA 2556 2564
2566 #EA 2565 18
2567 #EA 2566 9
2568 #EA 2567 6
564 #NI 538 66
565 #NI 538 65
2569 #EA 2546 908
2570 #EA 909 922
2571 #EA 564 2570
2572 #EL #BD 563 2569 2571
2573 #EL #BD 565 912 2572
2574 #EL #BD 564 0 2573
2575 #EA 2568 2574
566 #NI 107 3170508661
567 #NS 566 _hygCtx
568 #NS 567 _hyg
569 #NI 568 82
2576 #EA 2546 922
2577 #EL #BD 563 2576 2120
2578 #EL #BD 41 921 2577
2579 #EL #BD 569 0 2578
2580 #EL #BD 4 0 2579
2581 #EA 2575 2580
2582 #EA 2581 20
2583 #EL #BD 541 2091 2582
2584 #EL #BD 540 0 2583
2585 #EL #BD 30 2547 2584
2586 #EL #BD 539 0 2585
#DEF 535 2555 2586 
2587 #EP #BI 4 0 2544
2588 #EA 796 2545
2589 #EA 2588 20
2590 #EC 535 
2591 #EA 2589 2590
2592 #EA 2591 9
2593 #EA 2592 6
2594 #EL #BD 541 899 2593
2595 #EL #BD 540 0 2594
2596 #EL #BD 539 0 2595
#DEF 534 2587 2596 
570 #NS 1 ble_eq_true_of_le
2597 #EA 2088 9
2598 #EA 516 2597
2599 #EA 2598 340
2600 #EP #BD 41 2156 2599
2601 #EP #BI 68 0 2600
2602 #EP #BI 4 0 2601
2603 #EP #BD 41 2170 112
2604 #EP #BI 68 0 2603
2605 #EA 895 79
2606 #EA 2605 9
2607 #EA 516 2606
2608 #EA 2607 340
2609 #EL #BD 41 2170 2608
2610 #EL #BI 68 0 2609
2611 #EL #BD 41 2161 313
2612 #EL #BI 68 0 2611
2613 #EA 2014 2612
2614 #EA 2613 20
2615 #EA 2614 9
2616 #EA 2080 285
2617 #EA 2616 6
2618 #EL #BD 41 2617 1394
2619 #EL #BI 68 0 2618
2620 #EA 1113 2619
2621 #EA 2620 9
2622 #EA 2621 6
2623 #EC 487 
2624 #EA 2623 285
2625 #EA 2624 18
2626 #EL #BD 41 2186 1419
2627 #EL #BI 68 0 2626
2628 #EA 1195 2627
2629 #EA 2628 9
2630 #EA 2629 6
2631 #EA 895 963
2632 #EA 2631 20
2633 #EA 516 2632
2634 #EA 2633 340
2635 #EL #BD 395 2630 2634
2636 #EL #BD 495 2179 2635
2637 #EL #BD 491 0 2636
2638 #EA 2625 2637
2639 #EA 2638 20
2640 #EA 2639 9
2641 #EA 2640 6
2642 #EC 527 
2643 #EA 2642 306
2644 #EL #BD 142 396 2643
2645 #EA 2641 2644
2646 #EC 534 
2647 #EA 2646 1202
2648 #EA 2647 18
2649 #EA 2648 6
2650 #EL #BD 327 2048 2649
2651 #EL #BD 322 2630 2650
2652 #EL #BD 41 1194 2651
2653 #EL #BD 496 0 2652
2654 #EA 2645 2653
2655 #EL #BD 332 2622 2654
2656 #EL #BD 41 2161 2655
2657 #EL #BI 68 0 2656
2658 #EA 2615 2657
2659 #EZ 379 2604 2610 2658
2660 #EL #BD 41 2156 2659
2661 #EL #BI 68 0 2660
2662 #EL #BI 4 0 2661
#DEF 570 2602 2662 
571 #NS 1 not_le_of_not_ble_eq_true
2663 #EA 117 899
2664 #EA 117 2082
2665 #EP #BD 41 2663 2664
2666 #EP #BI 68 0 2665
2667 #EP #BI 4 0 2666
572 #NS 0 h'
2668 #EC 480 0
2669 #EA 2548 20
2670 #EA 516 2669
2671 #EA 2670 340
2672 #EA 2668 2671
2673 #EA 2672 114
2674 #EC 570 
2675 #EA 2674 18
2676 #EA 2675 20
2677 #EA 2676 6
2678 #EA 2673 2677
2679 #EA 2678 9
2680 #EL #BD 572 2082 2679
2681 #EL #BD 41 2663 2680
2682 #EL #BI 68 0 2681
2683 #EL #BI 4 0 2682
#DEF 571 2667 2683 
573 #NS 1 decLe
2684 #EA 119 2156
2685 #EP #BD 68 0 2684
2686 #EP #BD 4 0 2685
2687 #EC 76 1
2688 #EA 2687 2684
2689 #EA 2688 899
2690 #EC 164 
2691 #EA 2690 897
2692 #EA 2691 340
2693 #EA 2689 2692
2694 #EA 134 2082
2695 #EC 477 
2696 #EA 2695 20
2697 #EA 2696 9
2698 #EA 2697 6
2699 #EA 2694 2698
2700 #EL #BD 41 899 2699
2701 #EA 2693 2700
2702 #EA 129 2082
2703 #EC 571 
2704 #EA 2703 20
2705 #EA 2704 9
2706 #EA 2705 6
2707 #EA 2702 2706
2708 #EL #BD 41 2663 2707
2709 #EA 2701 2708
2710 #EL #BD 68 0 2709
2711 #EL #BD 4 0 2710
#DEF 573 2686 2711 
574 #NS 1 decLt
2712 #EC 63 0
2713 #EA 2712 0
2714 #EC 70 
2715 #EA 2713 2714
2716 #EA 2715 9
2717 #EA 2716 6
2718 #EA 119 2717
2719 #EP #BD 68 0 2718
2720 #EP #BD 4 0 2719
2721 #EC 573 
2722 #EA 2721 81
2723 #EA 2722 6
2724 #EL #BD 68 0 2723
2725 #EL #BD 4 0 2724
#DEF 574 2720 2725 
575 #NS 0 Prosa
576 #NS 575 Util
577 #NS 576 SearchArg
578 #NS 577 search_arg
579 #NS 578 match_3
2726 #EP #BD 23 277 2501
580 #NS 135 Prosa
581 #NS 580 Util
582 #NS 581 SearchArg
583 #NI 582 1194379719
584 #NS 583 _hygCtx
585 #NS 584 _hyg
586 #NI 585 33
2727 #EA 298 751
2728 #EA 2727 20
2729 #EA 2728 443
2730 #EA 2729 755
2731 #EL #BD 104 260 2730
2732 #EL #BD 101 2499 2731
2733 #EL #BD 586 0 2732
2734 #EL #BD 23 277 2733
#DEF 579 2726 2734 79
587 #NS 8 casesOn
2735 #EP #BD 24 7 249
588 #NS 0 none
2736 #EC 9 2
2737 #EA 2736 20
2738 #EA 9 2737
589 #NS 0 some
2739 #EC 12 2
2740 #EA 2739 79
2741 #EA 2740 6
2742 #EA 18 2741
2743 #EP #BD 13 18 2742
2744 #EP #BD 589 2743 139
2745 #EP #BD 588 2738 2744
2746 #EP #BD 24 10 2745
2747 #EP #BI 23 2735 2746
2748 #EP #BI 10 4 2747
590 #NS 8 rec
2749 #EC 590 8 2
2750 #EA 2749 79
2751 #EA 2750 18
2752 #EA 2751 9
2753 #EA 2752 153
2754 #EA 2753 20
2755 #EL #BD 589 2743 2754
2756 #EL #BD 588 2738 2755
2757 #EL #BD 24 10 2756
2758 #EL #BI 23 2735 2757
2759 #EL #BI 10 4 2758
#DEF 587 2748 2759 79 11
591 #NS 578 match_1
592 #NS 51 Prosa
593 #NS 592 Util
594 #NS 593 SearchArg
595 #NI 594 1194379719
596 #NS 595 _hygCtx
597 #NS 596 _hyg
598 #NI 597 55
2760 #EC 8 0
2761 #EA 2760 0
2762 #EP #BD 598 2761 249
2763 #EC 9 0
2764 #EA 2763 0
2765 #EA 20 2764
2766 #EP #BD 142 396 2765
2767 #EC 12 0
2768 #EA 2767 0
2769 #EA 2768 6
2770 #EA 18 2769
2771 #EP #BD 50 0 2770
2772 #EP #BD 104 2771 139
2773 #EP #BD 101 2766 2772
2774 #EP #BD 598 2761 2773
2775 #EP #BD 23 2762 2774
2776 #EC 587 8 0
2777 #EA 2776 0
2778 #EL #BD 50 2761 268
2779 #EA 2777 2778
2780 #EA 2779 20
2781 #EA 2780 443
2782 #EA 2781 755
2783 #EL #BD 104 2771 2782
2784 #EL #BD 101 2766 2783
2785 #EL #BD 598 2761 2784
2786 #EL #BD 23 2762 2785
#DEF 591 2775 2786 79
599 #NS 5 and
600 #NS 599 match_1
601 #NI 53 2579035302
602 #NS 601 _hygCtx
603 #NS 602 _hyg
604 #NI 603 8
2787 #EA 20 345
2788 #EP #BD 142 396 2787
2789 #EA 18 340
2790 #EP #BD 142 396 2789
2791 #EP #BD 104 2790 139
2792 #EP #BD 101 2788 2791
2793 #EP #BD 604 3 2792
2794 #EP #BD 23 398 2793
2795 #EL #BD 50 3 268
2796 #EA 421 2795
2797 #EA 2796 20
2798 #EA 2797 443
2799 #EA 2798 445
2800 #EL #BD 104 2790 2799
2801 #EL #BD 101 2788 2800
2802 #EL #BD 604 3 2801
2803 #EL #BD 23 398 2802
#DEF 600 2794 2803 79
605 #NS 0 y
2804 #EP #BD 605 3 3
2805 #EP #BD 50 3 2804
2806 #EC 600 1
2807 #EL #BD 604 3 3
2808 #EA 2806 2807
2809 #EA 2808 9
2810 #EL #BD 142 396 345
2811 #EA 2809 2810
2812 #EL #BD 142 396 9
2813 #EA 2811 2812
2814 #EL #BD 605 3 2813
2815 #EL #BD 50 3 2814
#DEF 599 2805 2815 
606 #NS 578 _f
607 #NS 0 T
2816 #EP #BD 37 0 9
2817 #EP #BD 37 9 3
608 #NS 0 R
2818 #EP #BD 37 18 3
2819 #EP #BD 37 20 2818
2820 #EL #BD 120 0 2761
2821 #EA 324 2820
2822 #EA 2821 6
2823 #EP #BD 30 2822 2761
2824 #EP #BD 120 0 2823
2825 #EP #BD 33 0 2824
2826 #EP #BD 608 2819 2825
2827 #EP #BD 146 2817 2826
2828 #EP #BD 30 2816 2827
2829 #EP #BI 607 1912 2828
2830 #EC 47 1
2831 #EA 2830 2761
2832 #EA 2712 0
2833 #EA 2832 2714
2834 #EA 2833 20
2835 #EA 2834 9
2836 #EA 2831 2835
2837 #EC 574 
2838 #EA 2837 20
2839 #EA 2838 9
2840 #EA 2836 2839
2841 #EC 579 1
2842 #EL #BD 586 0 2823
2843 #EA 2841 2842
2844 #EA 2843 9
609 #NI 597 112
2845 #EA 2821 908
2846 #EL #BD 609 2845 2764
2847 #EL #BD 142 396 2846
2848 #EA 2844 2847
610 #NS 0 b'
2849 #EA 2821 258
2850 #EC 591 1
2851 #EL #BD 598 2761 2761
2852 #EA 2850 2851
2853 #EA 2852 350
2854 #EA 306 1199
2855 #EA 516 2854
2856 #EA 2855 340
2857 #EA 2831 2856
2858 #EA 2690 2854
2859 #EA 2858 340
2860 #EA 2857 2859
2861 #EA 2768 20
2862 #EA 2860 2861
2863 #EA 2862 2764
2864 #EL #BD 142 396 2863
2865 #EA 2853 2864
2866 #EC 599 
2867 #EA 2866 2854
2868 #EA 285 1199
2869 #EA 709 6
2870 #EA 2868 2869
2871 #EA 2867 2870
2872 #EA 516 2871
2873 #EA 2872 340
2874 #EA 2831 2873
2875 #EA 2690 2871
2876 #EA 2875 340
2877 #EA 2874 2876
2878 #EA 2877 2861
2879 #EA 2878 2769
2880 #EL #BD 50 0 2879
2881 #EA 2865 2880
2882 #EL #BD 609 2849 2881
2883 #EL #BD 610 0 2882
2884 #EA 2848 2883
2885 #EA 2884 6
2886 #EA 2840 2885
2887 #EA 2886 2764
2888 #EL #BD 30 2822 2887
2889 #EL #BD 120 0 2888
2890 #EL #BD 33 0 2889
2891 #EL #BD 608 2819 2890
2892 #EL #BD 146 2817 2891
2893 #EL #BD 30 2816 2892
2894 #EL #BI 607 1912 2893
#DEF 606 2829 2894 79
2895 #EP #BD 120 0 2761
2896 #EP #BD 33 0 2895
2897 #EP #BD 608 2819 2896
2898 #EP #BD 146 2817 2897
2899 #EP #BD 30 2816 2898
2900 #EP #BI 607 1912 2899
2901 #EA 362 2820
2902 #EA 2901 6
2903 #EC 606 8
2904 #EA 2903 169
2905 #EA 2904 79
2906 #EA 2905 18
2907 #EA 2906 20
2908 #EA 2907 9
2909 #EA 2902 2908
2910 #EL #BD 120 0 2909
2911 #EL #BD 33 0 2910
2912 #EL #BD 608 2819 2911
2913 #EL #BD 146 2817 2912
2914 #EL #BD 30 2816 2913
2915 #EL #BI 607 1912 2914
#DEF 578 2900 2915 79
611 #NS 578 eq_1
2916 #EA 515 2761
2917 #EC 578 8
2918 #EA 2917 79
2919 #EA 2918 18
2920 #EA 2919 20
2921 #EA 2920 9
2922 #EA 2921 6
2923 #EA 2922 908
2924 #EA 2916 2923
2925 #EA 2833 6
2926 #EA 2925 908
2927 #EA 2831 2926
2928 #EA 2837 6
2929 #EA 2928 908
2930 #EA 2927 2929
2931 #EA 2930 2764
2932 #EA 2931 2764
2933 #EA 2924 2932
2934 #EP #BD 33 0 2933
2935 #EP #BD 608 2819 2934
2936 #EP #BD 146 2817 2935
2937 #EP #BD 30 2816 2936
2938 #EP #BI 607 1912 2937
2939 #EA 1013 2761
2940 #EA 2939 2923
2941 #EL #BD 33 0 2940
2942 #EL #BD 608 2819 2941
2943 #EL #BD 146 2817 2942
2944 #EL #BD 30 2816 2943
2945 #EL #BI 607 1912 2944
#DEF 611 2938 2945 79
612 #NS 578 eq_2
2946 #EA 2917 169
2947 #EA 2946 79
2948 #EA 2947 18
2949 #EA 2948 20
2950 #EA 2949 9
2951 #EA 2950 258
2952 #EA 2916 2951
2953 #EA 2833 9
2954 #EA 2953 258
2955 #EA 2831 2954
2956 #EA 2837 9
2957 #EA 2956 258
2958 #EA 2955 2957
2959 #EA 2950 6
2960 #EA 2852 2959
2961 #EA 79 502
2962 #EA 516 2961
2963 #EA 2962 340
2964 #EA 2831 2963
2965 #EA 2690 2961
2966 #EA 2965 340
2967 #EA 2964 2966
2968 #EA 2768 9
2969 #EA 2967 2968
2970 #EA 2969 2764
2971 #EL #BD 142 396 2970
2972 #EA 2960 2971
2973 #EA 2866 2961
2974 #EA 18 502
2975 #EA 169 6
2976 #EA 2974 2975
2977 #EA 2973 2976
2978 #EA 516 2977
2979 #EA 2978 340
2980 #EA 2831 2979
2981 #EA 2690 2977
2982 #EA 2981 340
2983 #EA 2980 2982
2984 #EA 2983 2968
2985 #EA 2984 2769
2986 #EL #BD 50 0 2985
2987 #EA 2972 2986
2988 #EA 2958 2987
2989 #EA 2988 2764
2990 #EA 2952 2989
2991 #EP #BD 610 0 2990
2992 #EP #BD 33 0 2991
2993 #EP #BD 608 2819 2992
2994 #EP #BD 146 2817 2993
2995 #EP #BD 30 2816 2994
2996 #EP #BI 607 1912 2995
2997 #EA 2939 2951
2998 #EL #BD 610 0 2997
2999 #EL #BD 33 0 2998
3000 #EL #BD 608 2819 2999
3001 #EL #BD 146 2817 3000
3002 #EL #BD 30 2816 3001
3003 #EL #BI 607 1912 3002
#DEF 612 2996 3003 79
613 #NS 0 Exists
614 #NS 613 intro
3004 #EC 613 2
3005 #EA 3004 18
3006 #EA 3005 20
3007 #EP #BD 41 152 3006
3008 #EP #BD 432 9 3007
3009 #EP #BI 40 674 3008
3010 #EP #BI 10 15 3009
3011 #EP #BD 40 674 112
3012 #EP #BI 10 15 3011
#IND 2 613 3012 1 614 3010 11
615 #NS 0 And
616 #NS 615 intro
617 #NS 0 left
618 #NS 0 right
3013 #EC 615 
3014 #EA 3013 18
3015 #EA 3014 20
3016 #EP #BD 618 9 3015
3017 #EP #BD 617 9 3016
3018 #EP #BI 120 112 3017
3019 #EP #BI 33 112 3018
3020 #EP #BD 33 112 113
#IND 2 615 3020 1 616 3019 
619 #NS 613 casesOn
3021 #EA 3004 9
3022 #EA 3021 6
3023 #EP #BD 24 3022 112
3024 #EA 3004 20
3025 #EA 3024 9
620 #NS 0 intro
3026 #EC 614 2
3027 #EA 3026 169
3028 #EA 3027 79
3029 #EA 3028 9
3030 #EA 3029 6
3031 #EA 18 3030
3032 #EP #BD 41 61 3031
3033 #EP #BD 432 18 3032
3034 #EP #BD 620 3033 53
3035 #EP #BD 24 3025 3034
3036 #EP #BI 23 3023 3035
3037 #EP #BI 40 674 3036
3038 #EP #BI 10 15 3037
621 #NS 613 rec
3039 #EC 621 2
3040 #EA 3039 79
3041 #EA 3040 18
3042 #EA 3041 20
3043 #EL #BD 41 268 313
3044 #EL #BD 432 79 3043
3045 #EA 3042 3044
3046 #EA 3045 9
3047 #EL #BD 620 3033 3046
3048 #EL #BD 24 3025 3047
3049 #EL #BI 23 3023 3048
3050 #EL #BI 40 674 3049
3051 #EL #BI 10 15 3050
#DEF 619 3038 3051 11
622 #NS 0 Or
623 #NS 622 inl
3052 #EC 622 
3053 #EA 3052 20
3054 #EA 3053 9
3055 #EP #BD 41 9 3054
3056 #EP #BI 120 112 3055
3057 #EP #BI 33 112 3056
624 #NS 622 inr
3058 #EP #BD 41 6 3054
3059 #EP #BI 120 112 3058
3060 #EP #BI 33 112 3059
#IND 2 622 3020 2 623 3057 624 3060 
625 #NS 622 casesOn
3061 #EA 3052 9
3062 #EA 3061 6
3063 #EP #BD 24 3062 112
626 #NS 0 inl
3064 #EC 623 
3065 #EA 3064 79
3066 #EA 3065 18
3067 #EA 3066 6
3068 #EA 20 3067
3069 #EP #BD 41 18 3068
627 #NS 0 inr
3070 #EC 624 
3071 #EA 3070 169
3072 #EA 3071 79
3073 #EA 3072 6
3074 #EA 18 3073
3075 #EP #BD 41 18 3074
3076 #EP #BD 627 3075 139
3077 #EP #BD 626 3069 3076
3078 #EP #BD 24 3054 3077
3079 #EP #BI 23 3063 3078
3080 #EP #BI 120 112 3079
3081 #EP #BI 33 112 3080
628 #NS 622 rec
3082 #EC 628 
3083 #EA 3082 169
3084 #EA 3083 79
3085 #EA 3084 18
3086 #EL #BD 41 169 149
3087 #EA 3085 3086
3088 #EA 3087 153
3089 #EA 3088 20
3090 #EL #BD 627 3075 3089
3091 #EL #BD 626 3069 3090
3092 #EL #BD 24 3054 3091
3093 #EL #BI 23 3063 3092
3094 #EL #BI 120 112 3093
3095 #EL #BI 33 112 3094
#DEF 625 3081 3095 
629 #NS 217 Prosa
630 #NS 629 Util
631 #NS 630 SearchArg
632 #NI 631 0
633 #NS 632 Prosa
634 #NS 633 Util
635 #NS 634 SearchArg
636 #NS 635 leastWitnessUpTo
637 #NS 636 match_1
638 #NI 594 2926787026
639 #NS 638 _hygCtx
640 #NS 639 _hyg
641 #NI 640 59
3096 #EA 20 2769
3097 #EP #BD 68 0 3096
3098 #EA 18 2764
3099 #EP #BD 142 396 3098
3100 #EP #BD 104 3099 139
3101 #EP #BD 101 3097 3100
3102 #EP #BD 641 2761 3101
3103 #EP #BD 23 2762 3102
3104 #EA 2780 445
642 #NS 13 _@
643 #NS 642 Prosa
644 #NS 643 Util
645 #NS 644 SearchArg
646 #NI 645 2926787026
647 #NS 646 _hygCtx
648 #NS 647 _hyg
649 #NI 648 99
3105 #EL #BD 649 0 149
3106 #EA 3104 3105
3107 #EL #BD 104 3099 3106
3108 #EL #BD 101 3097 3107
3109 #EL #BD 641 2761 3108
3110 #EL #BD 23 2762 3109
#DEF 637 3103 3110 79
650 #NS 636 _f
651 #NS 0 pred
3111 #EP #BD 651 325 2824
652 #NI 640 9
653 #NI 640 103
3112 #EA 79 908
3113 #EA 516 3112
3114 #EA 3113 340
3115 #EA 2831 3114
3116 #EA 2690 3112
3117 #EA 3116 340
3118 #EA 3115 3117
3119 #EA 2768 908
3120 #EA 3118 3119
3121 #EA 3120 2764
3122 #EL #BD 653 2845 3121
3123 #EL #BD 142 396 3122
3124 #EA 2844 3123
3125 #EC 637 1
3126 #EA 3125 2851
3127 #EA 3126 350
3128 #EL #BD 68 0 2769
3129 #EA 3127 3128
3130 #EA 2058 20
3131 #EA 3130 2062
3132 #EA 169 3131
3133 #EA 516 3132
3134 #EA 3133 340
3135 #EA 2831 3134
3136 #EA 2690 3132
3137 #EA 3136 340
3138 #EA 3135 3137
3139 #EA 2768 3131
3140 #EA 3138 3139
3141 #EA 3140 2764
3142 #EL #BD 142 396 3141
3143 #EA 3129 3142
3144 #EL #BD 653 2849 3143
3145 #EL #BD 4 0 3144
3146 #EA 3124 3145
3147 #EA 3146 6
3148 #EL #BD 30 2822 3147
3149 #EL #BD 652 0 3148
3150 #EL #BD 651 325 3149
#DEF 650 3111 3150 
3151 #EP #BD 651 325 2895
3152 #EC 650 
3153 #EA 3152 9
3154 #EA 2902 3153
3155 #EL #BD 652 0 3154
3156 #EL #BD 651 325 3155
#DEF 636 3151 3156 
654 #NS 1 recAux
3157 #EA 6 908
3158 #EA 2058 9
3159 #EA 3158 2062
3160 #EA 18 3159
3161 #EP #BD 37 149 3160
3162 #EP #BD 4 0 3161
3163 #EP #BD 24 0 61
3164 #EP #BD 82 3162 3163
3165 #EP #BD 81 3157 3164
3166 #EP #BI 23 29 3165
3167 #EA 265 751
3168 #EA 3167 20
3169 #EA 3168 9
3170 #EA 3169 6
3171 #EL #BD 24 0 3170
3172 #EL #BD 82 3162 3171
3173 #EL #BD 81 3157 3172
3174 #EL #BI 23 29 3173
#DEF 654 3166 3174 11
655 #NS 77 mpr
3175 #EP #BD 41 1288 235
3176 #EP #BI 18 15 3175
3177 #EP #BI 10 15 3176
3178 #EA 1294 20
656 #NS 52 Core
657 #NI 656 2537982879
658 #NS 657 _hygCtx
659 #NS 658 _hyg
660 #NI 659 14
661 #NS 250 Core
662 #NI 661 2537982879
663 #NS 662 _hygCtx
664 #NS 663 _hyg
665 #NI 664 15
3179 #EA 1286 18
3180 #EA 3179 6
3181 #EL #BD 665 3180 9
3182 #EL #BD 660 15 3181
3183 #EA 3178 3182
3184 #EA 3183 6
3185 #EA 3184 18
3186 #EC 346 3
3187 #EA 3186 15
3188 #EA 3187 18
3189 #EA 3188 20
3190 #EA 3189 9
3191 #EA 3185 3190
3192 #EL #BD 120 9 3191
3193 #EL #BD 41 1288 3192
3194 #EL #BI 18 15 3193
3195 #EL #BI 10 15 3194
#DEF 655 3177 3195 11
666 #NS 0 id
3196 #EP #BD 33 6 9
3197 #EP #BI 10 15 3196
3198 #EL #BD 33 6 6
3199 #EL #BI 10 15 3198
#DEF 666 3197 3199 11
667 #NS 0 congrFun'
3200 #EP #BD 37 9 9
668 #NS 0 g
18 #UIM 2 4
3201 #EC 77 18
3202 #EA 3201 802
3203 #EA 3202 9
3204 #EA 3203 6
3205 #EA 807 61
3206 #EA 3205 149
3207 #EP #BD 33 79 3206
3208 #EP #BD 41 3204 3207
3209 #EP #BI 668 1289 3208
3210 #EP #BI 30 3200 3209
3211 #EP #BI 18 16 3210
3212 #EP #BI 10 15 3211
3213 #EC 155 0 18
3214 #EP #BD 37 169 169
3215 #EA 3213 3214
3216 #EA 3215 18
669 #NI 53 2891185530
670 #NS 669 _hygCtx
671 #NS 670 _hyg
672 #NI 671 26
673 #NI 251 2891185530
674 #NS 673 _hygCtx
675 #NS 674 _hyg
676 #NI 675 27
3217 #EP #BD 37 285 285
3218 #EA 3201 3217
3219 #EA 3218 79
3220 #EA 3219 6
3221 #EA 824 1134
3222 #EA 3221 810
3223 #EL #BD 676 3220 3222
3224 #EL #BD 672 3214 3223
3225 #EA 3216 3224
3226 #EA 832 61
3227 #EA 3225 3226
3228 #EA 3227 20
3229 #EA 3228 9
3230 #EL #BD 33 79 3229
3231 #EL #BD 41 3204 3230
3232 #EL #BI 668 1289 3231
3233 #EL #BI 30 3200 3232
3234 #EL #BI 18 16 3233
3235 #EL #BI 10 15 3234
#DEF 667 3212 3235 11 19
677 #NS 27 eq
3236 #EA 371 53
3237 #EC 27 2
3238 #EA 3237 20
3239 #EA 3238 9
3240 #EA 3239 6
3241 #EA 3236 3240
3242 #EJ 16 1 107
3243 #EA 485 3242
3244 #EA 3241 3243
3245 #EP #BD 29 52 3244
3246 #EP #BD 24 0 3245
3247 #EP #BI 23 29 3246
3248 #EA 371 61
3249 #EA 3237 18
3250 #EA 3249 6
3251 #EA 3250 9
3252 #EA 3248 3251
3253 #EA 104 18
3254 #EA 3253 6
3255 #EA 3254 9
3256 #EJ 16 1 3255
3257 #EA 152 3256
3258 #EA 3252 3257
3259 #EL #BD 50 0 3258
3260 #EA 750 3259
3261 #EA 3260 9
3262 #EA 460 70
3263 #EA 3238 69
3264 #EA 3263 6
3265 #EA 3262 3264
3266 #EA 3261 3265
678 #NI 107 1759501723
679 #NS 678 _hygCtx
680 #NS 679 _hyg
681 #NI 680 8
3267 #EA 460 259
3268 #EA 3249 258
3269 #EA 3268 9
3270 #EA 3267 3269
3271 #EL #BD 681 0 3270
3272 #EA 3266 3271
3273 #EL #BD 29 52 3272
3274 #EL #BD 24 0 3273
3275 #EL #BI 23 29 3274
#DEF 677 3247 3275 11
682 #NS 635 search_arg
683 #NS 682 match_3
684 #NS 683 splitter
3276 #EC 579 8
#DEF 684 2726 3276 79
685 #NS 636 eq_def
3277 #EC 636 
3278 #EA 3277 9
3279 #EA 3278 6
3280 #EA 2916 3279
3281 #EA 2841 2820
3282 #EA 3281 6
3283 #EA 516 2498
3284 #EA 3283 340
3285 #EA 2831 3284
3286 #EA 2690 2498
3287 #EA 3286 340
3288 #EA 3285 3287
3289 #EA 3288 3119
3290 #EA 3289 2764
3291 #EL #BD 142 396 3290
3292 #EA 3282 3291
3293 #EA 3277 20
3294 #EA 3293 6
3295 #EA 3126 3294
3296 #EA 3295 3128
3297 #EA 516 3160
3298 #EA 3297 340
3299 #EA 2831 3298
3300 #EA 2690 3160
3301 #EA 3300 340
3302 #EA 3299 3301
3303 #EA 2768 3159
3304 #EA 3302 3303
3305 #EA 3304 2764
3306 #EL #BD 142 396 3305
3307 #EA 3296 3306
3308 #EL #BD 4 0 3307
3309 #EA 3292 3308
3310 #EA 3280 3309
3311 #EP #BD 652 0 3310
3312 #EP #BD 651 325 3311
3313 #EC 666 0
3314 #EA 3313 3310
686 #NS 0 r
3315 #EC 28 1
3316 #EA 3315 2820
3317 #EA 3316 6
3318 #EA 3317 3153
3319 #EJ 16 1 3318
3320 #EC 655 0
3321 #EA 2901 9
3322 #EA 3152 20
3323 #EA 3321 3322
3324 #EA 2916 3323
3325 #EA 3281 9
3326 #EA 18 908
3327 #EA 516 3326
3328 #EA 3327 340
3329 #EA 2831 3328
3330 #EA 2690 3326
3331 #EA 3330 340
3332 #EA 3329 3331
3333 #EA 3332 3119
3334 #EA 3333 2764
3335 #EL #BD 142 396 3334
3336 #EA 3325 3335
3337 #EA 3277 18
3338 #EA 3337 6
3339 #EA 3126 3338
3340 #EA 3339 3128
3341 #EA 79 3159
3342 #EA 516 3341
3343 #EA 3342 340
3344 #EA 2831 3343
3345 #EA 2690 3341
3346 #EA 3345 340
3347 #EA 3344 3346
3348 #EA 3347 3303
3349 #EA 3348 2764
3350 #EL #BD 142 396 3349
3351 #EA 3340 3350
3352 #EL #BD 4 0 3351
3353 #EA 3336 3352
3354 #EA 3324 3353
3355 #EA 3320 3354
3356 #EA 2916 6
3357 #EA 3281 20
3358 #EL #BD 142 396 3121
3359 #EA 3357 3358
3360 #EA 3277 79
3361 #EA 3360 6
3362 #EA 3126 3361
3363 #EA 3362 3128
3364 #EA 169 3159
3365 #EA 516 3364
3366 #EA 3365 340
3367 #EA 2831 3366
3368 #EA 2690 3364
3369 #EA 3368 340
3370 #EA 3367 3369
3371 #EA 3370 3303
3372 #EA 3371 2764
3373 #EL #BD 142 396 3372
3374 #EA 3363 3373
3375 #EL #BD 4 0 3374
3376 #EA 3359 3375
3377 #EA 3356 3376
3378 #EL #BD 50 2761 3377
3379 #EA 3322 9
3380 #EA 3379 6
3381 #EA 3378 3380
3382 #EA 3355 3381
3383 #EA 515 112
3384 #EA 3383 3354
3385 #EA 3384 3381
3386 #EA 3313 3385
3387 #EC 242 1 1
3388 #EA 3387 2761
3389 #EA 3388 112
3390 #EA 3389 3323
3391 #EA 3316 9
3392 #EA 3391 3322
3393 #EJ 16 1 3392
3394 #EA 3379 3393
3395 #EA 3390 3394
3396 #EA 3395 3378
3397 #EC 677 1
3398 #EA 3397 2820
3399 #EA 3398 9
3400 #EA 3399 3322
3401 #EA 3396 3400
3402 #EA 3386 3401
3403 #EA 3382 3402
3404 #EA 3313 3381
3405 #EA 2916 3147
3406 #EA 3405 3353
3407 #EA 3313 3406
3408 #EC 684 0
3409 #EA 858 20
3410 #EA 3409 6
687 #NI 639 9
688 #NS 687 Prosa
689 #NS 688 Util
690 #NS 689 SearchArg
691 #NI 690 2926787026
692 #NS 691 _hygCtx
693 #NS 692 _hyg
694 #NI 693 21
19 #US 1
3411 #EC 25 19
3412 #EL #BD 24 0 2
3413 #EA 3411 3412
3414 #EA 3413 379
3415 #EC 16 1 1
3416 #EA 3415 2761
3417 #EA 3416 6
3418 #EL #BD 26 2 3417
3419 #EL #BD 4 0 3418
3420 #EA 3414 3419
3421 #EA 3420 6
3422 #EP #BD 653 3421 2761
3423 #EL #BD 694 0 3422
3424 #EA 2841 3423
3425 #EA 3424 18
3426 #EA 3420 908
3427 #EA 285 908
3428 #EA 516 3427
3429 #EA 3428 340
3430 #EA 2831 3429
3431 #EA 2690 3427
3432 #EA 3431 340
3433 #EA 3430 3432
3434 #EA 3433 3119
3435 #EA 3434 2764
3436 #EL #BD 653 3426 3435
3437 #EL #BD 142 396 3436
3438 #EA 3425 3437
3439 #EA 3416 3421
3440 #EA 306 3131
3441 #EA 516 3440
3442 #EA 3441 340
3443 #EA 2831 3442
3444 #EA 2690 3440
3445 #EA 3444 340
3446 #EA 3443 3445
3447 #EA 3446 3139
3448 #EA 3447 2764
3449 #EL #BD 142 396 3448
3450 #EA 3129 3449
3451 #EL #BD 653 3439 3450
3452 #EL #BD 4 0 3451
3453 #EA 3438 3452
3454 #EA 3453 20
3455 #EA 2916 3454
3456 #EA 3281 18
3457 #EA 516 913
3458 #EA 3457 340
3459 #EA 2831 3458
3460 #EA 2690 913
3461 #EA 3460 340
3462 #EA 3459 3461
3463 #EA 3462 3119
3464 #EA 3463 2764
3465 #EL #BD 142 396 3464
3466 #EA 3456 3465
3467 #EA 3277 169
3468 #EA 3467 6
3469 #EA 3126 3468
3470 #EA 3469 3128
3471 #EA 285 3159
3472 #EA 516 3471
3473 #EA 3472 340
3474 #EA 2831 3473
3475 #EA 2690 3471
3476 #EA 3475 340
3477 #EA 3474 3476
3478 #EA 3477 3303
3479 #EA 3478 2764
3480 #EL #BD 142 396 3479
3481 #EA 3470 3480
3482 #EL #BD 4 0 3481
3483 #EA 3466 3482
3484 #EA 3455 3483
3485 #EP #BD 41 3410 3484
3486 #EL #BD 120 0 3485
3487 #EA 3408 3486
3488 #EA 3487 9
3489 #EA 3409 908
3490 #EA 1522 908
3491 #EA 3152 169
3492 #EA 3317 3491
3493 #EJ 16 1 3492
3494 #EA 3424 9
3495 #EA 709 908
3496 #EA 516 3495
3497 #EA 3496 340
3498 #EA 2831 3497
3499 #EA 2690 3495
3500 #EA 3499 340
3501 #EA 3498 3500
3502 #EA 3501 3119
3503 #EA 3502 2764
3504 #EL #BD 653 3426 3503
3505 #EL #BD 142 396 3504
3506 #EA 3494 3505
3507 #EA 963 3131
3508 #EA 516 3507
3509 #EA 3508 340
3510 #EA 2831 3509
3511 #EA 2690 3507
3512 #EA 3511 340
3513 #EA 3510 3512
3514 #EA 3513 3139
3515 #EA 3514 2764
3516 #EL #BD 142 396 3515
3517 #EA 3129 3516
3518 #EL #BD 653 3439 3517
3519 #EL #BD 4 0 3518
3520 #EA 3506 3519
3521 #EA 3520 6
3522 #EA 2916 3521
3523 #EA 306 908
3524 #EA 516 3523
3525 #EA 3524 340
3526 #EA 2831 3525
3527 #EA 2690 3523
3528 #EA 3527 340
3529 #EA 3526 3528
3530 #EA 3529 3119
3531 #EA 3530 2764
3532 #EL #BD 142 396 3531
3533 #EA 3325 3532
3534 #EA 3277 306
3535 #EA 3534 6
3536 #EA 3126 3535
3537 #EA 3536 3128
3538 #EA 709 3159
3539 #EA 516 3538
3540 #EA 3539 340
3541 #EA 2831 3540
3542 #EA 2690 3538
3543 #EA 3542 340
3544 #EA 3541 3543
3545 #EA 3544 3303
3546 #EA 3545 2764
3547 #EL #BD 142 396 3546
3548 #EA 3537 3547
3549 #EL #BD 4 0 3548
3550 #EA 3533 3549
3551 #EA 3522 3550
3552 #EZ 686 2822 3493 3551
3553 #EL #BD 652 0 3552
3554 #EA 3490 3553
3555 #EA 3316 908
3556 #EA 3152 79
3557 #EA 3555 3556
3558 #EJ 16 1 3557
3559 #EA 3424 908
3560 #EL #BD 653 3426 3531
3561 #EL #BD 142 396 3560
3562 #EA 3559 3561
3563 #EA 709 3131
3564 #EA 516 3563
3565 #EA 3564 340
3566 #EA 2831 3565
3567 #EA 2690 3563
3568 #EA 3567 340
3569 #EA 3566 3568
3570 #EA 3569 3139
3571 #EA 3570 2764
3572 #EL #BD 142 396 3571
3573 #EA 3129 3572
3574 #EL #BD 653 3439 3573
3575 #EL #BD 4 0 3574
3576 #EA 3562 3575
3577 #EA 3576 6
3578 #EA 2916 3577
3579 #EA 3281 908
3580 #EL #BD 142 396 3435
3581 #EA 3579 3580
3582 #EA 3277 285
3583 #EA 3582 6
3584 #EA 3126 3583
3585 #EA 3584 3128
3586 #EA 306 3159
3587 #EA 516 3586
3588 #EA 3587 340
3589 #EA 2831 3588
3590 #EA 2690 3586
3591 #EA 3590 340
3592 #EA 3589 3591
3593 #EA 3592 3303
3594 #EA 3593 2764
3595 #EL #BD 142 396 3594
3596 #EA 3585 3595
3597 #EL #BD 4 0 3596
3598 #EA 3581 3597
3599 #EA 3578 3598
3600 #EA 3313 3599
3601 #EA 2939 3464
3602 #EA 3600 3601
3603 #EZ 686 2845 3558 3602
3604 #EA 3554 3603
3605 #EA 3604 18
3606 #EA 1652 18
3607 #EA 3606 908
3608 #EA 3607 6
3609 #EA 3605 3608
3610 #EL #BD 41 3489 3609
3611 #EL #BD 142 396 3610
3612 #EA 3488 3611
3613 #EA 3409 258
3614 #EA 1522 81
3615 #EA 3614 3553
3616 #EA 2821 81
3617 #EA 3316 81
3618 #EA 3617 3556
3619 #EJ 16 1 3618
3620 #EA 3424 922
3621 #EA 3620 3561
3622 #EA 3621 3575
3623 #EA 3622 6
3624 #EA 2916 3623
3625 #EA 3281 922
3626 #EA 3625 3580
3627 #EA 3626 3597
3628 #EA 3624 3627
3629 #EA 3313 3628
3630 #EA 285 2063
3631 #EA 516 3630
3632 #EA 3631 340
3633 #EA 2831 3632
3634 #EA 2690 3630
3635 #EA 3634 340
3636 #EA 3633 3635
3637 #EA 2768 2063
3638 #EA 3636 3637
3639 #EA 3638 2764
3640 #EL #BD 142 396 3639
3641 #EA 3129 3640
3642 #EA 2939 3641
3643 #EA 3629 3642
3644 #EZ 686 3616 3619 3643
3645 #EA 3615 3644
3646 #EA 3645 18
3647 #EA 3606 81
3648 #EA 3647 6
3649 #EA 3646 3648
3650 #EL #BD 41 3613 3649
3651 #EL #BD 610 0 3650
3652 #EA 3612 3651
3653 #EA 1845 9
3654 #EA 3652 3653
3655 #EA 3407 3654
3656 #EA 3404 3655
3657 #EA 3403 3656
3658 #EZ 686 2822 3319 3657
3659 #EA 3314 3658
3660 #EL #BD 652 0 3659
3661 #EL #BD 651 325 3660
#DEF 685 3312 3661 
695 #NS 218 Core
696 #NI 695 0
697 #NS 696 if_neg
698 #NS 697 match_1_1
699 #NI 661 3605429635
700 #NS 699 _hygCtx
701 #NS 700 _hyg
702 #NI 701 27
3662 #EP #BD 702 126 112
703 #NS 0 hc
3663 #EA 134 18
3664 #EA 3663 6
3665 #EA 20 3664
3666 #EP #BD 703 20 3665
704 #NI 701 42
3667 #EA 129 79
3668 #EA 3667 6
3669 #EA 18 3668
3670 #EP #BD 704 173 3669
3671 #EP #BD 104 3670 139
3672 #EP #BD 101 3666 3671
3673 #EP #BD 702 120 3672
3674 #EP #BD 23 3662 3673
3675 #EP #BI 48 112 3674
3676 #EC 43 0
3677 #EA 3676 79
3678 #EA 119 79
3679 #EL #BD 50 3678 268
3680 #EA 3677 3679
3681 #EA 3680 20
705 #NI 701 46
3682 #EL #BD 705 148 152
3683 #EA 3681 3682
706 #NI 701 47
3684 #EL #BD 706 79 149
3685 #EA 3683 3684
3686 #EL #BD 104 3670 3685
3687 #EL #BD 101 3666 3686
3688 #EL #BD 702 120 3687
3689 #EL #BD 23 3662 3688
3690 #EL #BI 48 112 3689
#DEF 698 3675 3690 
707 #NS 0 if_neg
708 #NS 0 hnc
3691 #EA 117 9
3692 #EC 47 2
3693 #EA 3692 20
3694 #EA 3693 169
3695 #EA 3694 79
3696 #EA 3695 9
3697 #EA 3696 6
3698 #EA 372 3697
3699 #EA 3698 6
3700 #EP #BI 49 9 3699
3701 #EP #BI 24 6 3700
3702 #EP #BI 10 15 3701
3703 #EP #BD 708 3691 3702
3704 #EP #BI 41 126 3703
3705 #EP #BI 48 112 3704
3706 #EC 698 
3707 #EA 3706 169
3708 #EA 119 169
3709 #EA 3692 18
3710 #EA 3709 285
3711 #EA 3710 6
3712 #EA 3711 20
3713 #EA 3712 9
3714 #EA 844 3713
3715 #EA 3714 9
3716 #EL #BD 702 3708 3715
3717 #EA 3707 3716
3718 #EA 3717 79
3719 #EA 2668 285
3720 #EA 134 285
3721 #EA 3720 6
3722 #EA 3710 3721
3723 #EA 3722 20
3724 #EA 3723 9
3725 #EA 844 3724
3726 #EA 3725 9
3727 #EA 3719 3726
3728 #EA 3727 6
3729 #EA 3728 79
3730 #EL #BD 703 169 3729
3731 #EA 3718 3730
3732 #EA 117 169
3733 #EA 129 285
3734 #EA 3733 6
3735 #EA 3710 3734
3736 #EA 3735 20
3737 #EA 3736 9
3738 #EA 1276 3737
3739 #EL #BD 704 3732 3738
3740 #EA 3731 3739
3741 #EL #BI 49 9 3740
3742 #EL #BI 24 6 3741
3743 #EL #BI 10 15 3742
3744 #EL #BD 708 3691 3743
3745 #EL #BI 41 126 3744
3746 #EL #BI 48 112 3745
#DEF 707 3705 3746 11
709 #NS 65 casesOn
3747 #EA 1076 18
3748 #EA 304 3747
3749 #EA 169 81
3750 #EA 1082 285
3751 #EA 3750 9
3752 #EA 3751 6
3753 #EA 3749 3752
3754 #EP #BD 37 1156 3753
3755 #EP #BI 68 0 3754
3756 #EP #BD 336 3755 1940
3757 #EP #BD 182 3748 3756
3758 #EP #BD 24 1108 3757
3759 #EP #BI 37 0 3758
3760 #EP #BI 23 1099 3759
3761 #EP #BI 4 0 3760
3762 #EA 1146 169
3763 #EA 3762 79
3764 #EA 3763 9
3765 #EA 197 285
3766 #EA 3765 6
3767 #EA 285 9
3768 #EA 3767 6
3769 #EL #BD 327 3768 647
3770 #EL #BD 37 3766 3769
3771 #EL #BI 68 0 3770
3772 #EA 3764 3771
3773 #EA 3772 18
3774 #EA 3773 20
3775 #EL #BD 336 3755 3774
3776 #EL #BD 182 3748 3775
3777 #EL #BD 24 1108 3776
3778 #EL #BI 37 0 3777
3779 #EL #BI 23 1099 3778
3780 #EL #BI 4 0 3779
#DEF 709 3761 3780 
710 #NS 270 le_antisymm
711 #NS 710 match_1_1
712 #NI 279 1392848918
713 #NS 712 _hygCtx
714 #NS 713 _hyg
715 #NI 714 22
716 #NS 371 _@
717 #NS 716 Init
718 #NS 717 Prelude
719 #NI 718 1392848918
720 #NS 719 _hygCtx
721 #NS 720 _hyg
722 #NI 721 16
3781 #EA 1386 20
3782 #EP #BD 481 3781 112
3783 #EP #BD 722 1387 3782
3784 #EP #BD 715 0 3783
3785 #EA 1386 18
3786 #EA 1392 79
3787 #EA 79 169
3788 #EA 3787 1188
3789 #EA 3788 6
3790 #EP #BD 481 3786 3789
723 #NI 714 51
3791 #EA 1062 81
3792 #EA 3791 306
3793 #EA 306 922
3794 #EA 1082 709
3795 #EA 3794 20
3796 #EA 3795 9
3797 #EA 3793 3796
3798 #EA 3797 6
3799 #EP #BD 481 3792 3798
3800 #EP #BD 41 3766 3799
3801 #EP #BD 723 0 3800
3802 #EP #BD 104 3801 929
3803 #EP #BD 101 3790 3802
3804 #EP #BD 481 3785 3803
3805 #EP #BD 722 1391 3804
3806 #EP #BD 715 0 3805
3807 #EP #BD 23 3784 3806
3808 #EP #BI 4 0 3807
3809 #EC 709 
3810 #EA 3809 285
3811 #EA 858 285
3812 #EA 3811 9
3813 #EA 1425 306
3814 #EA 989 3813
3815 #EA 3814 285
3816 #EA 197 963
3817 #EA 3816 20
3818 #EA 3815 3817
3819 #EA 3818 9
3820 #EA 963 709
3821 #EA 3820 306
3822 #EA 3821 285
3823 #EP #BD 41 3819 3822
3824 #EP #BD 41 3812 3823
3825 #EL #BD 50 1194 3824
3826 #EL #BD 37 0 3825
3827 #EA 3810 3826
3828 #EA 3827 79
3829 #EA 3828 18
724 #NI 251 1392848918
725 #NS 724 _hygCtx
726 #NS 725 _hyg
727 #NI 726 70
3830 #EA 1519 285
3831 #EA 1522 306
3832 #EA 1386 963
3833 #EA 1470 20
3834 #EA 989 3833
3835 #EA 3834 9
3836 #EA 3835 1562
3837 #EA 3836 1564
3838 #EA 1202 18
3839 #EA 3838 20
3840 #EA 3839 9
3841 #EP #BD 41 3837 3840
3842 #EP #BD 481 3832 3841
3843 #EP #BD 722 1464 3842
3844 #EL #BD 715 0 3843
3845 #EA 3831 3844
3846 #EA 1417 306
728 #NI 726 71
3847 #EA 1425 963
3848 #EA 989 3847
3849 #EA 3848 9
3850 #EA 3816 963
3851 #EA 3849 3850
3852 #EA 1076 963
3853 #EA 3851 3852
3854 #EA 1566 1558
3855 #EA 3854 1564
3856 #EA 1202 1436
3857 #EA 3856 6
3858 #EA 3857 20
3859 #EL #BD 722 1558 3858
3860 #EA 3855 3859
3861 #EA 3860 502
3862 #EA 3861 20
3863 #EA 1621 1558
3864 #EA 3863 20
3865 #EA 3864 1564
3866 #EA 1625 1558
3867 #EA 3866 20
3868 #EA 3867 1564
3869 #EA 3868 6
3870 #EA 3865 3869
3871 #EA 3862 3870
3872 #EL #BD 728 3853 3871
3873 #EL #BD 481 1555 3872
3874 #EL #BD 722 3846 3873
3875 #EA 3845 3874
3876 #EA 3875 169
3877 #EA 1653 306
3878 #EA 3877 6
3879 #EA 3876 3878
3880 #EA 3879 79
3881 #EA 3880 18
3882 #EL #BD 727 3830 3881
3883 #EA 3829 3882
729 #NI 714 68
730 #NI 406 1392848918
731 #NS 730 _hygCtx
732 #NS 731 _hyg
733 #NI 732 69
734 #NI 726 73
3884 #EA 3811 81
3885 #EA 1522 922
3886 #EA 1386 1436
3887 #EA 1598 20
3888 #EA 989 3887
3889 #EA 3888 9
3890 #EA 197 1488
3891 #EA 3890 990
3892 #EA 3889 3891
3893 #EA 1082 1488
3894 #EA 3893 169
3895 #EA 3894 79
3896 #EA 3892 3895
3897 #EA 1488 18
3898 #EA 3897 20
3899 #EA 3898 9
3900 #EP #BD 41 3896 3899
3901 #EP #BD 481 3886 3900
3902 #EP #BD 722 1471 3901
3903 #EL #BD 715 0 3902
3904 #EA 3885 3903
3905 #EA 1425 922
3906 #EA 1062 964
3907 #EA 3906 1202
735 #NI 726 74
3908 #EA 1437 1663
3909 #EA 989 3908
3910 #EA 3909 9
3911 #EA 1484 1663
3912 #EA 3910 3911
3913 #EA 1082 1436
3914 #EA 3913 79
3915 #EA 3914 18
3916 #EA 3912 3915
3917 #EA 1598 990
3918 #EA 1566 3917
3919 #EA 3918 3895
3920 #EA 1488 1727
3921 #EA 3920 6
3922 #EA 3921 20
3923 #EL #BD 722 3917 3922
3924 #EA 3919 3923
3925 #EA 413 9
3926 #EA 3924 3925
3927 #EA 3926 20
3928 #EA 1621 3917
3929 #EA 3928 20
3930 #EA 3929 3895
3931 #EA 1625 3917
3932 #EA 3931 20
3933 #EA 3932 3895
3934 #EA 3933 6
3935 #EA 3930 3934
3936 #EA 3927 3935
3937 #EL #BD 735 3916 3936
3938 #EL #BD 481 3907 3937
3939 #EL #BD 722 3905 3938
3940 #EA 3904 3939
3941 #EA 3940 306
3942 #EA 1652 306
3943 #EA 3942 922
3944 #EA 3943 6
3945 #EA 3941 3944
3946 #EA 3945 285
3947 #EA 3946 169
3948 #EL #BD 734 3884 3947
3949 #EL #BD 733 1194 3948
3950 #EL #BI 729 0 3949
3951 #EA 3883 3950
3952 #EA 3951 1846
3953 #EA 2020 79
3954 #EA 1031 3953
3955 #EA 3954 18
3956 #EA 3952 3955
3957 #EL #BD 104 3801 3956
3958 #EL #BD 101 3790 3957
3959 #EL #BD 481 3785 3958
3960 #EL #BD 722 1391 3959
3961 #EL #BD 715 0 3960
3962 #EL #BD 23 3784 3961
3963 #EL #BI 4 0 3962
#DEF 711 3808 3963 
736 #NS 270 le_trans
737 #NS 736 match_1_10
738 #NI 53 2514409987
739 #NS 738 _hygCtx
740 #NS 739 _hyg
741 #NI 740 16
3964 #EA 1390 9
742 #NI 740 17
3965 #EP #BD 742 3964 112
3966 #EP #BD 741 3964 3965
3967 #EP #BI 163 0 3966
743 #NS 163 _@
744 #NS 743 Init
745 #NS 744 Prelude
746 #NI 745 2514409987
747 #NS 746 _hygCtx
748 #NS 747 _hyg
749 #NI 748 46
750 #NI 739 16
751 #NS 750 Init
752 #NS 751 Prelude
753 #NI 752 2514409987
754 #NS 753 _hygCtx
755 #NS 754 _hyg
756 #NI 755 35
3968 #EA 1403 20
757 #NI 739 17
758 #NS 757 Init
759 #NS 758 Prelude
760 #NI 759 2514409987
761 #NS 760 _hygCtx
762 #NS 761 _hyg
763 #NI 762 38
3969 #EA 1403 9
3970 #EA 1417 285
3971 #EA 2047 6
3972 #EA 3971 9
3973 #EP #BD 741 3970 3972
3974 #EL #BD 742 1406 3973
3975 #EL #BI 163 0 3974
3976 #EA 1148 3975
3977 #EA 3976 20
3978 #EA 3977 6
3979 #EP #BD 395 3978 112
3980 #EP #BD 763 3969 3979
3981 #EP #BD 756 3968 3980
3982 #EP #BD 749 0 3981
3983 #EA 1392 18
3984 #EA 1392 9
3985 #EA 1463 306
3986 #EA 306 20
3987 #EA 3986 6
3988 #EA 3987 9
3989 #EP #BD 741 3985 3988
3990 #EL #BD 742 2021 3989
3991 #EL #BI 163 0 3990
3992 #EA 1113 3991
3993 #EA 3992 20
3994 #EA 3993 6
3995 #EA 169 306
3996 #EA 3995 6
3997 #EA 1076 306
3998 #EA 3996 3997
3999 #EA 1151 306
4000 #EA 1470 963
4001 #EA 1237 6
4002 #EA 4001 9
4003 #EP #BD 741 4000 4002
4004 #EL #BD 742 1464 4003
4005 #EL #BI 163 0 4004
4006 #EA 3999 4005
4007 #EA 3998 4006
4008 #EP #BD 41 3970 4007
764 #NI 279 2514409987
765 #NS 764 _hygCtx
766 #NS 765 _hyg
767 #NI 766 71
4009 #EA 3816 6
4010 #EA 1491 1488
4011 #EA 1488 20
4012 #EA 4011 6
4013 #EA 4012 9
4014 #EP #BD 741 4010 4013
4015 #EL #BD 742 1438 4014
4016 #EL #BI 163 0 4015
4017 #EA 1524 4016
4018 #EA 4017 9
4019 #EA 4018 6
4020 #EA 1598 1436
4021 #EA 1436 18
4022 #EA 4021 6
4023 #EA 4022 20
4024 #EP #BD 741 4020 4023
4025 #EA 1202 964
4026 #EA 4025 79
4027 #EA 3893 18
4028 #EA 4027 20
4029 #EA 4026 4028
4030 #EA 1161 1488
4031 #EA 1667 1572
4032 #EA 1572 20
4033 #EA 4032 6
4034 #EA 4033 9
4035 #EP #BD 741 4031 4034
4036 #EL #BD 742 1492 4035
4037 #EL #BI 163 0 4036
4038 #EA 4030 4037
4039 #EA 4038 18
4040 #EA 4039 20
4041 #EA 4040 9
4042 #EA 4041 6
4043 #EA 4029 4042
4044 #EP #BD 327 4024 4043
4045 #EP #BD 322 4019 4044
4046 #EP #BD 481 4009 4045
4047 #EP #BD 767 0 4046
4048 #EP #BD 371 3985 4047
4049 #EA 413 18
4050 #EA 4049 20
4051 #EP #BD 104 4048 4050
4052 #EP #BD 101 4008 4051
4053 #EP #BD 395 3994 4052
4054 #EP #BD 763 3984 4053
4055 #EP #BD 756 3983 4054
4056 #EP #BD 749 0 4055
4057 #EP #BD 23 3982 4056
4058 #EP #BD 379 3967 4057
4059 #EP #BI 68 0 4058
4060 #EP #BI 4 0 4059
4061 #EA 1461 709
4062 #EA 1437 1202
4063 #EA 1202 20
4064 #EA 4063 6
4065 #EA 4064 9
4066 #EP #BD 741 4062 4065
4067 #EL #BD 742 1426 4066
4068 #EL #BI 163 0 4067
4069 #EA 4061 4068
4070 #EA 1661 20
4071 #EA 1598 963
4072 #EA 989 4071
4073 #EA 4072 306
4074 #EA 3890 18
4075 #EA 4073 4074
4076 #EA 4075 20
4077 #EA 1777 1666
4078 #EA 1666 20
4079 #EA 4078 6
4080 #EA 4079 9
4081 #EP #BD 741 4077 4080
4082 #EL #BD 742 1574 4081
4083 #EL #BI 163 0 4082
4084 #EA 1571 4083
4085 #EA 4084 1202
4086 #EA 4085 709
4087 #EA 989 4086
4088 #EA 4087 306
4089 #EA 4084 79
4090 #EA 4089 18
4091 #EA 4088 4090
4092 #EA 4091 20
4093 #EA 1488 1436
4094 #EA 4093 1202
4095 #EA 4094 963
4096 #EA 4095 709
4097 #EP #BD 41 4092 4096
4098 #EP #BD 41 4076 4097
4099 #EP #BD 41 4070 4098
4100 #EL #BD 50 4019 4099
4101 #EL #BD 24 4009 4100
4102 #EL #BI 37 0 4101
4103 #EA 4069 4102
4104 #EA 4103 169
4105 #EA 4104 18
4106 #EA 4105 20
768 #NI 251 2514409987
769 #NS 768 _hygCtx
770 #NS 769 _hyg
771 #NI 770 124
4107 #EA 858 169
4108 #EA 4107 709
4109 #EA 1522 963
4110 #EA 1573 1490
4111 #EA 1490 20
4112 #EA 4111 6
4113 #EA 4112 9
4114 #EP #BD 741 4110 4113
4115 #EL #BD 742 1599 4114
4116 #EL #BI 163 0 4115
4117 #EA 1597 4116
4118 #EA 4117 9
4119 #EA 4118 6
4120 #EA 3890 1488
4121 #EA 3889 4120
4122 #EA 4121 1540
4123 #EA 4084 18
4124 #EA 4123 20
4125 #EA 989 4124
4126 #EA 4125 9
4127 #EA 4084 1490
4128 #EA 4127 1584
4129 #EA 4126 4128
4130 #EA 1587 4083
4131 #EA 4129 4130
4132 #EA 1488 79
4133 #EA 4132 1202
4134 #EA 4133 18
4135 #EA 4134 20
4136 #EP #BD 41 4131 4135
4137 #EP #BD 41 4122 4136
4138 #EP #BD 395 4119 4137
4139 #EP #BD 763 1471 4138
4140 #EL #BD 749 0 4139
4141 #EA 4109 4140
4142 #EA 4017 1202
4143 #EA 4142 6
772 #NI 770 125
4144 #EA 989 1567
4145 #EA 4144 9
4146 #EA 4145 1531
4147 #EA 4146 1533
4148 #EA 1598 1488
4149 #EA 1566 4148
4150 #EA 4149 1540
4151 #EA 4127 6
4152 #EA 1690 1687
4153 #EA 1687 20
4154 #EA 4153 6
4155 #EA 4154 9
4156 #EP #BD 741 4152 4155
4157 #EL #BD 742 1668 4156
4158 #EL #BI 163 0 4157
4159 #EA 1665 4158
4160 #EA 4159 1572
4161 #EA 4160 9
4162 #EA 989 4161
4163 #EA 4162 6
4164 #EA 4160 1613
4165 #EA 4163 4164
4166 #EA 1151 1572
4167 #EA 4166 4158
4168 #EA 4165 4167
4169 #EA 1490 1666
4170 #EA 4169 1436
4171 #EA 4170 20
4172 #EA 4171 9
4173 #EP #BD 41 4168 4172
4174 #EP #BD 395 4151 4173
4175 #EL #BD 763 4148 4174
4176 #EA 4150 4175
4177 #EA 1489 4037
4178 #EA 4177 1488
4179 #EA 4178 1540
773 #NI 770 127
4180 #EA 989 4128
4181 #EA 4180 6
4182 #EA 4181 4128
4183 #EA 4182 4130
4184 #EA 1566 4164
4185 #EA 4184 4167
4186 #EA 1076 1666
4187 #EA 4170 4186
4188 #EA 4187 6
4189 #EL #BD 395 4164 4188
4190 #EA 4185 4189
4191 #EA 306 1202
4192 #EA 4190 4191
4193 #EA 4192 9
4194 #EA 1621 4164
4195 #EA 4194 9
4196 #EA 4195 4167
4197 #EA 1625 4164
4198 #EA 4197 9
4199 #EA 4198 4167
4200 #EA 4199 6
4201 #EA 4196 4200
4202 #EA 4193 4201
4203 #EL #BD 773 4183 4202
4204 #EL #BD 395 4179 4203
4205 #EA 4176 4204
4206 #EA 4205 20
4207 #EA 1621 4148
4208 #EA 4207 20
4209 #EA 4208 1540
4210 #EA 1625 4148
4211 #EA 4210 20
4212 #EA 4211 1540
4213 #EA 4212 6
4214 #EA 4209 4213
4215 #EA 4206 4214
4216 #EA 4215 9
4217 #EL #BD 772 4147 4216
4218 #EL #BD 395 4143 4217
4219 #EL #BD 763 3847 4218
4220 #EA 4141 4219
4221 #EA 4220 285
4222 #EA 1652 285
4223 #EA 4222 963
4224 #EA 4223 6
4225 #EA 4221 4224
4226 #EA 4225 79
4227 #EA 4226 18
4228 #EL #BD 771 4108 4227
4229 #EA 4106 4228
774 #NI 766 120
775 #NI 406 2514409987
776 #NS 775 _hygCtx
777 #NS 776 _hyg
778 #NI 777 121
779 #NI 413 2514409987
780 #NS 779 _hygCtx
781 #NS 780 _hyg
782 #NI 781 122
783 #NI 420 2514409987
784 #NS 783 _hygCtx
785 #NS 784 _hyg
786 #NI 785 123
787 #NI 770 129
4230 #EA 858 963
4231 #EA 4230 964
4232 #EA 1744 1689
4233 #EA 1689 20
4234 #EA 4233 6
4235 #EA 4234 9
4236 #EP #BD 741 4232 4235
4237 #EL #BD 742 1778 4236
4238 #EL #BI 163 0 4237
4239 #EA 1776 4238
4240 #EA 4239 9
4241 #EA 4240 6
4242 #EA 1777 20
4243 #EA 989 4242
4244 #EA 4243 9
4245 #EA 197 1687
4246 #EA 4245 1680
4247 #EA 4244 4246
4248 #EA 1703 306
4249 #EA 4248 285
4250 #EA 4247 4249
4251 #EV 20
4252 #EA 1062 4251
4253 #EV 19
4254 #EA 4252 4253
4255 #EA 4253 20
4256 #EA 4255 6
4257 #EA 4256 9
4258 #EP #BD 741 4254 4257
4259 #EL #BD 742 1745 4258
4260 #EL #BI 163 0 4259
4261 #EA 1742 4260
4262 #EA 4261 18
4263 #EA 4262 20
4264 #EA 989 4263
4265 #EA 4264 9
4266 #EA 4261 1701
4267 #EA 1756 709
4268 #EA 4267 306
4269 #EA 4266 4268
4270 #EA 4265 4269
4271 #EA 1761 4260
4272 #EA 4271 709
4273 #EA 4272 306
4274 #EA 4273 285
4275 #EA 4274 169
4276 #EA 4270 4275
4277 #EA 1687 79
4278 #EA 4277 1572
4279 #EA 4278 18
4280 #EA 4279 20
4281 #EP #BD 41 4276 4280
4282 #EP #BD 41 4250 4281
4283 #EP #BD 395 4241 4282
4284 #EP #BD 763 1574 4283
4285 #EL #BD 749 0 4284
4286 #EA 1664 4285
4287 #EA 1491 1663
4288 #EA 4159 990
4289 #EA 4288 6
788 #NI 770 130
4290 #EA 1667 1727
4291 #EA 989 4290
4292 #EA 4291 9
4293 #EA 1679 1727
4294 #EA 4292 4293
4295 #EA 1683 285
4296 #EA 4295 169
4297 #EA 4294 4296
4298 #EA 1777 1680
4299 #EA 1566 4298
4300 #EA 4299 4249
4301 #EA 4266 6
4302 #EA 1100 1743
4303 #EA 1062 4253
4304 #EA 4303 6
4305 #EV 21
4306 #EA 1062 4305
4307 #EA 4306 4251
4308 #EA 4251 20
4309 #EA 4308 6
4310 #EA 4309 9
4311 #EP #BD 741 4307 4310
4312 #EL #BD 742 4304 4311
4313 #EL #BI 163 0 4312
4314 #EA 4302 4313
4315 #EA 4314 1751
4316 #EA 4315 9
4317 #EA 989 4316
4318 #EA 4317 6
4319 #EA 1792 963
4320 #EA 4319 709
4321 #EA 4315 4320
4322 #EA 4318 4321
4323 #EA 1161 1743
4324 #EA 4323 4313
4325 #EA 4324 963
4326 #EA 4325 709
4327 #EA 4326 306
4328 #EA 4327 285
4329 #EA 4322 4328
4330 #EA 1689 1768
4331 #EA 4330 1666
4332 #EA 4331 20
4333 #EA 4332 9
4334 #EP #BD 41 4329 4333
4335 #EP #BD 395 4301 4334
4336 #EL #BD 763 4298 4335
4337 #EA 4300 4336
4338 #EA 4303 1743
4339 #EA 1743 20
4340 #EA 4339 6
4341 #EA 4340 9
4342 #EP #BD 741 4338 4341
4343 #EL #BD 742 1691 4342
4344 #EL #BI 163 0 4343
4345 #EA 1688 4344
4346 #EA 4345 1680
4347 #EA 4346 4249
789 #NI 770 132
4348 #EA 989 4269
4349 #EA 4348 6
4350 #EA 4349 4269
4351 #EA 4350 4275
4352 #EA 1566 4321
4353 #EA 4352 4328
4354 #EA 1082 4253
4355 #EA 4354 1202
4356 #EA 4355 963
4357 #EA 4331 4356
4358 #EA 4357 6
4359 #EL #BD 395 4321 4358
4360 #EA 4353 4359
4361 #EA 1202 1572
4362 #EA 4361 963
4363 #EA 4362 709
4364 #EA 4363 306
4365 #EA 4364 285
4366 #EA 4360 4365
4367 #EA 4366 9
4368 #EA 1621 4321
4369 #EA 4368 9
4370 #EA 4369 4328
4371 #EA 1625 4321
4372 #EA 4371 9
4373 #EA 4372 4328
4374 #EA 4373 6
4375 #EA 4370 4374
4376 #EA 4367 4375
4377 #EL #BD 789 4351 4376
4378 #EL #BD 395 4347 4377
4379 #EA 4337 4378
4380 #EA 4379 20
4381 #EA 1621 4298
4382 #EA 4381 20
4383 #EA 4382 4249
4384 #EA 1625 4298
4385 #EA 4384 20
4386 #EA 4385 4249
4387 #EA 4386 6
4388 #EA 4383 4387
4389 #EA 4380 4388
4390 #EA 4389 9
4391 #EL #BD 788 4297 4390
4392 #EL #BD 395 4289 4391
4393 #EL #BD 763 4287 4392
4394 #EA 4286 4393
4395 #EA 4394 1202
4396 #EA 1652 1202
4397 #EA 4396 1663
4398 #EA 4397 6
4399 #EA 4395 4398
4400 #EA 4399 709
4401 #EA 4400 306
4402 #EL #BD 787 4231 4401
4403 #EL #BD 786 4024 4402
4404 #EL #BD 782 4019 4403
4405 #EL #BD 778 4009 4404
4406 #EL #BI 774 0 4405
4407 #EA 4229 4406
4408 #EA 1845 169
4409 #EA 4407 4408
4410 #EA 1463 169
4411 #EA 1031 4410
4412 #EA 4411 18
4413 #EA 4409 4412
4414 #EA 1195 4068
4415 #EA 4414 169
4416 #EA 4415 18
4417 #EA 1031 4416
4418 #EA 4417 20
4419 #EA 4413 4418
4420 #EL #BD 104 4048 4419
4421 #EL #BD 101 4008 4420
4422 #EL #BD 395 3994 4421
4423 #EL #BD 763 3984 4422
4424 #EL #BD 756 3983 4423
4425 #EL #BD 749 0 4424
4426 #EL #BD 23 3982 4425
4427 #EL #BD 379 3967 4426
4428 #EL #BI 68 0 4427
4429 #EL #BI 4 0 4428
#DEF 737 4060 4429 
790 #NS 1 le_trans
4430 #EA 1392 20
4431 #EP #BD 37 3964 4430
4432 #EP #BD 37 3964 4431
4433 #EP #BI 163 0 4432
4434 #EP #BI 68 0 4433
4435 #EP #BI 4 0 4434
4436 #EA 1405 79
4437 #EA 1405 9
4438 #EP #BD 742 4437 112
4439 #EP #BD 741 4436 4438
4440 #EP #BI 163 0 4439
4441 #EA 1417 20
4442 #EL #BD 742 4437 4441
4443 #EL #BD 741 4436 4442
4444 #EL #BI 163 0 4443
4445 #EA 2013 79
4446 #EA 139 6
4447 #EA 4446 9
4448 #EP #BD 741 3970 4447
4449 #EL #BD 742 1406 4448
4450 #EL #BI 163 0 4449
4451 #EA 4445 4450
4452 #EA 4451 18
4453 #EA 4452 9
4454 #EA 1425 709
4455 #EA 1134 6
4456 #EA 4455 9
4457 #EP #BD 741 4454 4456
4458 #EL #BD 742 1418 4457
4459 #EL #BI 163 0 4458
4460 #EA 1157 4459
4461 #EA 4460 9
4462 #EA 4461 6
4463 #EC 737 
4464 #EA 4463 963
4465 #EA 4464 709
4466 #EA 4465 79
4467 #EA 1470 9
4468 #EP #BD 741 4110 4065
4469 #EL #BD 742 1599 4468
4470 #EL #BI 163 0 4469
4471 #EA 1597 4470
4472 #EA 4471 20
4473 #EA 4472 6
4474 #EA 1491 18
4475 #EL #BD 395 4473 4474
4476 #EL #BD 763 4467 4475
4477 #EL #BD 756 4000 4476
4478 #EL #BD 749 0 4477
4479 #EA 4466 4478
4480 #EA 4479 18
4481 #EA 4480 6
4482 #EA 4481 20
4483 #EA 4482 9
4484 #EL #BD 41 4454 6
4485 #EA 4483 4484
4486 #EA 1561 6
4487 #EA 4471 9
4488 #EA 4487 6
4489 #EA 1239 6
4490 #EA 4489 20
4491 #EP #BD 741 4010 4490
4492 #EA 1734 18
4493 #EA 4492 1372
4494 #EL #BD 327 4491 4493
4495 #EL #BD 322 4488 4494
4496 #EL #BD 481 4486 4495
4497 #EL #BD 767 0 4496
4498 #EL #BD 371 4454 4497
4499 #EA 4485 4498
4500 #EL #BD 741 3985 4499
4501 #EL #BD 332 4462 4500
4502 #EL #BD 742 1406 4501
4503 #EL #BI 163 0 4502
4504 #EA 4453 4503
4505 #EA 4504 20
4506 #EZ 379 4440 4444 4505
4507 #EL #BD 742 3964 4506
4508 #EL #BD 741 3964 4507
4509 #EL #BI 163 0 4508
4510 #EL #BI 68 0 4509
4511 #EL #BI 4 0 4510
#DEF 790 4435 4511 
791 #NS 1 lt_of_le_of_lt
4512 #EA 2833 79
4513 #EA 4512 20
4514 #EP #BD 481 2835 4513
4515 #EP #BD 371 3964 4514
4516 #EP #BI 163 0 4515
4517 #EP #BI 68 0 4516
4518 #EP #BI 4 0 4517
4519 #EC 790 
4520 #EA 4519 1663
4521 #EA 4520 964
4522 #EA 4521 20
4523 #EA 2117 79
4524 #EA 4523 18
4525 #EA 4524 9
4526 #EA 4522 4525
4527 #EA 4526 6
4528 #EL #BD 481 2835 4527
4529 #EL #BD 371 3964 4528
4530 #EL #BI 163 0 4529
4531 #EL #BI 68 0 4530
4532 #EL #BI 4 0 4531
#DEF 791 4518 4532 
792 #NS 270 not_succ_le_self
793 #NS 792 match_1_1
#DEF 793 2502 2505 
794 #NS 1 noConfusionType
4533 #EP #BD 24 0 29
4534 #EP #BD 146 15 4533
4535 #EC 80 3
4536 #EL #BD 24 0 15
4537 #EA 4535 4536
4538 #EA 4537 9
4539 #EA 4537 6
4540 #EA 4539 472
4541 #EL #BD 4 0 18
4542 #EA 4540 4541
4543 #EA 4538 4542
4544 #EA 4538 18
795 #NI 53 1759501723
796 #NS 795 _hygCtx
797 #NS 796 _hyg
798 #NI 797 7
799 #NS 0 n_eq
4545 #EA 858 9
4546 #EA 4545 6
4547 #EP #BD 799 4546 169
4548 #EP #BD 798 4547 169
4549 #EL #BD 4 0 4548
4550 #EA 4544 4549
4551 #EL #BD 4 0 4550
4552 #EA 4543 4551
4553 #EL #BD 147 0 4552
4554 #EL #BD 24 0 4553
4555 #EL #BD 146 15 4554
#DEF 794 4534 4555 11
800 #NS 1 noConfusion
4556 #EC 794 2
4557 #EA 4556 18
4558 #EA 4557 20
4559 #EA 4558 9
4560 #EP #BD 162 4546 4559
4561 #EP #BI 147 0 4560
4562 #EP #BI 24 0 4561
4563 #EP #BI 146 15 4562
4564 #EA 527 0
4565 #EA 4564 20
4566 #EA 4556 79
4567 #EA 4566 18
4568 #EA 4567 6
4569 #EL #BI 147 0 4568
4570 #EA 4565 4569
4571 #EC 80 2
4572 #EA 4566 6
4573 #EA 4572 6
4574 #EL #BI 24 0 4573
4575 #EA 4571 4574
4576 #EA 4575 20
4577 #EA 4576 541
4578 #EA 858 6
4579 #EA 4578 6
4580 #EP #BD 799 4579 169
4581 #EA 6 3653
4582 #EL #BD 163 4580 4581
4583 #EL #BD 4 0 4582
4584 #EA 4577 4583
4585 #EA 4570 4584
4586 #EA 4585 9
4587 #EA 4586 6
4588 #EL #BD 162 4546 4587
4589 #EL #BI 147 0 4588
4590 #EL #BI 24 0 4589
4591 #EL #BI 146 15 4590
#DEF 800 4563 4591 11
801 #NS 1 not_succ_le_zero
4592 #EA 1062 258
4593 #EA 4592 908
4594 #EP #BD 37 4593 114
4595 #EP #BD 4 0 4594
4596 #EA 4578 908
4597 #EA 2002 9
4598 #EP #BD 37 4597 114
4599 #EP #BD 37 4596 4598
4600 #EP #BD 68 0 4599
802 #NI 53 1602146993
803 #NS 802 _hygCtx
804 #NS 803 _hyg
805 #NI 804 29
806 #NS 0 hm
807 #NS 0 hle
4601 #EA 3809 964
808 #NI 804 37
4602 #EA 197 1663
4603 #EA 4602 6
4604 #EA 4545 908
4605 #EP #BD 37 4604 114
4606 #EL #BD 808 4603 4605
4607 #EL #BD 68 0 4606
4608 #EA 4601 4607
4609 #EA 4608 20
4610 #EA 4609 6
4611 #EA 858 964
4612 #EA 4611 908
4613 #EC 800 0
4614 #EA 4613 114
4615 #EA 4614 1663
4616 #EA 4615 908
4617 #EA 4616 6
4618 #EL #BD 41 4612 4617
4619 #EA 4610 4618
809 #NI 279 1602146993
810 #NS 809 _hygCtx
811 #NS 810 _hyg
812 #NI 811 56
813 #NI 804 57
4620 #EA 858 81
4621 #EA 4620 908
4622 #EA 4614 922
4623 #EA 4622 908
4624 #EA 4623 6
4625 #EL #BD 41 4621 4624
4626 #EL #BD 813 4603 4625
4627 #EL #BI 812 0 4626
4628 #EA 4619 4627
4629 #EA 4628 9
4630 #EL #BD 807 4597 4629
4631 #EL #BD 806 4596 4630
4632 #EL #BD 805 0 4631
4633 #EA 563 0
4634 #EA 4633 908
4635 #EA 3157 4634
4636 #EZ 363 4600 4632 4635
4637 #EL #BD 4 0 4636
#DEF 801 4595 4637 
814 #NS 1 pow
815 #NS 814 match_1
#DEF 815 2726 2734 79
816 #NS 1 pred
817 #NI 53 4130297703
818 #NS 817 _hygCtx
819 #NS 818 _hyg
820 #NI 819 8
4638 #EC 815 1
821 #NI 818 8
822 #NS 821 Init
823 #NS 822 Prelude
824 #NI 823 4130297703
825 #NS 824 _hygCtx
826 #NS 825 _hyg
827 #NI 826 19
4639 #EL #BD 827 0 0
4640 #EA 4638 4639
4641 #EA 4640 6
4642 #EL #BD 142 396 908
4643 #EA 4641 4642
4644 #EL #BD 33 0 6
4645 #EA 4643 4644
4646 #EL #BD 820 0 4645
#DEF 816 1987 4646 
828 #NS 270 pred_le_pred
829 #NS 828 match_1_1
830 #NI 53 148574969
831 #NS 830 _hygCtx
832 #NI 831 18
833 #NS 832 Init
834 #NS 833 Prelude
835 #NI 834 148574969
836 #NS 835 _hygCtx
837 #NS 836 _hyg
838 #NI 837 45
4647 #EP #BD 838 0 1389
839 #NI 831 19
840 #NS 839 Init
841 #NS 840 Prelude
842 #NI 841 148574969
843 #NS 842 _hygCtx
844 #NS 843 _hyg
845 #NI 844 48
846 #NI 831 20
847 #NS 846 Init
848 #NS 847 Prelude
849 #NI 848 148574969
850 #NS 849 _hygCtx
851 #NS 850 _hyg
852 #NI 851 51
853 #NI 107 148574969
854 #NS 853 _hygCtx
855 #NS 854 _hyg
856 #NI 855 61
4648 #EA 268 6
4649 #EA 1076 6
4650 #EA 4648 4649
4651 #EP #BD 856 0 4650
857 #NI 855 81
4652 #EA 197 908
4653 #EA 4652 6
4654 #EA 3427 81
4655 #EA 1083 9
4656 #EA 4655 6
4657 #EA 4654 4656
4658 #EP #BD 41 4653 4657
4659 #EP #BD 857 0 4658
858 #NI 855 105
859 #NI 855 104
4660 #EA 976 81
4661 #EA 80 20
4662 #EA 1082 4661
4663 #EA 4662 9
4664 #EA 4663 6
4665 #EA 4660 4664
4666 #EP #BD 41 211 4665
4667 #EP #BD 859 0 4666
4668 #EP #BD 858 0 4667
4669 #EP #BD 112 4668 4049
4670 #EP #BD 104 4659 4669
4671 #EP #BD 101 4651 4670
4672 #EP #BD 852 1387 4671
4673 #EP #BD 845 0 4672
4674 #EP #BD 838 0 4673
4675 #EP #BD 23 4647 4674
4676 #EA 3809 169
4677 #EA 989 3985
4678 #EA 4677 285
4679 #EA 1231 20
4680 #EA 4678 4679
4681 #EA 4680 9
4682 #EP #BD 41 4681 1801
4683 #EP #BD 41 3812 4682
4684 #EL #BD 50 3766 4683
4685 #EL #BD 37 0 4684
4686 #EA 4676 4685
4687 #EA 4686 79
4688 #EA 4687 18
860 #NI 251 148574969
861 #NS 860 _hygCtx
862 #NS 861 _hyg
863 #NI 862 126
4689 #EA 1519 169
4690 #EA 1522 285
4691 #EA 1463 9
4692 #EA 989 4691
4693 #EA 4692 6
4694 #EA 1231 709
4695 #EA 4693 4694
4696 #EA 1076 709
4697 #EA 4695 4696
4698 #EA 1799 20
4699 #EA 4698 9
4700 #EP #BD 41 4697 4699
4701 #EP #BD 852 1418 4700
4702 #EL #BD 845 0 4701
4703 #EA 4690 4702
4704 #EA 2020 285
864 #NI 862 127
4705 #EA 989 3846
4706 #EA 4705 6
4707 #EA 1193 306
4708 #EA 4706 4707
4709 #EA 4708 3997
4710 #EA 1566 1555
4711 #EA 4710 4696
4712 #EA 1799 963
4713 #EA 4712 6
4714 #EL #BD 852 1555 4713
4715 #EA 4711 4714
4716 #EA 169 709
4717 #EA 4715 4716
4718 #EA 4717 9
4719 #EA 1621 1555
4720 #EA 4719 9
4721 #EA 4720 4696
4722 #EA 1625 1555
4723 #EA 4722 9
4724 #EA 4723 4696
4725 #EA 4724 6
4726 #EA 4721 4725
4727 #EA 4718 4726
4728 #EL #BD 864 4709 4727
4729 #EL #BD 852 4704 4728
4730 #EA 4703 4729
4731 #EA 4730 169
4732 #EA 1653 285
4733 #EA 4732 6
4734 #EA 4731 4733
4735 #EA 4734 79
4736 #EL #BD 863 4689 4735
4737 #EA 4688 4736
865 #NI 279 148574969
866 #NS 865 _hygCtx
867 #NS 866 _hyg
868 #NI 867 124
869 #NI 406 148574969
870 #NS 869 _hygCtx
871 #NS 870 _hyg
872 #NI 871 125
873 #NI 862 129
4738 #EA 989 4467
4739 #EA 4738 6
4740 #EA 1561 1663
4741 #EA 4739 4740
4742 #EA 1203 79
4743 #EA 4742 18
4744 #EA 4741 4743
4745 #EA 4093 20
4746 #EA 4745 9
4747 #EP #BD 41 4744 4746
4748 #EP #BD 852 1426 4747
4749 #EL #BD 845 0 4748
4750 #EA 3885 4749
4751 #EA 1463 922
874 #NI 862 130
4752 #EA 1425 964
4753 #EA 989 4752
4754 #EA 4753 6
4755 #EA 3816 964
4756 #EA 4754 4755
4757 #EA 1082 963
4758 #EA 4757 18
4759 #EA 4758 20
4760 #EA 4756 4759
4761 #EA 1470 1663
4762 #EA 1566 4761
4763 #EA 4762 4743
4764 #EA 4093 990
4765 #EA 4764 6
4766 #EL #BD 852 4761 4765
4767 #EA 4763 4766
4768 #EA 198 169
4769 #EA 1493 1727
4770 #EA 1082 9
4771 #EA 4770 285
4772 #EA 4771 6
4773 #EA 4769 4772
4774 #EP #BD 872 4768 4773
4775 #EL #BD 50 0 4774
4776 #EA 750 4775
4777 #EA 4776 1202
4778 #EA 197 69
4779 #EA 4778 79
4780 #EA 306 169
4781 #EA 4780 6
4782 #EL #BD 872 4779 4781
4783 #EA 4777 4782
875 #NI 855 132
4784 #EA 197 258
4785 #EA 4784 169
4786 #EA 940 285
4787 #EA 4786 6
4788 #EL #BD 872 4785 4787
4789 #EL #BD 875 0 4788
4790 #EA 4783 4789
4791 #EA 4790 18
4792 #EA 4767 4791
4793 #EA 4792 9
4794 #EA 1621 4761
4795 #EA 4794 9
4796 #EA 4795 4743
4797 #EA 1625 4761
4798 #EA 4797 9
4799 #EA 4798 4743
4800 #EA 4799 6
4801 #EA 4796 4800
4802 #EA 4793 4801
4803 #EL #BD 874 4760 4802
4804 #EL #BD 852 4751 4803
4805 #EA 4750 4804
4806 #EA 4805 306
4807 #EA 4806 3944
4808 #EA 4807 285
4809 #EL #BD 873 3884 4808
4810 #EL #BD 872 3766 4809
4811 #EL #BI 868 0 4810
4812 #EA 4737 4811
4813 #EA 4812 1846
4814 #EA 1031 4436
4815 #EA 4814 18
4816 #EA 4813 4815
4817 #EL #BD 112 4668 4816
4818 #EL #BD 104 4659 4817
4819 #EL #BD 101 4651 4818
4820 #EL #BD 852 1387 4819
4821 #EL #BD 845 0 4820
4822 #EL #BD 838 0 4821
4823 #EL #BD 23 4647 4822
#DEF 829 4675 4823 
876 #NS 1 le_succ
4824 #EA 1062 6
4825 #EA 4824 258
4826 #EP #BD 4 0 4825
4827 #EA 1082 6
4828 #EA 4827 6
4829 #EA 4828 4649
4830 #EL #BD 4 0 4829
#DEF 876 4826 4830 
877 #NS 1 pred_le_pred
4831 #EC 816 
4832 #EA 4831 20
4833 #EA 1062 4832
4834 #EA 4831 9
4835 #EA 4833 4834
4836 #EP #BD 37 1387 4835
4837 #EP #BI 68 0 4836
4838 #EP #BI 4 0 4837
878 #NS 831 _hyg
879 #NI 878 18
880 #NI 878 19
881 #NI 878 20
4839 #EC 829 
4840 #EL #BD 852 1387 4835
4841 #EL #BD 845 0 4840
4842 #EL #BD 838 0 4841
4843 #EA 4839 4842
4844 #EA 4843 20
4845 #EA 4844 9
4846 #EA 4845 6
4847 #EA 4831 6
4848 #EA 1076 4847
4849 #EL #BD 856 0 4848
4850 #EA 4846 4849
4851 #EL #BD 41 4653 6
4852 #EL #BD 857 0 4851
4853 #EA 4850 4852
4854 #EA 4831 922
4855 #EA 4519 4854
4856 #EA 80 4854
4857 #EA 4855 4856
4858 #EA 4831 81
4859 #EA 4857 4858
4860 #EC 876 
4861 #EA 4860 4854
4862 #EA 4859 4861
4863 #EA 4862 6
4864 #EL #BD 41 211 4863
4865 #EL #BD 859 0 4864
4866 #EL #BD 858 0 4865
4867 #EA 4853 4866
4868 #EL #BD 881 1387 4867
4869 #EL #BD 880 0 4868
4870 #EL #BD 879 0 4869
#DEF 877 4838 4870 
882 #NS 1 le_of_succ_le_succ
4871 #EA 3791 258
4872 #EP #BD 37 4871 3964
4873 #EP #BI 68 0 4872
4874 #EP #BI 4 0 4873
4875 #EC 877 
4876 #EA 4875 81
4877 #EA 4876 258
4878 #EL #BI 68 0 4877
4879 #EL #BI 4 0 4878
#DEF 882 4874 4879 
883 #NS 1 not_succ_le_self
884 #NS 883 _f
885 #NI 53 2359205665
886 #NS 885 _hygCtx
887 #NS 886 _hyg
888 #NI 887 13
4880 #EA 4592 6
4881 #EA 117 4880
4882 #EL #BD 888 0 4881
4883 #EA 761 4882
4884 #EA 4883 6
4885 #EA 3791 9
4886 #EA 117 4885
4887 #EP #BD 30 4884 4886
4888 #EP #BD 888 0 4887
4889 #EC 793 
889 #NI 886 13
890 #NS 889 Init
891 #NS 890 Prelude
892 #NI 891 2359205665
893 #NS 892 _hygCtx
894 #NS 893 _hyg
895 #NI 894 24
4890 #EL #BD 895 0 4887
4891 #EA 4889 4890
4892 #EA 4891 9
896 #NI 887 50
4893 #EA 4883 908
4894 #EC 801 
4895 #EA 4894 908
4896 #EL #BD 896 4893 4895
4897 #EL #BD 142 396 4896
4898 #EA 4892 4897
4899 #EA 4883 258
4900 #EA 80 81
4901 #EA 1062 4900
4902 #EA 4901 81
4903 #EA 1062 3131
4904 #EA 4903 20
4905 #EA 2668 4904
4906 #EA 4905 114
4907 #EC 882 
4908 #EA 4907 3131
4909 #EA 4908 20
4910 #EA 4909 6
4911 #EA 4906 4910
4912 #EJ 16 0 9
4913 #EA 4911 4912
4914 #EL #BD 41 4902 4913
4915 #EL #BD 896 4899 4914
4916 #EL #BD 4 0 4915
4917 #EA 4898 4916
4918 #EA 4917 6
4919 #EL #BD 30 4884 4918
4920 #EL #BD 888 0 4919
#DEF 884 4888 4920 
4921 #EP #BD 4 0 4881
4922 #EA 796 4882
4923 #EA 4922 6
4924 #EC 884 
4925 #EA 4923 4924
4926 #EL #BD 888 0 4925
#DEF 883 4921 4926 
897 #NS 1 lt_irrefl
4927 #EA 2925 6
4928 #EA 117 4927
4929 #EP #BD 4 0 4928
4930 #EC 883 
4931 #EA 4930 6
4932 #EL #BD 4 0 4931
#DEF 897 4929 4932 
898 #NS 1 le_antisymm
4933 #EA 858 18
4934 #EA 4933 20
4935 #EP #BD 481 3781 4934
4936 #EP #BD 371 1387 4935
4937 #EP #BI 68 0 4936
4938 #EP #BI 4 0 4937
4939 #EC 711 
4940 #EA 4939 18
4941 #EA 1386 169
4942 #EA 3811 20
4943 #EL #BD 481 4941 4942
4944 #EL #BD 722 1393 4943
4945 #EL #BD 715 0 4944
4946 #EA 4940 4945
4947 #EA 4946 20
4948 #EA 4947 9
4949 #EA 4948 6
4950 #EA 1403 18
4951 #EA 4633 79
4952 #EL #BD 481 4950 4951
4953 #EA 4949 4952
4954 #EA 3791 169
4955 #EA 2833 285
4956 #EA 4955 285
4957 #EA 2668 4956
4958 #EA 3811 922
4959 #EA 4957 4958
4960 #EC 791 
4961 #EA 4960 285
4962 #EA 4961 20
4963 #EA 4962 285
4964 #EA 4963 9
4965 #EA 4964 6
4966 #EA 4959 4965
4967 #EC 897 
4968 #EA 4967 285
4969 #EA 4966 4968
4970 #EL #BD 481 4954 4969
4971 #EL #BD 41 1131 4970
4972 #EL #BD 723 0 4971
4973 #EA 4953 4972
4974 #EL #BD 481 3781 4973
4975 #EL #BD 371 1387 4974
4976 #EL #BI 68 0 4975
4977 #EL #BI 4 0 4976
#DEF 898 4938 4977 
899 #NS 1 eq_zero_of_le_zero
4978 #EA 4824 908
4979 #EP #BD 41 4978 4604
4980 #EP #BI 4 0 4979
4981 #EC 898 
4982 #EA 4981 9
4983 #EA 4982 908
4984 #EA 4983 6
4985 #EA 2110 9
4986 #EA 4984 4985
4987 #EL #BD 41 4978 4986
4988 #EL #BI 4 0 4987
#DEF 899 4980 4988 
900 #NS 696 if_pos
901 #NS 900 match_1_1
#DEF 901 3675 3690 
902 #NS 0 if_pos
4989 #EA 3698 9
4990 #EP #BI 49 9 4989
4991 #EP #BI 24 6 4990
4992 #EP #BI 10 15 4991
4993 #EP #BD 703 9 4992
4994 #EP #BI 41 126 4993
4995 #EP #BI 48 112 4994
4996 #EC 901 
4997 #EA 4996 169
903 #NI 661 2554475610
904 #NS 903 _hygCtx
905 #NS 904 _hyg
906 #NI 905 24
4998 #EA 3714 20
4999 #EL #BD 906 3708 4998
5000 #EA 4997 4999
5001 #EA 5000 79
907 #NI 905 31
5002 #EA 1276 3724
5003 #EL #BD 907 169 5002
5004 #EA 5001 5003
5005 #EA 844 3737
5006 #EA 5005 20
5007 #EA 3719 5006
5008 #EA 5007 79
5009 #EA 5008 6
5010 #EL #BD 708 3732 5009
5011 #EA 5004 5010
5012 #EL #BI 49 9 5011
5013 #EL #BI 24 6 5012
5014 #EL #BI 10 15 5013
5015 #EL #BD 703 9 5014
5016 #EL #BI 41 126 5015
5017 #EL #BI 48 112 5016
#DEF 902 4995 5017 11
908 #NS 1 le_refl
5018 #EA 4824 6
5019 #EP #BD 4 0 5018
5020 #EL #BD 4 0 4649
#DEF 908 5019 5020 
909 #NS 615 left
5021 #EA 3013 9
5022 #EA 5021 6
5023 #EP #BD 64 5022 20
5024 #EP #BI 120 112 5023
5025 #EP #BI 33 112 5024
5026 #EJ 615 0 6
5027 #EL #BD 64 5022 5026
5028 #EL #BD 120 112 5027
5029 #EL #BD 33 112 5028
#DEF 909 5025 5029 
910 #NS 615 right
5030 #EP #BD 64 5022 9
5031 #EP #BI 120 112 5030
5032 #EP #BI 33 112 5031
5033 #EJ 615 1 6
5034 #EL #BD 64 5022 5033
5035 #EL #BD 120 112 5034
5036 #EL #BD 33 112 5035
#DEF 910 5032 5036 
911 #NS 0 GE
912 #NS 911 ge
913 #NI 443 1058783946
914 #NS 913 _hygCtx
915 #NS 914 _hyg
916 #NI 915 3
5037 #EC 74 2
5038 #EA 5037 18
5039 #EA 5038 20
5040 #EA 5039 6
5041 #EA 5040 9
5042 #EL #BD 120 20 5041
5043 #EL #BD 33 9 5042
5044 #EL #BC 916 224 5043
5045 #EL #BI 10 4 5044
#DEF 912 226 5045 11
917 #NS 0 GT
918 #NS 917 gt
919 #NI 443 96198867
920 #NS 919 _hygCtx
921 #NS 920 _hyg
922 #NI 921 3
5046 #EC 63 2
5047 #EA 5046 18
5048 #EA 5047 20
5049 #EA 5048 6
5050 #EA 5049 9
5051 #EL #BD 120 20 5050
5052 #EL #BD 33 9 5051
5053 #EL #BC 922 189 5052
5054 #EL #BI 10 4 5053
#DEF 918 193 5054 11
923 #NS 220 Or
924 #NS 923 elim
925 #NS 924 match_1_1
926 #NI 251 2135250727
927 #NS 926 _hygCtx
928 #NS 927 _hyg
929 #NI 928 23
5055 #EC 625 
5056 #EA 5055 169
5057 #EA 5056 79
5058 #EA 3052 169
5059 #EA 5058 79
5060 #EL #BD 50 5059 268
5061 #EA 5057 5060
5062 #EA 5061 20
5063 #EA 5062 3086
5064 #EA 5063 153
5065 #EL #BD 104 3075 5064
5066 #EL #BD 101 3069 5065
5067 #EL #BD 929 3054 5066
5068 #EL #BD 23 3063 5067
5069 #EL #BI 120 112 5068
5070 #EL #BI 33 112 5069
#DEF 925 3081 5070 
930 #NS 622 elim
5071 #EP #BD 37 18 20
5072 #EP #BD 618 802 18
5073 #EP #BD 617 5071 5072
5074 #EP #BD 41 3054 5073
5075 #EP #BI 48 112 5074
5076 #EP #BI 120 112 5075
5077 #EP #BI 33 112 5076
5078 #EC 925 
5079 #EA 5078 169
5080 #EA 5079 79
5081 #EL #BD 929 5059 79
5082 #EA 5080 5081
5083 #EA 5082 20
5084 #EA 5083 3086
5085 #EA 5084 153
5086 #EL #BD 618 802 5085
5087 #EL #BD 617 5071 5086
5088 #EL #BD 41 3054 5087
5089 #EL #BI 48 112 5088
5090 #EL #BI 120 112 5089
5091 #EL #BI 33 112 5090
#DEF 930 5077 5091 
931 #NS 622 resolve_right
932 #NS 0 nb
5092 #EP #BD 932 3691 18
5093 #EP #BD 41 3062 5092
5094 #EP #BI 120 112 5093
5095 #EP #BI 33 112 5094
5096 #EC 930 
5097 #EA 5096 18
5098 #EA 5097 20
5099 #EA 5098 18
5100 #EA 5099 9
5101 #EA 3313 18
5102 #EA 5100 5101
933 #NI 53 647470110
934 #NS 933 _hygCtx
935 #NS 934 _hyg
936 #NI 935 17
5103 #EA 2668 18
5104 #EA 5103 79
5105 #EA 5104 6
5106 #EA 5105 9
5107 #EL #BD 936 20 5106
5108 #EA 5102 5107
5109 #EL #BD 932 3691 5108
5110 #EL #BD 41 3062 5109
5111 #EL #BI 120 112 5110
5112 #EL #BI 33 112 5111
#DEF 931 5095 5112 
937 #NS 270 lt_or_ge
938 #NS 937 match_1_5
#DEF 938 749 760 
939 #NS 937 match_1_3
940 #NI 53 3672051305
941 #NS 940 _hygCtx
942 #NS 941 _hyg
943 #NI 942 40
5113 #EA 2953 6
5114 #EA 3052 5113
5115 #EC 912 0
5116 #EA 5115 0
5117 #EA 5116 1061
5118 #EA 5117 9
5119 #EA 5118 6
5120 #EA 5114 5119
5121 #EP #BD 943 5120 112
5122 #EA 3052 2835
5123 #EA 5117 20
5124 #EA 5123 9
5125 #EA 5122 5124
5126 #EA 2833 18
5127 #EA 5126 20
5128 #EA 4512 18
5129 #EA 3064 5128
5130 #EA 5117 79
5131 #EA 5130 18
5132 #EA 5129 5131
5133 #EA 5132 6
5134 #EA 20 5133
5135 #EP #BD 41 5127 5134
5136 #EA 2833 169
5137 #EA 5136 79
5138 #EA 3070 5137
5139 #EA 5117 169
5140 #EA 5139 79
5141 #EA 5138 5140
5142 #EA 5141 6
5143 #EA 18 5142
5144 #EP #BD 41 5131 5143
5145 #EP #BD 104 5144 139
5146 #EP #BD 101 5135 5145
5147 #EP #BD 943 5125 5146
5148 #EP #BD 23 5121 5147
5149 #EP #BD 68 0 5148
5150 #EP #BD 4 0 5149
5151 #EA 5055 5137
5152 #EA 5151 5140
5153 #EA 3052 5137
5154 #EA 5153 5140
5155 #EL #BD 50 5154 268
5156 #EA 5152 5155
5157 #EA 5156 20
944 #NI 251 3672051305
945 #NS 944 _hygCtx
946 #NS 945 _hyg
947 #NI 946 96
5158 #EL #BD 947 5137 149
5159 #EA 5157 5158
948 #NI 946 97
5160 #EL #BD 948 5140 152
5161 #EA 5159 5160
5162 #EL #BD 104 5144 5161
5163 #EL #BD 101 5135 5162
5164 #EL #BD 943 5125 5163
5165 #EL #BD 23 5121 5164
5166 #EL #BD 68 0 5165
5167 #EL #BD 4 0 5166
#DEF 939 5150 5167 
949 #NS 1 le_succ_of_le
5168 #EA 1390 81
5169 #EP #BD 41 1387 5168
5170 #EP #BI 68 0 5169
5171 #EP #BI 4 0 5170
5172 #EA 1082 20
5173 #EA 5172 9
5174 #EA 5173 6
5175 #EL #BD 41 1387 5174
5176 #EL #BI 68 0 5175
5177 #EL #BI 4 0 5176
#DEF 949 5171 5177 
950 #NS 937 match_1_1
951 #NI 942 66
5178 #EA 4578 9
5179 #EA 3052 5178
5180 #EA 2925 9
5181 #EA 5179 5180
5182 #EP #BD 951 5181 112
5183 #EA 4545 20
5184 #EA 3052 5183
5185 #EA 2953 20
5186 #EA 5184 5185
952 #NS 0 h1
5187 #EA 3409 18
5188 #EA 4933 79
5189 #EA 3064 5188
5190 #EA 5126 79
5191 #EA 5189 5190
5192 #EA 5191 6
5193 #EA 20 5192
5194 #EP #BD 952 5187 5193
5195 #EA 3070 4689
5196 #EA 4512 169
5197 #EA 5195 5196
5198 #EA 5197 6
5199 #EA 18 5198
5200 #EP #BD 952 5190 5199
5201 #EP #BD 104 5200 139
5202 #EP #BD 101 5194 5201
5203 #EP #BD 951 5186 5202
5204 #EP #BD 23 5182 5203
5205 #EP #BD 68 0 5204
5206 #EP #BD 4 0 5205
5207 #EA 5055 4689
5208 #EA 5207 5196
5209 #EA 3052 4689
5210 #EA 5209 5196
5211 #EL #BD 50 5210 268
5212 #EA 5208 5211
5213 #EA 5212 20
953 #NI 946 92
5214 #EL #BD 953 4689 149
5215 #EA 5213 5214
954 #NI 946 93
5216 #EL #BD 954 5196 152
5217 #EA 5215 5216
5218 #EL #BD 104 5200 5217
5219 #EL #BD 101 5194 5218
5220 #EL #BD 951 5186 5219
5221 #EL #BD 23 5182 5220
5222 #EL #BD 68 0 5221
5223 #EL #BD 4 0 5222
#DEF 950 5206 5223 
955 #NS 270 eq_or_lt_of_le
956 #NS 955 match_1_3
957 #NI 53 3439784135
958 #NS 957 _hygCtx
959 #NI 958 20
960 #NS 959 Init
961 #NS 960 Prelude
962 #NI 961 3439784135
963 #NS 962 _hygCtx
964 #NS 963 _hyg
965 #NI 964 47
966 #NI 958 21
967 #NS 966 Init
968 #NS 967 Prelude
969 #NI 968 3439784135
970 #NS 969 _hygCtx
971 #NS 970 _hyg
972 #NI 971 50
973 #NI 958 22
974 #NS 973 Init
975 #NS 974 Prelude
976 #NI 975 3439784135
977 #NS 976 _hygCtx
978 #NS 977 _hyg
979 #NI 978 53
980 #NS 958 _hyg
981 #NI 980 63
5224 #EA 1062 69
5225 #EA 5224 69
5226 #EA 681 69
5227 #EA 5226 6
5228 #EP #BD 981 5225 5227
982 #NI 107 3439784135
983 #NS 982 _hygCtx
984 #NS 983 _hyg
985 #NI 984 80
986 #NI 980 81
5229 #EA 5224 258
5230 #EA 285 69
5231 #EA 5230 81
5232 #EA 5231 6
5233 #EP #BD 986 5229 5232
5234 #EP #BD 985 0 5233
987 #NI 984 103
5235 #EA 4592 69
5236 #EA 307 69
5237 #EA 5236 6
5238 #EP #BD 41 5235 5237
5239 #EP #BD 987 0 5238
5240 #EA 963 922
5241 #EA 5240 81
5242 #EA 5241 6
5243 #EP #BD 41 4871 5242
5244 #EP #BD 68 0 5243
5245 #EP #BD 4 0 5244
5246 #EA 306 285
5247 #EA 5246 169
5248 #EA 5247 79
5249 #EP #BD 143 5245 5248
5250 #EP #BD 112 5239 5249
5251 #EP #BD 104 5234 5250
5252 #EP #BD 101 5228 5251
5253 #EP #BD 979 1387 5252
5254 #EP #BD 972 0 5253
5255 #EP #BD 965 0 5254
5256 #EP #BD 23 4647 5255
5257 #EA 4824 285
5258 #EA 1427 306
5259 #EA 5258 6
5260 #EP #BD 979 5257 5259
5261 #EL #BD 50 0 5260
5262 #EA 750 5261
5263 #EA 5262 285
5264 #EA 5224 169
5265 #EA 5224 6
5266 #EA 1202 69
5267 #EA 5266 9
5268 #EA 5267 6
5269 #EP #BD 979 5265 5268
5270 #EL #BD 50 0 5269
5271 #EA 750 5270
5272 #EA 5271 285
5273 #EL #BD 979 5225 2975
5274 #EA 5272 5273
988 #NI 984 183
5275 #EL #BD 979 5229 1407
5276 #EL #BD 988 0 5275
5277 #EA 5274 5276
5278 #EA 5277 6
5279 #EL #BD 979 5264 5278
5280 #EA 5263 5279
989 #NI 984 182
5281 #EA 4592 285
5282 #EA 2002 6
5283 #EA 1436 964
5284 #EA 5283 9
5285 #EA 5284 6
5286 #EP #BD 979 5282 5285
5287 #EL #BD 50 0 5286
5288 #EA 750 5287
5289 #EA 5288 306
5290 #EA 3791 69
5291 #EA 79 20
5292 #EA 5291 6
5293 #EL #BD 979 5290 5292
5294 #EA 5289 5293
990 #NI 984 184
5295 #EA 2002 258
5296 #EL #BD 979 5295 1044
5297 #EL #BD 990 0 5296
5298 #EA 5294 5297
5299 #EA 5298 6
5300 #EL #BD 979 5281 5299
5301 #EL #BD 989 0 5300
5302 #EA 5280 5301
5303 #EA 5302 79
5304 #EL #BD 143 5245 5303
5305 #EL #BD 112 5239 5304
5306 #EL #BD 104 5234 5305
5307 #EL #BD 101 5228 5306
5308 #EL #BD 979 1387 5307
5309 #EL #BD 972 0 5308
5310 #EL #BD 965 0 5309
5311 #EL #BD 23 4647 5310
#DEF 956 5256 5311 
991 #NS 955 match_1_1
992 #NI 980 140
5312 #EA 3052 4546
5313 #EA 5312 5113
5314 #EP #BD 992 5313 112
5315 #EA 3409 9
5316 #EA 3052 5315
5317 #EA 5316 2835
5318 #EA 1519 18
5319 #EA 3064 5318
5320 #EA 5319 5128
5321 #EA 5320 6
5322 #EA 20 5321
5323 #EP #BD 41 4934 5322
5324 #EA 4107 79
5325 #EA 3070 5324
5326 #EA 5325 5137
5327 #EA 5326 6
5328 #EA 18 5327
5329 #EP #BD 41 5128 5328
5330 #EP #BD 104 5329 139
5331 #EP #BD 101 5323 5330
5332 #EP #BD 992 5317 5331
5333 #EP #BD 23 5314 5332
5334 #EP #BD 68 0 5333
5335 #EP #BD 4 0 5334
5336 #EA 5055 5324
5337 #EA 5336 5137
5338 #EA 3052 5324
5339 #EA 5338 5137
5340 #EL #BD 50 5339 268
5341 #EA 5337 5340
5342 #EA 5341 20
993 #NI 251 3439784135
994 #NS 993 _hygCtx
995 #NS 994 _hyg
996 #NI 995 168
5343 #EL #BD 996 5324 149
5344 #EA 5342 5343
997 #NI 995 169
5345 #EL #BD 997 5137 152
5346 #EA 5344 5345
5347 #EL #BD 104 5329 5346
5348 #EL #BD 101 5323 5347
5349 #EL #BD 992 5317 5348
5350 #EL #BD 23 5314 5349
5351 #EL #BD 68 0 5350
5352 #EL #BD 4 0 5351
#DEF 991 5335 5352 
998 #NS 1 eq_or_lt_of_le
999 #NS 998 _f
1000 #NI 980 20
1001 #NI 980 21
1002 #NI 980 22
5353 #EP #BD 1002 1387 5317
5354 #EP #BD 1001 0 5353
5355 #EL #BD 1000 0 5354
5356 #EA 761 5355
5357 #EA 5356 6
5358 #EA 4933 9
5359 #EA 3052 5358
5360 #EA 5126 9
5361 #EA 5359 5360
5362 #EP #BD 1002 1391 5361
5363 #EP #BD 1001 0 5362
5364 #EP #BD 30 5357 5363
5365 #EP #BD 1000 0 5364
5366 #EC 956 
1003 #NI 980 185
5367 #EA 5356 20
5368 #EA 3052 4934
5369 #EA 5368 5127
5370 #EP #BD 1003 5367 5369
5371 #EL #BD 979 1387 5370
5372 #EL #BD 972 0 5371
5373 #EL #BD 965 0 5372
5374 #EA 5366 5373
5375 #EA 5374 18
5376 #EA 5375 9
5377 #EA 5376 6
5378 #EA 5356 69
5379 #EA 858 69
5380 #EA 5379 69
5381 #EA 3064 5380
5382 #EA 2833 69
5383 #EA 5382 69
5384 #EA 5381 5383
5385 #EA 4633 69
5386 #EA 5384 5385
5387 #EL #BD 1003 5378 5386
5388 #EL #BD 981 5225 5387
5389 #EA 5377 5388
5390 #EA 5379 922
5391 #EA 3070 5390
5392 #EA 5382 922
5393 #EA 5391 5392
5394 #EA 2117 69
5395 #EA 5394 20
5396 #EA 5395 2111
5397 #EA 5393 5396
5398 #EL #BD 1003 5378 5397
5399 #EL #BD 986 5229 5398
5400 #EL #BD 985 0 5399
5401 #EA 5389 5400
5402 #EA 5356 81
5403 #EA 2002 69
5404 #EA 2668 5403
5405 #EA 858 922
5406 #EA 5405 69
5407 #EA 3052 5406
5408 #EA 2833 922
5409 #EA 5408 69
5410 #EA 5407 5409
5411 #EA 5404 5410
5412 #EA 5411 9
5413 #EA 4894 20
5414 #EA 5412 5413
5415 #EL #BD 1003 5402 5414
5416 #EL #BD 41 5235 5415
5417 #EL #BD 987 0 5416
5418 #EA 5401 5417
5419 #EA 5356 922
5420 #EA 4907 18
5421 #EA 5420 20
5422 #EA 5421 9
5423 #EC 991 
5424 #EA 5423 79
5425 #EA 5424 18
5426 #EA 3052 5318
5427 #EA 5426 5128
5428 #EA 858 990
5429 #EA 5428 1663
5430 #EA 3052 5429
5431 #EA 2833 990
5432 #EA 5431 1663
5433 #EA 5430 5432
5434 #EL #BD 992 5427 5433
5435 #EA 5425 5434
5436 #EA 4912 18
5437 #EA 5436 6
5438 #EA 5435 5437
5439 #EA 3064 5429
5440 #EA 5439 5432
5441 #EA 856 169
1004 #NI 980 153
1005 #NI 995 154
5442 #EA 3811 6
5443 #EA 858 1680
5444 #EA 5443 81
5445 #EL #BD 1005 5442 5444
5446 #EL #BD 1004 0 5445
5447 #EA 5441 5446
5448 #EA 4633 990
5449 #EA 5447 5448
5450 #EA 5449 79
5451 #EA 5450 6
5452 #EA 5440 5451
5453 #EL #BD 41 5318 5452
5454 #EA 5438 5453
5455 #EA 3070 5429
5456 #EA 5455 5432
5457 #EA 2058 169
5458 #EA 5457 2062
5459 #EA 2117 5458
5460 #EA 5459 79
5461 #EA 5460 6
5462 #EA 5456 5461
5463 #EL #BD 41 5128 5462
5464 #EA 5454 5463
5465 #EZ 363 3968 5422 5464
5466 #EL #BD 1003 5419 5465
5467 #EL #BD 41 4871 5466
5468 #EL #BD 68 0 5467
5469 #EL #BD 4 0 5468
5470 #EA 5418 5469
5471 #EA 5470 20
5472 #EL #BD 1002 1391 5471
5473 #EL #BD 1001 0 5472
5474 #EL #BD 30 5357 5473
5475 #EL #BD 1000 0 5474
#DEF 999 5365 5475 
5476 #EP #BI 4 0 5354
5477 #EA 796 5355
5478 #EA 5477 20
5479 #EC 999 
5480 #EA 5478 5479
5481 #EA 5480 9
5482 #EA 5481 6
5483 #EL #BD 1002 1387 5482
5484 #EL #BD 1001 0 5483
5485 #EL #BD 1000 0 5484
#DEF 998 5476 5485 
1006 #NS 1 lt_or_ge
1007 #NS 1006 _f
5486 #EA 2834 6
5487 #EA 3052 5486
5488 #EA 5123 6
5489 #EA 5487 5488
5490 #EL #BD 68 0 5489
5491 #EA 761 5490
5492 #EA 5491 6
5493 #EP #BD 30 5492 5125
5494 #EP #BD 68 0 5493
5495 #EP #BD 4 0 5494
5496 #EC 938 
1008 #NI 279 3672051305
1009 #NS 1008 _hygCtx
1010 #NS 1009 _hyg
1011 #NI 1010 18
1012 #NI 942 101
5497 #EA 4512 6
5498 #EA 3052 5497
5499 #EA 5130 6
5500 #EA 5498 5499
5501 #EL #BD 68 0 5500
5502 #EA 761 5501
5503 #EA 5502 6
5504 #EA 4512 9
5505 #EA 3052 5504
5506 #EA 5130 9
5507 #EA 5505 5506
5508 #EP #BD 1012 5503 5507
5509 #EL #BD 1011 0 5508
5510 #EA 5496 5509
5511 #EA 5510 9
5512 #EA 5502 69
5513 #EA 4512 69
5514 #EA 3070 5513
5515 #EA 5130 69
5516 #EA 5514 5515
5517 #EA 2110 79
5518 #EA 5516 5517
5519 #EL #BD 1012 5512 5518
5520 #EL #BD 142 396 5519
5521 #EA 5511 5520
5522 #EA 5502 258
5523 #EC 939 
5524 #EA 5523 79
5525 #EA 5524 9
5526 #EA 5136 922
5527 #EA 3052 5526
5528 #EA 5139 922
5529 #EA 5527 5528
5530 #EL #BD 943 5507 5529
5531 #EA 5525 5530
5532 #EA 5531 350
5533 #EA 3064 5526
5534 #EA 5533 5528
5535 #EC 949 
5536 #EA 5535 990
5537 #EA 5536 20
5538 #EA 5537 6
5539 #EA 5534 5538
5540 #EL #BD 41 5504 5539
5541 #EA 5532 5540
5542 #EC 950 
5543 #EA 5542 169
5544 #EA 5543 20
5545 #EA 3409 169
5546 #EA 3052 5545
5547 #EA 2834 169
5548 #EA 5546 5547
5549 #EA 4955 964
5550 #EA 3052 5549
5551 #EA 5117 285
5552 #EA 5551 964
5553 #EA 5550 5552
5554 #EL #BD 951 5548 5553
5555 #EA 5544 5554
5556 #EC 998 
5557 #EA 5556 20
5558 #EA 5557 169
5559 #EA 5558 6
5560 #EA 5555 5559
5561 #EA 3064 5549
5562 #EA 5561 5552
5563 #EA 856 18
1013 #NI 942 80
1014 #NI 946 81
5564 #EA 1519 6
5565 #EA 2953 990
5566 #EL #BD 1014 5564 5565
5567 #EL #BD 1013 0 5566
5568 #EA 5563 5567
5569 #EC 908 
5570 #EA 5569 964
5571 #EA 5568 5570
5572 #EA 5571 285
5573 #EA 5572 6
5574 #EA 5562 5573
5575 #EL #BD 952 5545 5574
5576 #EA 5560 5575
5577 #EA 3070 5549
5578 #EA 5577 5552
5579 #EA 5578 6
5580 #EL #BD 952 5547 5579
5581 #EA 5576 5580
5582 #EL #BD 41 5506 5581
5583 #EA 5541 5582
5584 #EL #BD 1012 5522 5583
5585 #EL #BD 68 0 5584
5586 #EA 5521 5585
5587 #EA 5586 6
5588 #EL #BD 30 5492 5587
5589 #EL #BD 68 0 5588
5590 #EL #BD 4 0 5589
#DEF 1007 5495 5590 
5591 #EP #BD 68 0 5120
5592 #EP #BD 4 0 5591
5593 #EA 796 5490
5594 #EA 5593 6
5595 #EC 1007 
5596 #EA 5595 9
5597 #EA 5594 5596
5598 #EL #BD 68 0 5597
5599 #EL #BD 4 0 5598
#DEF 1006 5592 5599 
1015 #NS 1 gt_of_not_le
5600 #EA 117 1387
5601 #EC 918 0
5602 #EA 5601 0
5603 #EA 5602 2714
5604 #EA 5603 20
5605 #EA 5604 9
5606 #EP #BD 41 5600 5605
5607 #EP #BI 68 0 5606
5608 #EP #BI 4 0 5607
5609 #EC 931 
5610 #EA 5609 5185
5611 #EA 5118 20
5612 #EA 5610 5611
5613 #EC 1006 
5614 #EA 5613 9
5615 #EA 5614 20
5616 #EA 5612 5615
5617 #EA 5616 6
5618 #EL #BD 41 5600 5617
5619 #EL #BI 68 0 5618
5620 #EL #BI 4 0 5619
#DEF 1015 5608 5620 
1016 #NS 1 lt_of_not_ge
5621 #EA 5117 6
5622 #EA 5621 9
5623 #EA 117 5622
5624 #EP #BD 37 5623 5185
5625 #EP #BI 120 0 5624
5626 #EP #BI 33 0 5625
1017 #NS 129 Data
1018 #NS 1017 Nat
1019 #NS 1018 Basic
1020 #NI 1019 4066266414
1021 #NS 1020 _hygCtx
1022 #NS 1021 _hyg
1023 #NI 1022 23
1024 #NS 136 Data
1025 #NS 1024 Nat
1026 #NS 1025 Basic
1027 #NI 1026 4066266414
1028 #NS 1027 _hygCtx
1029 #NS 1028 _hyg
1030 #NI 1029 24
5627 #EC 1015 
5628 #EA 5627 9
5629 #EA 5628 6
5630 #EL #BI 1030 0 5629
5631 #EL #BI 1023 0 5630
#DEF 1016 5626 5631 
1031 #NS 77 trans
5632 #EA 1269 79
5633 #EA 5632 20
5634 #EP #BD 481 805 5633
5635 #EP #BD 371 1313 5634
5636 #EP #BI 48 20 5635
5637 #EP #BI 120 9 5636
5638 #EP #BI 33 6 5637
5639 #EP #BI 10 15 5638
1032 #NI 53 4164849530
1033 #NS 1032 _hygCtx
1034 #NS 1033 _hyg
1035 #NI 1034 18
1036 #NI 251 4164849530
1037 #NS 1036 _hygCtx
1038 #NS 1037 _hyg
1039 #NI 1038 19
5640 #EA 371 306
5641 #EA 5640 285
5642 #EA 5641 9
5643 #EL #BD 1039 823 5642
5644 #EL #BD 1035 169 5643
5645 #EA 820 5644
5646 #EA 5645 9
5647 #EA 5646 20
5648 #EA 5647 6
5649 #EL #BD 481 805 5648
5650 #EL #BD 371 1313 5649
5651 #EL #BI 48 20 5650
5652 #EL #BI 120 9 5651
5653 #EL #BI 33 6 5652
5654 #EL #BI 10 15 5653
#DEF 1031 5639 5654 11
1040 #NS 1 succ_le_of_lt
5655 #EP #BD 41 5113 4597
5656 #EP #BI 68 0 5655
5657 #EP #BI 4 0 5656
5658 #EL #BD 41 5113 6
5659 #EL #BI 68 0 5658
5660 #EL #BI 4 0 5659
#DEF 1040 5657 5660 
1041 #NS 615 casesOn
5661 #EP #BD 24 5022 15
5662 #EA 3013 20
5663 #EA 5662 9
5664 #EC 616 
5665 #EA 5664 169
5666 #EA 5665 79
5667 #EA 5666 9
5668 #EA 5667 6
5669 #EA 18 5668
5670 #EP #BD 618 18 5669
5671 #EP #BD 617 18 5670
5672 #EP #BD 620 5671 53
5673 #EP #BD 24 5663 5672
5674 #EP #BI 23 5661 5673
5675 #EP #BI 120 112 5674
5676 #EP #BI 33 112 5675
1042 #NS 615 rec
5677 #EC 1042 2
5678 #EA 5677 79
5679 #EA 5678 18
5680 #EA 5679 20
5681 #EL #BD 618 79 313
5682 #EL #BD 617 79 5681
5683 #EA 5680 5682
5684 #EA 5683 9
5685 #EL #BD 620 5671 5684
5686 #EL #BD 24 5663 5685
5687 #EL #BI 23 5661 5686
5688 #EL #BI 120 112 5687
5689 #EL #BI 33 112 5688
#DEF 1041 5676 5689 11
1043 #NS 1 le_of_succ_le
5690 #EA 3791 6
5691 #EP #BD 41 5690 3964
5692 #EP #BI 68 0 5691
5693 #EP #BI 4 0 5692
5694 #EA 4519 20
5695 #EA 5694 922
5696 #EA 5695 9
5697 #EA 4860 20
5698 #EA 5696 5697
5699 #EA 5698 6
5700 #EL #BD 41 5690 5699
5701 #EL #BI 68 0 5700
5702 #EL #BI 4 0 5701
#DEF 1043 5693 5702 
1044 #NS 1 le_of_lt
5703 #EP #BD 37 5113 3964
5704 #EP #BI 68 0 5703
5705 #EP #BI 4 0 5704
5706 #EC 1043 
5707 #EA 5706 9
5708 #EA 5707 6
5709 #EL #BI 68 0 5708
5710 #EL #BI 4 0 5709
#DEF 1044 5705 5710 
1045 #NS 635 leastWitnessUpTo_spec
1046 #NS 0 bound
5711 #EA 3280 2764
5712 #EA 3013 5711
5713 #EA 4824 9
5714 #EA 516 39
5715 #EA 5714 345
5716 #EP #BD 37 5713 5715
5717 #EP #BD 4 0 5716
5718 #EA 5712 5717
5719 #EA 3052 5718
5720 #EC 613 1
5721 #EA 5720 0
5722 #EA 3293 9
5723 #EA 2916 5722
5724 #EA 5723 2769
5725 #EA 3013 5724
5726 #EA 516 149
5727 #EA 5726 340
5728 #EA 3013 5727
5729 #EA 3013 5713
5730 #EA 4824 20
5731 #EA 516 84
5732 #EA 5731 340
5733 #EP #BD 37 5732 3968
5734 #EP #BD 37 5730 5733
5735 #EP #BD 68 0 5734
5736 #EA 5729 5735
5737 #EA 5728 5736
5738 #EA 5725 5737
5739 #EL #BD 4 0 5738
5740 #EA 5721 5739
5741 #EA 5719 5740
5742 #EP #BD 1046 0 5741
5743 #EP #BD 651 325 5742
5744 #EC 654 0
5745 #EA 2916 3294
5746 #EA 5745 2764
5747 #EA 3013 5746
5748 #EA 5731 345
5749 #EP #BD 37 5713 5748
5750 #EP #BD 4 0 5749
5751 #EA 5747 5750
5752 #EA 3052 5751
5753 #EA 3337 9
5754 #EA 2916 5753
5755 #EA 5754 2769
5756 #EA 3013 5755
5757 #EA 516 61
5758 #EA 5757 340
5759 #EA 3013 5758
5760 #EA 516 502
5761 #EA 5760 340
5762 #EP #BD 37 5761 3968
5763 #EP #BD 37 5730 5762
5764 #EP #BD 68 0 5763
5765 #EA 5729 5764
5766 #EA 5759 5765
5767 #EA 5756 5766
5768 #EL #BD 4 0 5767
5769 #EA 5721 5768
5770 #EA 5752 5769
5771 #EL #BD 1046 0 5770
5772 #EA 5744 5771
5773 #EC 122 0
1047 #NS 24 _@
1048 #NS 1047 Prosa
1049 #NS 1048 Util
1050 #NS 1049 SearchArg
1051 #NI 1050 2275748610
1052 #NS 1051 _hygCtx
1053 #NS 1052 _hyg
1054 #NI 1053 102
5774 #EA 3283 6
5775 #EA 3337 908
5776 #EA 2916 5775
5777 #EA 5776 2764
5778 #EA 3013 5777
5779 #EA 5760 345
5780 #EP #BD 37 4978 5779
5781 #EP #BD 4 0 5780
5782 #EA 5778 5781
5783 #EA 3052 5782
5784 #EA 3360 908
5785 #EA 2916 5784
5786 #EA 5785 2769
5787 #EA 3013 5786
5788 #EA 516 268
5789 #EA 5788 340
5790 #EA 3013 5789
5791 #EA 3013 4978
5792 #EA 516 3767
5793 #EA 5792 340
5794 #EP #BD 37 5793 3968
5795 #EP #BD 37 4978 5794
5796 #EP #BD 68 0 5795
5797 #EA 5791 5796
5798 #EA 5790 5797
5799 #EA 5787 5798
5800 #EL #BD 4 0 5799
5801 #EA 5721 5800
5802 #EA 5783 5801
5803 #EP #BD 41 5774 5802
5804 #EL #BD 1054 3 5803
5805 #EA 5773 5804
5806 #EA 9 908
5807 #EA 5805 5806
1055 #NS 249 Prosa
1056 #NS 1055 Util
1057 #NS 1056 SearchArg
1058 #NI 1057 2275748610
1059 #NS 1058 _hygCtx
1060 #NS 1059 _hyg
1061 #NI 1060 103
5808 #EA 516 5806
5809 #EA 5808 345
5810 #EA 1521 3
5811 #EA 5810 345
1062 #NI 594 2275748610
1063 #NS 1062 _hygCtx
1064 #NS 1063 _hyg
1065 #NI 1064 101
1066 #NS 0 hp
5812 #EA 3327 6
5813 #EA 5785 2764
5814 #EA 3013 5813
5815 #EA 5792 345
5816 #EP #BD 37 4978 5815
5817 #EP #BD 4 0 5816
5818 #EA 5814 5817
5819 #EA 3052 5818
5820 #EA 3467 908
5821 #EA 2916 5820
5822 #EA 5821 2769
5823 #EA 3013 5822
5824 #EA 516 2975
5825 #EA 5824 340
5826 #EA 3013 5825
5827 #EA 516 940
5828 #EA 5827 340
5829 #EP #BD 37 5828 3968
5830 #EP #BD 37 4978 5829
5831 #EP #BD 68 0 5830
5832 #EA 5791 5831
5833 #EA 5826 5832
5834 #EA 5823 5833
5835 #EL #BD 4 0 5834
5836 #EA 5721 5835
5837 #EA 5819 5836
5838 #EP #BD 1066 5812 5837
5839 #EL #BD 1065 3 5838
5840 #EA 5811 5839
5841 #EA 3283 345
5842 #EA 3064 5782
5843 #EA 5842 5801
5844 #EA 5664 5777
5845 #EA 5844 5781
5846 #EA 3320 5777
5847 #EA 2916 3334
5848 #EA 5847 2764
5849 #EA 5846 5848
5850 #EA 3383 5777
5851 #EA 5850 5848
5852 #EA 3313 5851
5853 #EC 667 1 1
5854 #EA 5853 2761
5855 #EA 5854 112
5856 #EA 5855 5776
5857 #EA 5856 5847
5858 #EP #BD 37 2761 112
5859 #EA 3388 5858
5860 #EA 5859 5775
5861 #EA 5860 3334
5862 #EA 5861 2916
5863 #EC 685 
5864 #EA 5863 18
5865 #EA 5864 908
5866 #EA 5862 5865
5867 #EA 5857 5866
5868 #EA 5867 2764
5869 #EA 5852 5868
5870 #EA 5849 5869
5871 #EA 3320 5848
5872 #EA 2831 569
5873 #EA 2690 345
5874 #EA 5873 340
5875 #EA 5872 5874
5876 #EA 5875 3119
5877 #EA 5876 2764
5878 #EA 2916 5877
5879 #EA 5878 2764
5880 #EA 5871 5879
5881 #EA 3383 5848
5882 #EA 5881 5879
5883 #EA 3313 5882
5884 #EA 3387 3
5885 #EA 5884 112
5886 #EA 5885 3326
5887 #EA 5886 345
1067 #NS 0 _a
5888 #EA 516 6
5889 #EA 5888 340
5890 #EA 2831 5889
5891 #EA 2690 6
5892 #EA 5891 340
5893 #EA 5890 5892
5894 #EA 5893 3119
5895 #EA 5894 2764
5896 #EA 2916 5895
5897 #EA 5896 2764
5898 #EL #BD 1067 3 5897
5899 #EA 5887 5898
5900 #EA 5899 6
5901 #EA 5883 5900
5902 #EA 5880 5901
5903 #EC 707 1
5904 #EA 5903 569
5905 #EA 5904 5874
5906 #EA 5905 576
5907 #EA 5906 2761
5908 #EA 5907 3119
5909 #EA 5908 2764
5910 #EA 5902 5909
5911 #EA 5870 5910
5912 #EA 5845 5911
1068 #NS 0 hn
5913 #EC 899 
5914 #EA 5913 9
5915 #EA 5914 6
5916 #EA 516 1465
5917 #EA 5916 345
5918 #EP #BD 1068 4978 5917
5919 #EL #BD 4 0 5918
5920 #EA 3490 5919
5921 #EA 1063 908
5922 #EL #BD 1068 5921 79
5923 #EA 5920 5922
5924 #EA 5923 20
5925 #EA 1652 20
5926 #EA 5925 908
5927 #EA 5926 6
5928 #EA 5924 5927
5929 #EA 5928 9
5930 #EZ 363 4604 5915 5929
5931 #EL #BD 1068 4978 5930
5932 #EL #BD 4 0 5931
5933 #EA 5912 5932
5934 #EA 5843 5933
5935 #EL #BD 1066 5841 5934
5936 #EA 5840 5935
5937 #EA 5936 2498
5938 #EA 1651 3
5939 #EA 5938 2498
5940 #EA 5939 345
5941 #EA 5940 6
5942 #EA 5937 5941
5943 #EA 1014 2498
5944 #EA 5942 5943
5945 #EL #BD 1061 5809 5944
5946 #EA 5807 5945
1069 #NI 1060 178
5947 #EA 5808 340
5948 #EA 5810 340
5949 #EA 5948 5839
5950 #EA 3070 5782
5951 #EA 5950 5801
5952 #EC 614 1
5953 #EA 5952 0
5954 #EA 5953 5800
5955 #EA 5954 908
5956 #EA 5776 3119
5957 #EA 5664 5956
5958 #EA 3013 3328
5959 #EA 3013 5921
5960 #EA 1063 20
5961 #EP #BD 37 5761 5960
5962 #EP #BD 37 4978 5961
5963 #EP #BD 68 0 5962
5964 #EA 5959 5963
5965 #EA 5958 5964
5966 #EA 5957 5965
5967 #EA 3320 5956
5968 #EA 5847 3119
5969 #EA 5967 5968
5970 #EA 3383 5956
5971 #EA 5970 5968
5972 #EA 3313 5971
5973 #EA 5867 3119
5974 #EA 5972 5973
5975 #EA 5969 5974
5976 #EA 3320 5968
5977 #EA 2831 590
5978 #EA 2690 340
5979 #EA 5978 340
5980 #EA 5977 5979
5981 #EA 5980 3119
5982 #EA 5981 2764
5983 #EA 2916 5982
5984 #EA 5983 3119
5985 #EA 5976 5984
5986 #EA 3383 5968
5987 #EA 5986 5984
5988 #EA 3313 5987
5989 #EA 5886 340
5990 #EA 5896 3119
5991 #EL #BD 1067 3 5990
5992 #EA 5989 5991
5993 #EA 5992 6
5994 #EA 5988 5993
5995 #EA 5985 5994
5996 #EC 902 1
5997 #EA 5996 590
5998 #EA 5997 5979
5999 #EA 5998 592
6000 #EA 5999 2761
6001 #EA 6000 3119
6002 #EA 6001 2764
6003 #EA 5995 6002
6004 #EA 5975 6003
6005 #EA 5966 6004
6006 #EA 5664 3328
6007 #EA 6006 5964
6008 #EA 6007 6
6009 #EA 5664 5921
6010 #EA 6009 5963
6011 #EA 5569 908
6012 #EA 6010 6011
1070 #NI 1064 199
1071 #NI 1064 201
6013 #EL #BD 1071 5761 2111
6014 #EL #BD 1070 4978 6013
6015 #EL #BD 68 0 6014
6016 #EA 6012 6015
6017 #EA 6008 6016
6018 #EA 6005 6017
6019 #EA 5955 6018
6020 #EA 5951 6019
6021 #EL #BD 1066 3284 6020
6022 #EA 5949 6021
6023 #EA 6022 2498
6024 #EA 5939 340
6025 #EA 6024 6
6026 #EA 6023 6025
6027 #EA 6026 5943
6028 #EL #BD 1069 5947 6027
6029 #EA 5946 6028
6030 #EA 1014 5806
6031 #EA 6029 6030
6032 #EA 5772 6031
6033 #EA 5754 2764
6034 #EA 3013 6033
6035 #EP #BD 37 5730 5779
6036 #EP #BD 4 0 6035
6037 #EA 6034 6036
6038 #EA 5055 6037
6039 #EA 3360 20
6040 #EA 2916 6039
6041 #EA 6040 2769
6042 #EA 3013 6041
6043 #EA 3013 5730
6044 #EA 4824 18
6045 #EP #BD 37 6044 5794
6046 #EP #BD 68 0 6045
6047 #EA 6043 6046
6048 #EA 5790 6047
6049 #EA 6042 6048
6050 #EL #BD 4 0 6049
6051 #EA 5721 6050
6052 #EA 6038 6051
6053 #EA 3052 6037
6054 #EA 6053 6051
6055 #EA 3360 3131
6056 #EA 2916 6055
6057 #EA 6056 2764
6058 #EA 3013 6057
6059 #EA 4824 2063
6060 #EP #BD 37 6059 5815
6061 #EP #BD 4 0 6060
6062 #EA 6058 6061
6063 #EA 3052 6062
6064 #EA 3467 2063
6065 #EA 2916 6064
6066 #EA 6065 2769
6067 #EA 3013 6066
6068 #EA 3013 6059
6069 #EA 2058 79
6070 #EA 6069 2062
6071 #EA 4824 6070
6072 #EP #BD 37 6071 5829
6073 #EP #BD 68 0 6072
6074 #EA 6068 6073
6075 #EA 5826 6074
6076 #EA 6067 6075
6077 #EL #BD 4 0 6076
6078 #EA 5721 6077
6079 #EA 6063 6078
6080 #EL #BD 50 6054 6079
6081 #EA 6052 6080
6082 #EA 6081 6
1072 #NS 0 hnone
1073 #NI 1053 260
6083 #EA 169 2063
6084 #EA 516 6083
6085 #EA 6084 6
6086 #EA 3582 6070
6087 #EA 2916 6086
6088 #EA 6087 2764
6089 #EA 3013 6088
6090 #EA 4824 5458
6091 #EP #BD 37 6090 5917
6092 #EP #BD 4 0 6091
6093 #EA 6089 6092
6094 #EA 3052 6093
6095 #EA 3534 5458
6096 #EA 2916 6095
6097 #EA 6096 2769
6098 #EA 3013 6097
6099 #EA 516 422
6100 #EA 6099 340
6101 #EA 3013 6100
6102 #EA 3013 6090
6103 #EA 2058 285
6104 #EA 6103 2062
6105 #EA 4824 6104
6106 #EA 516 1427
6107 #EA 6106 340
6108 #EP #BD 37 6107 3968
6109 #EP #BD 37 6105 6108
6110 #EP #BD 68 0 6109
6111 #EA 6102 6110
6112 #EA 6101 6111
6113 #EA 6098 6112
6114 #EL #BD 4 0 6113
6115 #EA 5721 6114
6116 #EA 6094 6115
6117 #EP #BD 41 6085 6116
6118 #EL #BD 1073 3 6117
6119 #EA 5773 6118
6120 #EA 79 3131
6121 #EA 6119 6120
1074 #NI 1060 261
6122 #EA 516 6120
6123 #EA 6122 345
1075 #NI 1064 259
6124 #EA 285 6070
6125 #EA 516 6124
6126 #EA 6125 6
6127 #EA 6096 2764
6128 #EA 3013 6127
6129 #EA 6106 345
6130 #EP #BD 37 6105 6129
6131 #EP #BD 4 0 6130
6132 #EA 6128 6131
6133 #EA 3052 6132
6134 #EA 3277 709
6135 #EA 6134 6104
6136 #EA 2916 6135
6137 #EA 6136 2769
6138 #EA 3013 6137
6139 #EA 516 2869
6140 #EA 6139 340
6141 #EA 3013 6140
6142 #EA 3013 6105
6143 #EA 2058 306
6144 #EA 6143 2062
6145 #EA 4824 6144
6146 #EA 516 1472
6147 #EA 6146 340
6148 #EP #BD 37 6147 3968
6149 #EP #BD 37 6145 6148
6150 #EP #BD 68 0 6149
6151 #EA 6142 6150
6152 #EA 6141 6151
6153 #EA 6138 6152
6154 #EL #BD 4 0 6153
6155 #EA 5721 6154
6156 #EA 6133 6155
6157 #EP #BD 1066 6126 6156
6158 #EL #BD 1075 3 6157
6159 #EA 5811 6158
6160 #EA 6084 345
6161 #EA 3064 6093
6162 #EA 6161 6115
6163 #EA 5664 6088
6164 #EA 6163 6092
6165 #EA 3320 6088
6166 #EA 3582 79
6167 #EA 3126 6166
6168 #EA 6167 3128
6169 #EA 306 5458
6170 #EA 516 6169
6171 #EA 6170 340
6172 #EA 2831 6171
6173 #EA 2690 6169
6174 #EA 6173 340
6175 #EA 6172 6174
6176 #EA 2768 5458
6177 #EA 6175 6176
6178 #EA 6177 2764
6179 #EL #BD 142 396 6178
6180 #EA 6168 6179
6181 #EA 2916 6180
6182 #EA 6181 2764
6183 #EA 6165 6182
6184 #EA 3383 6088
6185 #EA 6184 6182
6186 #EA 3313 6185
6187 #EA 5855 6087
6188 #EA 6187 6181
6189 #EA 5859 6086
6190 #EA 6189 6180
6191 #EA 6190 2916
6192 #EA 5863 285
6193 #EA 6192 6070
6194 #EA 6191 6193
6195 #EA 6188 6194
6196 #EA 6195 2764
6197 #EA 6186 6196
6198 #EA 6183 6197
6199 #EA 3320 6182
6200 #EA 3126 2764
6201 #EA 6200 3128
6202 #EA 6201 6179
6203 #EA 2916 6202
6204 #EA 6203 2764
6205 #EA 6199 6204
6206 #EA 3383 6182
6207 #EA 6206 6204
6208 #EA 3313 6207
6209 #EA 3389 6166
6210 #EA 6209 2764
6211 #EA 3126 6
6212 #EA 6211 3128
6213 #EA 709 6104
6214 #EA 516 6213
6215 #EA 6214 340
6216 #EA 2831 6215
6217 #EA 2690 6213
6218 #EA 6217 340
6219 #EA 6216 6218
6220 #EA 2768 6104
6221 #EA 6219 6220
6222 #EA 6221 2764
6223 #EL #BD 142 396 6222
6224 #EA 6212 6223
6225 #EA 2916 6224
6226 #EA 6225 2764
6227 #EL #BD 1067 2761 6226
6228 #EA 6210 6227
6229 #EC 909 
6230 #EA 2916 6166
6231 #EA 6230 2764
6232 #EA 6229 6231
6233 #EA 4824 169
6234 #EP #BD 37 6233 5917
6235 #EP #BD 4 0 6234
6236 #EA 6232 6235
6237 #EA 6236 20
6238 #EA 6228 6237
6239 #EA 6208 6238
6240 #EA 6205 6239
6241 #EA 3320 6204
6242 #EA 5875 6176
6243 #EA 6242 2764
6244 #EL #BD 142 396 6243
6245 #EA 6201 6244
6246 #EA 2916 6245
6247 #EA 6246 2764
6248 #EA 6241 6247
6249 #EA 3383 6204
6250 #EA 6249 6247
6251 #EA 3313 6250
6252 #EA 5885 6124
6253 #EA 6252 345
6254 #EA 517 340
6255 #EA 2831 6254
6256 #EA 2690 9
6257 #EA 6256 340
6258 #EA 6255 6257
6259 #EA 6258 6220
6260 #EA 6259 2764
6261 #EL #BD 142 396 6260
6262 #EA 6201 6261
6263 #EA 2916 6262
6264 #EA 6263 2764
6265 #EL #BD 1067 3 6264
6266 #EA 6253 6265
6267 #EA 6266 6
6268 #EA 6251 6267
6269 #EA 6248 6268
6270 #EA 2768 6070
6271 #EA 5907 6270
6272 #EA 6271 2764
6273 #EA 6269 6272
6274 #EA 6240 6273
6275 #EA 6198 6274
6276 #EA 6164 6275
6277 #EC 76 0
6278 #EA 6277 5917
6279 #EA 1386 285
6280 #EA 6278 6279
6281 #EA 2721 9
6282 #EA 6281 285
6283 #EA 6280 6282
1076 #NS 0 hmb
6284 #EC 910 
6285 #EA 3277 963
6286 #EA 6285 306
6287 #EA 2916 6286
6288 #EA 6287 2764
6289 #EA 6284 6288
6290 #EA 4824 709
6291 #EA 516 1439
6292 #EA 6291 345
6293 #EP #BD 37 6290 6292
6294 #EP #BD 4 0 6293
6295 #EA 6289 6294
6296 #EA 6295 169
6297 #EA 6296 20
6298 #EA 6297 6
6299 #EL #BD 1076 6279 6298
6300 #EA 6283 6299
6301 #EA 117 6279
1077 #NS 0 hlt
6302 #EA 2833 306
6303 #EA 6302 20
6304 #EC 1016 
6305 #EA 6304 20
6306 #EA 6305 306
6307 #EA 6306 6
6308 #EA 2058 709
6309 #EA 6308 2062
6310 #EA 4933 6309
6311 #EA 4981 18
6312 #EA 6311 6309
6313 #EA 6312 20
6314 #EA 6313 6
6315 #EA 2058 963
6316 #EA 6315 2062
6317 #EA 1522 6316
6318 #EA 2058 1202
6319 #EA 6318 2062
6320 #EA 4824 6319
6321 #EA 117 3886
6322 #EA 2833 1488
6323 #EA 6322 20
6324 #EA 1666 18
6325 #EA 516 6324
6326 #EA 6325 345
6327 #EP #BD 1077 6323 6326
6328 #EP #BD 1076 6321 6327
6329 #EP #BD 806 6320 6328
6330 #EL #BD 68 0 6329
6331 #EA 6317 6330
6332 #EA 1062 6316
6333 #EA 6332 6316
6334 #EA 1062 6319
6335 #EA 6334 1202
6336 #EA 117 6335
6337 #EA 2833 1436
6338 #EA 2058 1436
6339 #EA 6338 2062
6340 #EA 6337 6339
6341 #EL #BD 1077 6340 709
6342 #EL #BD 1076 6336 6341
6343 #EL #BD 806 6333 6342
6344 #EA 6331 6343
6345 #EA 6344 79
6346 #EA 1652 79
6347 #EA 6346 6316
6348 #EA 6347 6
6349 #EA 6345 6348
6350 #EA 6349 18
6351 #EA 6350 20
6352 #EA 6351 9
6353 #EZ 363 6310 6314 6352
6354 #EZ 1077 6303 6307 6353
6355 #EL #BD 1076 6301 6354
6356 #EA 6300 6355
6357 #EL #BD 806 6090 6356
6358 #EL #BD 68 0 6357
6359 #EA 6276 6358
6360 #EA 6162 6359
6361 #EL #BD 1066 6160 6360
6362 #EA 6159 6361
6363 #EA 6362 6083
6364 #EA 5938 6083
6365 #EA 6364 345
6366 #EA 6365 6
6367 #EA 6363 6366
6368 #EA 1014 6083
6369 #EA 6367 6368
6370 #EL #BD 1074 6123 6369
6371 #EA 6121 6370
1078 #NI 1060 398
6372 #EA 6122 340
6373 #EA 5948 6158
6374 #EA 6084 340
6375 #EA 3070 6093
6376 #EA 6375 6115
6377 #EA 5953 6114
6378 #EA 6377 6070
6379 #EA 6087 6270
6380 #EA 5664 6379
6381 #EA 6125 340
6382 #EA 3013 6381
6383 #EA 1062 6070
6384 #EA 6383 6070
6385 #EA 3013 6384
6386 #EA 5916 340
6387 #EA 1062 6144
6388 #EA 6387 20
6389 #EP #BD 37 6386 6388
6390 #EP #BD 37 6090 6389
6391 #EP #BD 68 0 6390
6392 #EA 6385 6391
6393 #EA 6382 6392
6394 #EA 6380 6393
6395 #EA 3320 6379
6396 #EA 6181 6270
6397 #EA 6395 6396
6398 #EA 3383 6379
6399 #EA 6398 6396
6400 #EA 3313 6399
6401 #EA 6195 6270
6402 #EA 6400 6401
6403 #EA 6397 6402
6404 #EA 3320 6396
6405 #EA 6203 6270
6406 #EA 6404 6405
6407 #EA 3383 6396
6408 #EA 6407 6405
6409 #EA 3313 6408
6410 #EA 6225 6176
6411 #EL #BD 1067 2761 6410
6412 #EA 6210 6411
6413 #EA 6412 6237
6414 #EA 6409 6413
6415 #EA 6406 6414
6416 #EA 3320 6405
6417 #EA 5980 6176
6418 #EA 6417 2764
6419 #EL #BD 142 396 6418
6420 #EA 6201 6419
6421 #EA 2916 6420
6422 #EA 6421 6270
6423 #EA 6416 6422
6424 #EA 3383 6405
6425 #EA 6424 6422
6426 #EA 3313 6425
6427 #EA 6252 340
6428 #EA 6263 6176
6429 #EL #BD 1067 3 6428
6430 #EA 6427 6429
6431 #EA 6430 6
6432 #EA 6426 6431
6433 #EA 6423 6432
6434 #EA 6000 6270
6435 #EA 6434 2764
6436 #EA 6433 6435
6437 #EA 6415 6436
6438 #EA 6403 6437
6439 #EA 6394 6438
6440 #EA 5664 6381
6441 #EA 6440 6392
6442 #EA 6441 6
6443 #EA 5664 6384
6444 #EA 6443 6391
6445 #EA 5569 6070
6446 #EA 6444 6445
1079 #NS 0 hpm
6447 #EA 6277 6388
6448 #EA 1390 306
6449 #EA 6447 6448
6450 #EA 2721 20
6451 #EA 6450 306
6452 #EA 6449 6451
6453 #EA 1062 6309
6454 #EA 6453 18
6455 #EA 571 6454
6456 #EA 6455 345
6457 #EA 6456 340
6458 #EC 1031 1
6459 #EA 6458 3
6460 #EA 6459 345
6461 #EA 6460 3838
6462 #EA 6461 340
6463 #EA 5938 3838
6464 #EA 6463 345
6465 #EA 3277 1202
6466 #EA 6465 709
6467 #EA 2916 6466
6468 #EA 6467 2764
6469 #EA 6284 6468
6470 #EA 4824 963
6471 #EA 516 1600
6472 #EA 6471 345
6473 #EP #BD 37 6470 6472
6474 #EP #BD 4 0 6473
6475 #EA 6469 6474
6476 #EA 6475 285
6477 #EA 6476 18
6478 #EA 6477 6
6479 #EA 6464 6478
6480 #EA 6462 6479
6481 #EA 6480 9
6482 #EA 6457 6481
6483 #EL #BD 1076 6448 6482
6484 #EA 6452 6483
6485 #EA 117 6448
6486 #EA 2833 709
6487 #EA 6486 18
6488 #EA 6304 18
6489 #EA 6488 709
6490 #EA 6489 6
6491 #EC 1040 
6492 #EA 6491 963
6493 #EA 6492 79
6494 #EA 6493 6
6495 #EZ 1077 6487 6490 6494
6496 #EL #BD 1076 6485 6495
6497 #EA 6484 6496
6498 #EL #BD 1079 6386 6497
6499 #EL #BD 806 6090 6498
6500 #EL #BD 68 0 6499
6501 #EA 6446 6500
6502 #EA 6442 6501
6503 #EA 6439 6502
6504 #EA 6378 6503
6505 #EA 6376 6504
6506 #EL #BD 1066 6374 6505
6507 #EA 6373 6506
6508 #EA 6507 6083
6509 #EA 6364 340
6510 #EA 6509 6
6511 #EA 6508 6510
6512 #EA 6511 6368
6513 #EL #BD 1078 6372 6512
6514 #EA 6371 6513
6515 #EA 1014 6120
6516 #EA 6514 6515
6517 #EL #BD 1072 6037 6516
6518 #EA 6082 6517
1080 #NI 1060 243
6519 #EC 619 1
6520 #EA 6519 0
6521 #EA 3467 18
6522 #EA 2916 6521
6523 #EA 6522 2769
6524 #EA 3013 6523
6525 #EA 3013 6044
6526 #EA 4824 79
6527 #EP #BD 37 6526 5829
6528 #EP #BD 68 0 6527
6529 #EA 6525 6528
6530 #EA 5826 6529
6531 #EA 6524 6530
6532 #EL #BD 4 0 6531
6533 #EA 6520 6532
6534 #EA 5721 6532
6535 #EA 6065 2764
6536 #EA 3013 6535
6537 #EA 5827 345
6538 #EP #BD 37 6071 6537
6539 #EP #BD 4 0 6538
6540 #EA 6536 6539
6541 #EA 3052 6540
6542 #EA 6087 2769
6543 #EA 3013 6542
6544 #EA 516 299
6545 #EA 6544 340
6546 #EA 3013 6545
6547 #EA 3013 6071
6548 #EP #BD 37 6386 3968
6549 #EP #BD 37 6090 6548
6550 #EP #BD 68 0 6549
6551 #EA 6547 6550
6552 #EA 6546 6551
6553 #EA 6543 6552
6554 #EL #BD 4 0 6553
6555 #EA 5721 6554
6556 #EA 6541 6555
6557 #EL #BD 50 6534 6556
6558 #EA 6533 6557
6559 #EA 6558 6
1081 #NI 1060 244
6560 #EC 1041 0
6561 #EA 6230 2968
6562 #EA 6560 6561
6563 #EA 3013 5793
6564 #EA 1386 79
6565 #EA 3013 6564
6566 #EP #BD 37 6386 4430
6567 #EP #BD 37 6233 6566
6568 #EP #BD 68 0 6567
6569 #EA 6565 6568
6570 #EA 6563 6569
6571 #EA 6562 6570
6572 #EA 3013 6561
6573 #EA 6572 6570
6574 #EL #BD 50 6573 6156
6575 #EA 6571 6574
6576 #EA 6575 6
1082 #NS 0 hfind
1083 #NS 618 _@
1084 #NS 1083 Prosa
1085 #NS 1084 Util
1086 #NS 1085 SearchArg
1087 #NI 1086 2275748610
1088 #NS 1087 _hygCtx
1089 #NS 1088 _hyg
1090 #NI 1089 245
6577 #EA 516 3986
6578 #EA 6577 340
6579 #EA 3013 6578
6580 #EA 1390 169
6581 #EA 3013 6580
6582 #EA 1405 20
6583 #EP #BD 37 6107 6582
6584 #EP #BD 37 5257 6583
6585 #EP #BD 68 0 6584
6586 #EA 6581 6585
6587 #EA 6579 6586
6588 #EA 709 18
6589 #EA 516 6588
6590 #EA 6589 340
6591 #EA 6560 6590
6592 #EA 1403 285
6593 #EA 3013 6592
6594 #EA 4824 306
6595 #EA 2020 20
6596 #EP #BD 37 6147 6595
6597 #EP #BD 37 6594 6596
6598 #EP #BD 68 0 6597
6599 #EA 6593 6598
6600 #EA 6591 6599
6601 #EA 3013 6590
6602 #EA 6601 6599
6603 #EA 6285 6144
6604 #EA 2916 6603
6605 #EA 6604 2764
6606 #EA 3013 6605
6607 #EA 4824 6309
6608 #EP #BD 37 6607 6292
6609 #EP #BD 4 0 6608
6610 #EA 6606 6609
6611 #EA 3052 6610
6612 #EA 6465 6309
6613 #EA 2916 6612
6614 #EA 6613 2769
6615 #EA 3013 6614
6616 #EA 1202 6
6617 #EA 516 6616
6618 #EA 6617 340
6619 #EA 3013 6618
6620 #EA 3013 6607
6621 #EA 4824 6316
6622 #EA 6471 340
6623 #EP #BD 37 6622 3968
6624 #EP #BD 37 6621 6623
6625 #EP #BD 68 0 6624
6626 #EA 6620 6625
6627 #EA 6619 6626
6628 #EA 6615 6627
6629 #EL #BD 4 0 6628
6630 #EA 5721 6629
6631 #EA 6611 6630
6632 #EL #BD 50 6602 6631
6633 #EA 6600 6632
6634 #EA 6633 6
1091 #NS 0 hpred
1092 #NI 1089 246
6635 #EA 1392 306
6636 #EA 3013 6635
6637 #EA 6291 340
6638 #EP #BD 37 6637 4441
6639 #EP #BD 37 6290 6638
6640 #EP #BD 68 0 6639
6641 #EA 6636 6640
6642 #EA 1405 709
6643 #EA 6560 6642
6644 #EA 1463 20
6645 #EP #BD 37 6622 6644
6646 #EP #BD 37 6470 6645
6647 #EP #BD 68 0 6646
6648 #EA 6643 6647
6649 #EA 3013 6642
6650 #EA 6649 6647
6651 #EA 3277 1436
6652 #EA 6651 6316
6653 #EA 2916 6652
6654 #EA 6653 2764
6655 #EA 3013 6654
6656 #EA 516 1493
6657 #EA 6656 345
6658 #EP #BD 37 6320 6657
6659 #EP #BD 4 0 6658
6660 #EA 6655 6659
6661 #EA 3052 6660
6662 #EA 3277 1488
6663 #EA 6662 6319
6664 #EA 2916 6663
6665 #EA 6664 2769
6666 #EA 3013 6665
6667 #EA 1488 6
6668 #EA 516 6667
6669 #EA 6668 340
6670 #EA 3013 6669
6671 #EA 3013 6320
6672 #EA 4824 6339
6673 #EA 516 1575
6674 #EA 6673 340
6675 #EP #BD 37 6674 3968
6676 #EP #BD 37 6672 6675
6677 #EP #BD 68 0 6676
6678 #EA 6671 6677
6679 #EA 6670 6678
6680 #EA 6666 6679
6681 #EL #BD 4 0 6680
6682 #EA 5721 6681
6683 #EA 6661 6682
6684 #EL #BD 50 6650 6683
6685 #EA 6648 6684
6686 #EA 6685 6
1093 #NS 0 hn_bound
1094 #NS 0 hminimal
6687 #EA 4824 1202
6688 #EA 6656 340
6689 #EA 1425 20
6690 #EP #BD 37 6688 6689
6691 #EP #BD 37 6687 6690
6692 #EP #BD 68 0 6691
6693 #EA 6664 2764
6694 #EA 3013 6693
6695 #EA 6673 345
6696 #EP #BD 37 6672 6695
6697 #EP #BD 4 0 6696
6698 #EA 6694 6697
6699 #EA 3070 6698
6700 #EA 3277 1490
6701 #EA 6700 6339
6702 #EA 2916 6701
6703 #EA 6702 2769
6704 #EA 3013 6703
6705 #EA 1490 6
6706 #EA 516 6705
6707 #EA 6706 340
6708 #EA 3013 6707
6709 #EA 3013 6672
6710 #EA 2058 1488
6711 #EA 6710 2062
6712 #EA 4824 6711
6713 #EA 516 1669
6714 #EA 6713 340
6715 #EP #BD 37 6714 3968
6716 #EP #BD 37 6712 6715
6717 #EP #BD 68 0 6716
6718 #EA 6709 6717
6719 #EA 6708 6718
6720 #EA 6704 6719
6721 #EL #BD 4 0 6720
6722 #EA 5721 6721
6723 #EA 6699 6722
6724 #EA 5953 6721
6725 #EA 6724 306
6726 #EA 2768 306
6727 #EA 6664 6726
6728 #EA 5664 6727
6729 #EA 1488 306
6730 #EA 516 6729
6731 #EA 6730 340
6732 #EA 3013 6731
6733 #EA 1417 6319
6734 #EA 3013 6733
6735 #EP #BD 37 6674 3833
6736 #EP #BD 37 6672 6735
6737 #EP #BD 68 0 6736
6738 #EA 6734 6737
6739 #EA 6732 6738
6740 #EA 6728 6739
6741 #EA 3320 6727
6742 #EA 6662 1202
6743 #EA 3126 6742
6744 #EA 6743 3128
6745 #EA 1490 6339
6746 #EA 516 6745
6747 #EA 6746 340
6748 #EA 2831 6747
6749 #EA 2690 6745
6750 #EA 6749 340
6751 #EA 6748 6750
6752 #EA 2768 6339
6753 #EA 6751 6752
6754 #EA 6753 2764
6755 #EL #BD 142 396 6754
6756 #EA 6744 6755
6757 #EA 2916 6756
6758 #EA 6757 6726
6759 #EA 6741 6758
6760 #EA 3383 6727
6761 #EA 6760 6758
6762 #EA 3313 6761
6763 #EA 5855 6664
6764 #EA 6763 6757
6765 #EA 5859 6663
6766 #EA 6765 6756
6767 #EA 6766 2916
6768 #EA 5863 1488
6769 #EA 6768 6319
6770 #EA 6767 6769
6771 #EA 6764 6770
6772 #EA 6771 6726
6773 #EA 6762 6772
6774 #EA 6759 6773
6775 #EA 3320 6758
6776 #EA 3126 6726
6777 #EA 6776 3128
6778 #EA 6777 6755
6779 #EA 2916 6778
6780 #EA 6779 6726
6781 #EA 6775 6780
6782 #EA 3383 6758
6783 #EA 6782 6780
6784 #EA 3313 6783
6785 #EA 3389 6742
6786 #EA 6785 6726
6787 #EA 1572 6711
6788 #EA 516 6787
6789 #EA 6788 340
6790 #EA 2831 6789
6791 #EA 2690 6787
6792 #EA 6791 340
6793 #EA 6790 6792
6794 #EA 2768 6711
6795 #EA 6793 6794
6796 #EA 6795 2764
6797 #EL #BD 142 396 6796
6798 #EA 6212 6797
6799 #EA 2916 6798
6800 #EA 2768 709
6801 #EA 6799 6800
6802 #EL #BD 1067 2761 6801
6803 #EA 6786 6802
6804 #EA 6803 169
6805 #EA 6784 6804
6806 #EA 6781 6805
6807 #EA 2939 6778
6808 #EA 6806 6807
6809 #EA 6774 6808
6810 #EA 6740 6809
6811 #EA 5664 6731
6812 #EA 6811 6738
6813 #EA 6812 18
6814 #EA 5664 6733
6815 #EA 6814 6737
6816 #EA 1082 306
6817 #EA 6816 1202
6818 #EA 6817 9
6819 #EA 6815 6818
6820 #EA 6277 3833
6821 #EA 1390 1490
6822 #EA 6820 6821
6823 #EA 6450 1490
6824 #EA 6822 6823
6825 #EA 859 6
6826 #EA 6825 9
6827 #EL #BD 1076 6821 6826
6828 #EA 6824 6827
6829 #EA 117 6821
6830 #EA 2833 1572
6831 #EA 6830 18
6832 #EA 6488 1572
6833 #EA 6832 6
6834 #EA 4519 1488
6835 #EA 6834 1666
6836 #EA 6835 79
6837 #EA 6836 285
6838 #EC 1044 
6839 #EA 6838 1666
6840 #EA 6839 79
6841 #EA 6840 6
6842 #EA 6837 6841
6843 #EZ 1077 6831 6833 6842
6844 #EL #BD 1076 6829 6843
6845 #EA 6828 6844
6846 #EL #BD 1079 6674 6845
6847 #EL #BD 806 6672 6846
6848 #EL #BD 68 0 6847
6849 #EA 6819 6848
6850 #EA 6813 6849
6851 #EA 6810 6850
6852 #EA 6725 6851
6853 #EA 6723 6852
6854 #EL #BD 1094 6692 6853
6855 #EL #BD 1093 6642 6854
6856 #EA 6686 6855
6857 #EL #BD 1092 6641 6856
6858 #EL #BD 1091 6590 6857
6859 #EA 6634 6858
6860 #EL #BD 1090 6587 6859
6861 #EL #BD 1082 6561 6860
6862 #EA 6576 6861
6863 #EL #BD 1081 6531 6862
6864 #EL #BD 4 0 6863
6865 #EA 6559 6864
6866 #EL #BD 1080 6051 6865
6867 #EA 6518 6866
6868 #EL #BD 315 5770 6867
6869 #EL #BD 1046 0 6868
6870 #EA 6032 6869
6871 #EA 6870 6
6872 #EL #BD 1046 0 6871
6873 #EL #BD 651 325 6872
#DEF 1045 5743 6873 
1095 #NS 577 prop_on_ex_minn
1096 #NS 0 ex
6874 #EA 516 152
6875 #EA 6874 340
6876 #EL #BD 4 0 6875
6877 #EA 5721 6876
1097 #NS 0 n'
6878 #EP #BD 37 5789 3969
6879 #EP #BD 1097 0 6878
6880 #EP #BD 37 6879 1134
6881 #EP #BD 37 5727 6880
6882 #EP #BD 4 0 6881
6883 #EA 3013 268
6884 #EP #BD 37 5789 3964
6885 #EP #BD 1097 0 6884
6886 #EA 5759 6885
6887 #EA 6883 6886
6888 #EL #BD 4 0 6887
6889 #EA 5721 6888
6890 #EP #BD 37 6882 6889
6891 #EP #BD 1096 6877 6890
6892 #EP #BD 651 325 6891
6893 #EP #BD 146 208 6892
1098 #NS 0 hP
6894 #EL #BD 4 0 5758
6895 #EA 6520 6894
6896 #EA 5721 6894
6897 #EA 3013 2975
6898 #EP #BD 37 5825 3964
6899 #EP #BD 1097 0 6898
6900 #EA 5790 6899
6901 #EA 6897 6900
6902 #EL #BD 4 0 6901
6903 #EA 5721 6902
6904 #EL #BD 50 6896 6903
6905 #EA 6895 6904
6906 #EA 6905 9
1099 #NS 0 hbound
6907 #EA 3360 9
6908 #EA 2916 6907
6909 #EA 6908 2764
6910 #EA 3013 6909
6911 #EP #BD 37 5730 5815
6912 #EP #BD 4 0 6911
6913 #EA 6910 6912
6914 #EA 5055 6913
6915 #EA 3467 20
6916 #EA 2916 6915
6917 #EA 6916 2769
6918 #EA 3013 6917
6919 #EP #BD 37 6044 5829
6920 #EP #BD 68 0 6919
6921 #EA 6043 6920
6922 #EA 5826 6921
6923 #EA 6918 6922
6924 #EL #BD 4 0 6923
6925 #EA 5721 6924
6926 #EA 6914 6925
6927 #EA 3052 6913
6928 #EA 6927 6925
6929 #EA 3013 422
6930 #EP #BD 37 6100 3964
6931 #EP #BD 1097 0 6930
6932 #EA 6546 6931
6933 #EA 6929 6932
6934 #EL #BD 4 0 6933
6935 #EA 5721 6934
6936 #EL #BD 50 6928 6935
6937 #EA 6926 6936
6938 #EC 1045 
6939 #EA 6938 79
6940 #EA 6939 9
6941 #EA 6937 6940
6942 #EA 571 6935
6943 #EA 6942 345
6944 #EA 6943 340
6945 #EA 6460 1134
6946 #EA 6945 340
6947 #EA 5938 1134
6948 #EA 6947 345
6949 #EA 6916 2764
6950 #EA 6284 6949
6951 #EP #BD 37 6044 6537
6952 #EP #BD 4 0 6951
6953 #EA 6950 6952
6954 #EA 6953 6
6955 #EA 6954 20
6956 #EA 5569 20
6957 #EA 6955 6956
6958 #EA 6948 6957
6959 #EA 6946 6958
6960 #EA 6959 9
6961 #EA 6944 6960
6962 #EL #BD 1072 6913 6961
6963 #EA 6941 6962
1100 #NI 1057 2160842835
1101 #NS 1100 _hygCtx
1102 #NS 1101 _hyg
1103 #NI 1102 99
6964 #EA 3582 18
6965 #EA 2916 6964
6966 #EA 6965 2769
6967 #EA 3013 6966
6968 #EP #BD 37 6526 6548
6969 #EP #BD 68 0 6968
6970 #EA 6525 6969
6971 #EA 6546 6970
6972 #EA 6967 6971
6973 #EL #BD 4 0 6972
6974 #EA 6520 6973
6975 #EA 5721 6973
6976 #EA 3013 2869
6977 #EP #BD 37 6140 3964
6978 #EP #BD 1097 0 6977
6979 #EA 6101 6978
6980 #EA 6976 6979
6981 #EL #BD 4 0 6980
6982 #EA 5721 6981
6983 #EL #BD 50 6975 6982
6984 #EA 6974 6983
6985 #EA 6984 6
1104 #NI 1102 100
6986 #EA 3534 79
6987 #EA 2916 6986
6988 #EA 6987 2968
6989 #EA 6560 6988
6990 #EA 3013 5828
6991 #EP #BD 37 6107 4430
6992 #EP #BD 37 6233 6991
6993 #EP #BD 68 0 6992
6994 #EA 6565 6993
6995 #EA 6990 6994
6996 #EA 6989 6995
6997 #EA 3013 6988
6998 #EA 6997 6995
6999 #EA 3013 6616
7000 #EA 963 6
7001 #EA 516 7000
7002 #EA 7001 340
7003 #EA 3013 7002
7004 #EP #BD 37 6618 3964
7005 #EP #BD 1097 0 7004
7006 #EA 7003 7005
7007 #EA 6999 7006
7008 #EL #BD 4 0 7007
7009 #EA 5721 7008
7010 #EL #BD 50 6998 7009
7011 #EA 6996 7010
7012 #EA 7011 6
1105 #NS 0 _hfind
1106 #NI 1086 2160842835
1107 #NS 1106 _hygCtx
1108 #NS 1107 _hyg
1109 #NI 1108 101
7013 #EA 516 1199
7014 #EA 7013 340
7015 #EA 3013 7014
7016 #EP #BD 37 6147 6582
7017 #EP #BD 37 5257 7016
7018 #EP #BD 68 0 7017
7019 #EA 6581 7018
7020 #EA 7015 7019
7021 #EA 516 1239
7022 #EA 7021 340
7023 #EA 6560 7022
7024 #EP #BD 37 6637 6595
7025 #EP #BD 37 6594 7024
7026 #EP #BD 68 0 7025
7027 #EA 6593 7026
7028 #EA 7023 7027
7029 #EA 3013 7022
7030 #EA 7029 7027
7031 #EA 3013 6667
7032 #EA 1436 6
7033 #EA 516 7032
7034 #EA 7033 340
7035 #EA 3013 7034
7036 #EP #BD 37 6669 3964
7037 #EP #BD 1097 0 7036
7038 #EA 7035 7037
7039 #EA 7031 7038
7040 #EL #BD 4 0 7039
7041 #EA 5721 7040
7042 #EL #BD 50 7030 7041
7043 #EA 7028 7042
7044 #EA 7043 6
1110 #NI 1108 102
7045 #EP #BD 37 6622 4441
7046 #EP #BD 37 6290 7045
7047 #EP #BD 68 0 7046
7048 #EA 6636 7047
7049 #EP #BD 37 6688 6644
7050 #EP #BD 37 6470 7049
7051 #EP #BD 68 0 7050
7052 #EA 6643 7051
7053 #EA 6649 7051
7054 #EA 1572 6
7055 #EA 3013 7054
7056 #EA 516 7054
7057 #EA 7056 340
7058 #EP #BD 37 7057 3964
7059 #EP #BD 1097 0 7058
7060 #EA 6708 7059
7061 #EA 7055 7060
7062 #EL #BD 4 0 7061
7063 #EA 5721 7062
7064 #EL #BD 50 7053 7063
7065 #EA 7052 7064
7066 #EA 7065 6
1111 #NS 0 hminimal_bound
7067 #EP #BD 37 6674 6689
7068 #EP #BD 37 6687 7067
7069 #EP #BD 68 0 7068
7070 #EA 1425 9
7071 #EP #BD 37 7057 7070
7072 #EP #BD 68 0 7071
7073 #EA 6277 7070
7074 #EA 1386 1488
7075 #EA 7073 7074
7076 #EA 6281 1488
7077 #EA 7075 7076
7078 #EL #BD 1076 7074 4447
7079 #EA 7077 7078
7080 #EA 117 7074
7081 #EA 2833 1490
7082 #EA 7081 20
7083 #EA 6305 1490
7084 #EA 7083 6
7085 #EA 4519 1436
7086 #EA 7085 1572
7087 #EA 7086 18
7088 #EA 7087 169
7089 #EA 6838 1572
7090 #EA 7089 18
7091 #EA 7090 6
7092 #EA 7088 7091
7093 #EZ 1077 7082 7084 7092
7094 #EL #BD 1076 7080 7093
7095 #EA 7079 7094
7096 #EL #BD 806 7057 7095
7097 #EL #BD 68 0 7096
7098 #EA 1687 6
7099 #EA 3013 7098
7100 #EA 1666 6
7101 #EA 516 7100
7102 #EA 7101 340
7103 #EA 3013 7102
7104 #EA 516 7098
7105 #EA 7104 340
7106 #EP #BD 37 7105 3964
7107 #EP #BD 1097 0 7106
7108 #EA 7103 7107
7109 #EA 7099 7108
7110 #EL #BD 4 0 7109
7111 #EA 5953 7110
7112 #EA 7111 709
7113 #EA 1666 709
7114 #EA 5664 7113
7115 #EA 1572 709
7116 #EA 516 7115
7117 #EA 7116 340
7118 #EA 3013 7117
7119 #EP #BD 37 7102 4467
7120 #EP #BD 1097 0 7119
7121 #EA 7118 7120
7122 #EA 7114 7121
7123 #EA 1488 709
7124 #EA 7123 79
7125 #EA 7124 6
7126 #EA 7122 7125
7127 #EA 5664 7117
7128 #EA 7127 7120
7129 #EA 7128 79
7130 #EA 7129 6
7131 #EA 7126 7130
7132 #EA 7112 7131
7133 #EZ 1094 7072 7097 7132
7134 #EL #BD 1111 7069 7133
7135 #EL #BD 1093 6642 7134
7136 #EA 7066 7135
7137 #EL #BD 1110 7048 7136
7138 #EL #BD 1091 7022 7137
7139 #EA 7044 7138
7140 #EL #BD 1109 7020 7139
7141 #EL #BD 1105 6988 7140
7142 #EA 7012 7141
7143 #EL #BD 1104 6972 7142
7144 #EL #BD 4 0 7143
7145 #EA 6985 7144
7146 #EL #BD 1103 6925 7145
7147 #EA 6963 7146
7148 #EL #BD 1099 5758 7147
7149 #EL #BD 1046 0 7148
7150 #EA 6906 7149
7151 #EL #BD 1098 6882 7150
7152 #EL #BD 1096 6877 7151
7153 #EL #BD 651 325 7152
7154 #EL #BD 146 208 7153
#DEF 1095 6893 7154 
1112 #NS 0 Iff
1113 #NS 1112 intro
1114 #NS 0 mp
1115 #NS 0 mpr
7155 #EC 1112 
7156 #EA 7155 18
7157 #EA 7156 20
7158 #EP #BD 1115 235 7157
7159 #EP #BD 1114 3200 7158
7160 #EP #BI 120 112 7159
7161 #EP #BI 33 112 7160
#IND 2 1112 3020 1 1113 7161 
1116 #NS 1112 mp
7162 #EA 7155 9
7163 #EA 7162 6
7164 #EP #BD 64 7163 1289
7165 #EP #BI 120 112 7164
7166 #EP #BI 33 112 7165
7167 #EJ 1112 0 6
7168 #EL #BD 64 7163 7167
7169 #EL #BD 120 112 7168
7170 #EL #BD 33 112 7169
#DEF 1116 7166 7170 
1117 #NS 1112 mpr
7171 #EP #BD 64 7163 235
7172 #EP #BI 120 112 7171
7173 #EP #BI 33 112 7172
7174 #EJ 1112 1 6
7175 #EL #BD 64 7163 7174
7176 #EL #BD 120 112 7175
7177 #EL #BD 33 112 7176
#DEF 1117 7173 7177 
