1 #NS 0 List
2 #NS 1 nil
3 #NS 0 α
4 #NS 0 u
1 #UP 4
2 #US 1
0 #ES 2
1 #EC 1 1
2 #EV 0
3 #EA 1 2
4 #EP #BI 3 0 3
5 #NS 1 cons
6 #NS 0 head
7 #NS 0 tail
5 #EV 1
6 #EA 1 5
7 #EV 2
8 #EA 1 7
9 #EP #BD 7 6 8
10 #EP #BD 6 2 9
11 #EP #BI 3 0 10
12 #EP #BD 3 0 0
#IND 1 1 12 2 2 4 5 11 4
8 #NS 0 Nat
9 #NS 8 zero
13 #EC 8 
10 #NS 8 succ
11 #NS 0 n
14 #EP #BD 11 13 13
3 #US 0
15 #ES 3
#IND 0 8 15 2 9 13 10 14 
12 #NS 1 casesOn
13 #NS 0 motive
14 #NS 0 t
15 #NS 0 u_1
4 #UP 15
16 #ES 4
17 #EP #BD 14 3 16
16 #NS 0 nil
18 #EC 2 1
19 #EA 18 7
20 #EA 5 19
17 #NS 0 cons
21 #EV 3
22 #EV 4
23 #EA 1 22
24 #EC 5 1
25 #EV 5
26 #EA 24 25
27 #EA 26 5
28 #EA 27 2
29 #EA 22 28
30 #EP #BD 7 23 29
31 #EP #BD 6 21 30
32 #EA 21 7
33 #EP #BD 17 31 32
34 #EP #BD 16 20 33
35 #EP #BD 14 6 34
36 #EP #BI 13 17 35
37 #EP #BI 3 0 36
18 #NS 1 rec
38 #EC 18 4 1
39 #EA 38 22
40 #EA 39 21
41 #EA 40 5
42 #EA 1 25
19 #NS 0 tail_ih
43 #EA 25 2
44 #EA 32 5
45 #EL #BD 19 43 44
46 #EL #BD 7 42 45
47 #EL #BD 6 22 46
48 #EA 41 47
49 #EA 48 7
50 #EL #BD 17 31 49
51 #EL #BD 16 20 50
52 #EL #BD 14 6 51
53 #EL #BI 13 17 52
54 #EL #BI 3 0 53
#DEF 12 37 54 15 4
20 #NS 1 getLastD
21 #NS 20 match_1
5 #US 4
55 #ES 5
22 #NS 0 x
23 #NS 22 _@
24 #NS 23 Init
25 #NS 24 Data
26 #NS 25 List
27 #NS 26 Basic
28 #NI 27 1243209826
29 #NS 28 _hygCtx
30 #NI 29 11
31 #NS 30 Init
32 #NS 31 Data
33 #NS 32 List
34 #NS 33 Basic
35 #NI 34 1243209826
36 #NS 35 _hygCtx
37 #NS 36 _hyg
38 #NI 37 30
56 #EC 1 4
57 #EA 56 2
39 #NI 29 12
40 #NS 39 Init
41 #NS 40 Data
42 #NS 41 List
43 #NS 42 Basic
44 #NI 43 1243209826
45 #NS 44 _hygCtx
46 #NS 45 _hyg
47 #NI 46 33
48 #NS 0 u_2
6 #UP 48
58 #ES 6
59 #EP #BD 47 5 58
60 #EP #BD 38 57 59
61 #EA 56 5
49 #NS 0 h_1
50 #NS 0 a₀
62 #EC 2 4
63 #EA 62 22
64 #EA 21 63
65 #EA 64 2
66 #EP #BD 50 21 65
51 #NS 0 h_2
52 #NS 0 a
53 #NS 0 as
67 #EA 56 25
54 #NS 29 _hyg
55 #NI 54 54
68 #EV 6
69 #EC 5 4
70 #EV 7
71 #EA 69 70
72 #EA 71 7
73 #EA 72 5
74 #EA 68 73
75 #EA 74 2
76 #EP #BD 55 68 75
77 #EP #BD 53 67 76
78 #EP #BD 52 22 77
79 #EA 22 21
80 #EA 79 7
81 #EP #BD 51 78 80
82 #EP #BD 49 66 81
83 #EP #BD 47 7 82
84 #EP #BD 38 61 83
85 #EP #BD 13 60 84
86 #EP #BI 3 55 85
87 #EC 12 6 4
88 #EA 87 25
89 #EA 43 21
90 #EL #BD 22 67 89
91 #EA 88 90
92 #EA 91 21
93 #EA 5 7
94 #EA 92 93
56 #NS 6 _@
57 #NS 56 Init
58 #NS 57 Data
59 #NS 58 List
60 #NS 59 Basic
61 #NI 60 1243209826
62 #NS 61 _hygCtx
63 #NS 62 _hyg
64 #NI 63 80
65 #NS 7 _@
66 #NS 65 Init
67 #NS 66 Data
68 #NS 67 List
69 #NS 68 Basic
70 #NI 69 1243209826
71 #NS 70 _hygCtx
72 #NS 71 _hyg
73 #NI 72 81
95 #EA 56 68
96 #EA 7 5
97 #EA 96 2
98 #EA 97 22
99 #EL #BD 73 95 98
100 #EL #BD 64 25 99
101 #EA 94 100
102 #EL #BD 51 78 101
103 #EL #BD 49 66 102
104 #EL #BD 47 7 103
105 #EL #BD 38 61 104
106 #EL #BD 13 60 105
107 #EL #BI 3 55 106
#DEF 21 86 107 15 48
74 #NS 0 False
108 #ES 0
#IND 0 74 108 0  
75 #NS 0 Not
109 #EP #BD 52 108 108
76 #NS 52 _@
77 #NS 76 _internal
78 #NS 77 _hyg
79 #NI 78 0
110 #EC 74 
111 #EP #BD 79 2 110
112 #EL #BD 52 108 111
#DEF 75 109 112 
80 #NS 0 Eq
81 #NS 80 refl
113 #EC 80 4
114 #EA 113 5
115 #EA 114 2
116 #EA 115 2
117 #EP #BD 52 2 116
118 #EP #BI 3 16 117
119 #EP #BD 79 5 108
120 #EP #BD 79 2 119
121 #EP #BI 3 16 120
#IND 2 80 121 1 81 118 15
82 #NS 0 Ne
122 #ES 1
123 #EP #BI 3 122 120
83 #NS 0 b
124 #EC 75 
125 #EC 80 1
126 #EA 125 7
127 #EA 126 5
128 #EA 127 2
129 #EA 124 128
130 #EL #BD 83 5 129
131 #EL #BD 52 2 130
132 #EL #BI 3 122 131
#DEF 82 123 132 4
84 #NS 0 PUnit
85 #NS 84 unit
133 #EC 84 1
#IND 0 84 122 1 85 133 4
86 #NS 0 PProd
87 #NS 86 mk
88 #NS 0 β
89 #NS 0 v
7 #UP 89
134 #ES 7
90 #NS 0 fst
91 #NS 0 snd
135 #EC 86 1 7
136 #EA 135 21
137 #EA 136 7
138 #EP #BD 91 5 137
139 #EP #BD 90 5 138
140 #EP #BI 88 134 139
141 #EP #BI 3 122 140
8 #UM 3 1
9 #UM 8 7
142 #ES 9
143 #EP #BD 88 134 142
144 #EP #BD 3 122 143
#IND 2 86 144 1 87 141 4 89
92 #NS 1 below
10 #UM 2 4
145 #ES 10
146 #EP #BD 14 6 145
147 #EP #BI 13 17 146
148 #EP #BI 3 0 147
11 #US 10
149 #EC 18 11 1
150 #EA 149 7
151 #EL #BD 14 8 145
152 #EA 150 151
153 #EC 84 10
154 #EA 152 153
155 #EA 1 21
156 #EC 86 4 10
157 #EA 22 5
158 #EA 156 157
159 #EA 158 2
160 #EL #BD 19 145 159
161 #EL #BD 7 155 160
162 #EL #BD 6 7 161
163 #EA 154 162
164 #EA 163 2
165 #EL #BD 14 6 164
166 #EL #BI 13 17 165
167 #EL #BI 3 0 166
#DEF 92 148 167 15 4
93 #NS 1 brecOn
94 #NS 93 go
95 #NS 0 F_1
96 #NS 0 f
168 #EC 92 4 1
169 #EA 168 21
170 #EA 169 7
171 #EA 170 2
172 #EA 21 5
173 #EP #BD 96 171 172
174 #EP #BD 14 8 173
175 #EA 156 96
176 #EA 170 5
177 #EA 175 176
178 #EP #BD 95 174 177
179 #EP #BD 14 6 178
180 #EP #BI 13 17 179
181 #EP #BI 3 0 180
182 #EC 18 10 1
183 #EA 182 21
184 #EA 21 2
185 #EA 156 184
186 #EA 168 22
187 #EA 186 21
188 #EA 187 2
189 #EA 185 188
190 #EL #BD 14 155 189
191 #EA 183 190
192 #EC 87 4 10
193 #EA 18 21
194 #EA 7 193
195 #EA 192 194
196 #EA 195 153
197 #EA 2 193
198 #EC 85 10
199 #EA 197 198
200 #EA 196 199
201 #EA 200 198
202 #EA 191 201
203 #EA 22 2
204 #EA 156 203
205 #EA 168 25
206 #EA 205 22
207 #EA 206 2
208 #EA 204 207
12 #UM 3 4
13 #UM 12 10
209 #EC 87 4 13
210 #EA 24 68
211 #EA 210 7
212 #EA 211 5
213 #EA 25 212
214 #EA 209 213
215 #EA 25 5
216 #EA 156 215
217 #EA 168 68
218 #EA 217 25
219 #EA 218 5
220 #EA 216 219
221 #EA 214 220
222 #EA 21 212
223 #EA 222 2
224 #EA 221 223
225 #EA 224 2
226 #EL #BD 19 208 225
227 #EL #BD 7 23 226
228 #EL #BD 6 21 227
229 #EA 202 228
230 #EA 229 5
231 #EL #BD 95 174 230
232 #EL #BD 14 6 231
233 #EL #BI 13 17 232
234 #EL #BI 3 0 233
#DEF 94 181 234 15 4
235 #EP #BD 95 174 96
236 #EP #BD 14 6 235
237 #EP #BI 13 17 236
238 #EP #BI 3 0 237
239 #EC 94 4 1
240 #EA 239 21
241 #EA 240 7
242 #EA 241 5
243 #EA 242 2
244 #EJ 86 0 243
245 #EL #BD 95 174 244
246 #EL #BD 14 6 245
247 #EL #BI 13 17 246
248 #EL #BI 3 0 247
#DEF 93 238 248 15 4
97 #NS 1 getLast
98 #NS 97 match_1
99 #NI 27 839546145
100 #NS 99 _hygCtx
101 #NI 100 17
102 #NS 101 Init
103 #NS 102 Data
104 #NS 103 List
105 #NS 104 Basic
106 #NI 105 839546145
107 #NS 106 _hygCtx
108 #NS 107 _hyg
109 #NI 108 36
110 #NI 100 18
111 #NS 110 Init
112 #NS 111 Data
113 #NS 112 List
114 #NS 113 Basic
115 #NI 114 839546145
116 #NS 115 _hygCtx
117 #NS 116 _hyg
118 #NI 117 39
249 #EC 82 5
250 #EA 249 61
251 #EA 250 2
252 #EA 62 5
253 #EA 251 252
254 #EP #BD 118 253 58
255 #EP #BD 109 57 254
256 #EA 56 7
257 #EA 249 256
258 #EA 257 2
259 #EA 62 7
260 #EA 258 259
119 #NS 0 h
261 #EA 56 21
262 #EA 249 261
263 #EA 62 21
264 #EA 262 263
265 #EA 264 263
266 #EP #BD 119 265 65
120 #NS 100 _hyg
121 #NI 120 65
267 #EA 249 67
268 #EA 69 25
269 #EA 268 2
270 #EA 62 25
271 #EA 269 270
272 #EA 267 271
273 #EA 272 270
274 #EA 69 68
275 #EA 274 5
276 #EA 62 68
277 #EA 275 276
278 #EA 25 277
279 #EA 278 2
280 #EP #BD 121 273 279
281 #EP #BD 52 22 280
122 #NS 0 h_3
123 #NI 60 839546145
124 #NS 123 _hygCtx
125 #NS 124 _hyg
126 #NI 125 85
282 #EA 56 70
127 #NI 120 86
283 #EV 8
284 #EA 56 283
285 #EA 249 284
286 #EA 69 283
287 #EA 286 7
288 #EA 286 5
289 #EA 288 2
290 #EA 287 289
291 #EA 285 290
292 #EA 62 283
293 #EA 291 292
294 #EV 9
295 #EA 69 294
296 #EA 295 21
297 #EA 295 7
298 #EA 297 5
299 #EA 296 298
300 #EA 283 299
301 #EA 300 2
302 #EP #BD 127 293 301
303 #EP #BD 53 282 302
304 #EP #BD 83 68 303
305 #EP #BD 126 25 304
306 #EA 25 22
307 #EA 306 21
308 #EP #BD 122 305 307
309 #EP #BD 51 281 308
310 #EP #BD 49 266 309
311 #EP #BD 118 260 310
312 #EP #BD 109 61 311
313 #EP #BD 13 255 312
314 #EP #BI 3 55 313
315 #EA 87 68
316 #EA 249 282
317 #EA 316 2
318 #EA 62 70
319 #EA 317 318
320 #EA 70 5
321 #EA 320 2
322 #EP #BD 118 319 321
323 #EL #BD 22 95 322
324 #EA 315 323
325 #EA 324 22
326 #EA 249 95
327 #EA 326 276
328 #EA 327 276
329 #EL #BD 118 328 184
330 #EA 325 329
128 #NI 125 114
129 #NI 69 839546145
130 #NS 129 _hygCtx
131 #NS 130 _hyg
132 #NI 131 115
331 #EA 285 289
332 #EA 331 292
333 #EA 87 294
334 #EA 56 294
335 #EV 10
336 #EA 56 335
337 #EA 249 336
338 #EA 69 335
339 #EA 338 21
340 #EA 339 2
341 #EA 337 340
342 #EA 62 335
343 #EA 341 342
344 #EV 11
345 #EA 69 344
346 #EA 345 22
347 #EA 346 5
348 #EA 335 347
349 #EA 348 2
350 #EP #BD 118 343 349
351 #EL #BD 22 334 350
352 #EA 333 351
353 #EA 352 5
354 #EA 249 334
355 #EA 62 294
356 #EA 297 355
357 #EA 354 356
358 #EA 357 355
359 #EA 25 21
360 #EA 359 2
361 #EL #BD 118 358 360
362 #EA 353 361
133 #NI 125 116
134 #NI 131 117
363 #EA 56 344
364 #EA 249 363
365 #EA 345 5
366 #EA 365 2
367 #EA 346 366
368 #EA 364 367
369 #EA 62 344
370 #EA 368 369
371 #EA 68 25
372 #EA 371 7
373 #EA 372 5
374 #EA 373 2
375 #EL #BD 118 370 374
376 #EL #BD 134 336 375
377 #EL #BD 133 294 376
378 #EA 362 377
379 #EA 378 2
380 #EL #BD 118 332 379
381 #EL #BD 132 282 380
382 #EL #BD 128 68 381
383 #EA 330 382
384 #EA 383 21
385 #EL #BD 122 305 384
386 #EL #BD 51 281 385
387 #EL #BD 49 266 386
388 #EL #BD 118 260 387
389 #EL #BD 109 61 388
390 #EL #BD 13 255 389
391 #EL #BI 3 55 390
#DEF 98 314 391 15 48
135 #NS 0 absurd
136 #NS 0 h₁
137 #NS 0 h₂
392 #EA 124 7
393 #EP #BD 137 392 7
394 #EP #BD 136 5 393
395 #EP #BI 83 134 394
396 #EP #BI 52 108 395
138 #NS 74 rec
397 #EC 138 7
139 #NS 24 Prelude
140 #NI 139 3867523658
141 #NS 140 _hygCtx
142 #NS 141 _hyg
143 #NI 142 13
398 #EL #BD 143 110 21
399 #EA 397 398
400 #EA 2 5
401 #EA 399 400
402 #EL #BD 137 392 401
403 #EL #BD 136 5 402
404 #EL #BI 83 134 403
405 #EL #BI 52 108 404
#DEF 135 396 405 89
144 #NS 0 rfl
406 #EA 125 5
407 #EA 406 2
408 #EA 407 2
409 #EP #BI 52 2 408
410 #EP #BI 3 122 409
411 #EC 81 1
412 #EA 411 5
413 #EA 412 2
414 #EL #BI 52 2 413
415 #EL #BI 3 122 414
#DEF 144 410 415 4
145 #NS 0 HEq
146 #NS 145 refl
416 #EC 145 1
417 #EA 416 5
418 #EA 417 2
419 #EA 418 5
420 #EA 419 2
421 #EP #BD 52 2 420
422 #EP #BI 3 122 421
423 #EP #BD 79 2 108
424 #EP #BI 88 122 423
425 #EP #BD 79 2 424
426 #EP #BI 3 122 425
#IND 2 145 426 1 146 422 4
147 #NS 1 noConfusionType
148 #NS 0 P
149 #NS 0 α'
427 #EP #BI 149 0 17
428 #EP #BD 14 3 427
429 #EP #BI 3 0 428
430 #EP #BD 148 16 429
150 #NS 0 t'
431 #EC 12 5 1
432 #EA 431 21
433 #EL #BD 14 155 16
434 #EA 432 433
435 #EA 434 7
436 #EA 431 5
437 #EL #BD 14 6 16
438 #EA 436 437
439 #EA 438 2
151 #NI 139 3789667573
152 #NS 151 _hygCtx
153 #NS 152 _hyg
154 #NI 153 13
440 #EP #BD 154 22 25
441 #EA 439 440
442 #EL #BD 7 8 68
443 #EL #BD 6 5 442
444 #EA 441 443
445 #EA 435 444
446 #EA 435 68
155 #NI 153 14
156 #NS 0 head_eq
447 #EC 145 2
448 #EA 447 70
449 #EA 448 21
450 #EA 449 25
451 #EA 450 5
157 #NS 0 tail_eq
452 #EA 1 283
453 #EA 447 452
454 #EA 453 21
455 #EA 1 68
456 #EA 454 455
457 #EA 456 5
458 #EP #BD 157 457 335
459 #EP #BD 156 451 458
460 #EP #BD 155 459 294
461 #EL #BD 7 23 460
462 #EL #BD 6 21 461
463 #EA 446 462
464 #EL #BD 7 23 463
465 #EL #BD 6 21 464
466 #EA 445 465
467 #EL #BD 150 3 466
468 #EL #BI 149 0 467
469 #EL #BD 14 3 468
470 #EL #BI 3 0 469
471 #EL #BD 148 16 470
#DEF 147 430 471 15 4
158 #NS 80 ndrec
159 #NS 0 u2
14 #UP 159
472 #ES 14
160 #NS 0 u1
15 #UP 160
473 #ES 15
474 #EP #BD 79 5 473
161 #NS 0 m
475 #EC 80 14
476 #EA 475 22
477 #EA 476 21
478 #EA 477 2
479 #EP #BD 119 478 172
480 #EP #BI 83 21 479
481 #EP #BD 161 400 480
482 #EP #BI 13 474 481
483 #EP #BI 52 2 482
484 #EP #BI 3 472 483
162 #NS 80 rec
485 #EC 162 15 14
486 #EA 485 25
487 #EA 486 22
163 #NI 139 2055208596
164 #NS 163 _hygCtx
165 #NS 164 _hyg
166 #NI 165 17
167 #NI 165 16
488 #EA 475 68
489 #EA 488 25
490 #EA 489 2
491 #EL #BD 167 490 215
492 #EL #BD 166 25 491
493 #EA 487 492
494 #EA 493 7
495 #EA 494 5
496 #EA 495 2
497 #EL #BD 119 478 496
498 #EL #BI 83 21 497
499 #EL #BD 161 400 498
500 #EL #BI 13 474 499
501 #EL #BI 52 2 500
502 #EL #BI 3 472 501
#DEF 158 484 502 160 159
168 #NS 0 cast
503 #EC 80 2
504 #EA 503 122
505 #EA 504 5
506 #EA 505 2
507 #EP #BD 52 7 7
508 #EP #BD 119 506 507
509 #EP #BI 88 122 508
510 #EP #BI 3 122 509
511 #EC 162 1 2
512 #EA 511 122
513 #EA 512 21
169 #NI 139 135197979
170 #NS 169 _hygCtx
171 #NS 170 _hyg
172 #NI 171 11
173 #NI 171 10
514 #EA 504 22
515 #EA 514 2
516 #EL #BD 173 515 5
517 #EL #BD 172 122 516
518 #EA 513 517
519 #EA 518 2
520 #EA 519 7
521 #EA 520 5
522 #EL #BD 52 7 521
523 #EL #BD 119 506 522
524 #EL #BI 88 122 523
525 #EL #BI 3 122 524
#DEF 168 510 525 4
174 #NS 0 eq_of_heq
175 #NS 0 a'
526 #EA 416 7
527 #EA 526 5
528 #EA 527 7
529 #EA 528 2
530 #EA 125 21
531 #EA 530 7
532 #EA 531 5
533 #EP #BD 119 529 532
534 #EP #BI 175 5 533
535 #EP #BI 52 2 534
536 #EP #BI 3 122 535
176 #NS 0 this
537 #EA 416 21
538 #EA 537 5
539 #EA 538 7
540 #EA 539 2
541 #EA 514 21
542 #EA 125 22
543 #EC 168 1
544 #EA 543 25
545 #EA 544 22
546 #EA 545 2
547 #EA 546 21
548 #EA 542 547
549 #EA 548 7
550 #EP #BD 119 541 549
551 #EP #BD 79 540 550
552 #EP #BD 83 5 551
553 #EP #BD 52 5 552
554 #EP #BD 88 122 553
555 #EP #BD 3 122 554
177 #NI 139 2174674562
178 #NS 177 _hygCtx
179 #NS 178 _hyg
180 #NI 179 36
181 #NI 179 38
182 #NI 179 40
183 #NI 179 42
184 #NS 145 rec
556 #EC 184 0 1
557 #EA 556 22
558 #EA 557 7
185 #NI 179 48
186 #NI 179 47
187 #NI 179 46
559 #EA 416 68
560 #EA 559 22
561 #EA 560 5
562 #EA 561 2
563 #EA 504 70
564 #EA 563 7
565 #EA 543 283
566 #EA 565 21
567 #EA 566 2
568 #EA 567 68
569 #EA 530 568
570 #EA 569 7
571 #EP #BD 119 564 570
572 #EL #BD 187 562 571
573 #EL #BD 186 2 572
574 #EL #BD 185 122 573
575 #EA 558 574
188 #NI 179 60
576 #EA 514 22
577 #EC 144 1
578 #EA 577 25
579 #EA 544 25
580 #EA 579 2
581 #EA 580 21
582 #EA 578 581
583 #EL #BD 188 576 582
584 #EA 575 583
585 #EA 584 21
586 #EA 585 5
587 #EA 586 2
588 #EL #BD 136 540 587
589 #EL #BD 183 5 588
590 #EL #BD 182 5 589
591 #EL #BD 181 122 590
592 #EL #BD 180 122 591
593 #EA 2 22
594 #EA 593 22
595 #EA 594 21
596 #EA 595 7
597 #EA 596 5
598 #EC 144 2
599 #EA 598 122
600 #EA 599 22
601 #EA 597 600
602 #EZ 176 555 592 601
603 #EL #BD 119 529 602
604 #EL #BI 175 5 603
605 #EL #BI 52 2 604
606 #EL #BI 3 122 605
#DEF 174 536 606 4
189 #NS 1 noConfusion
190 #NS 0 eq_1
16 #US 2
607 #EC 80 16
608 #EA 607 0
609 #EA 608 21
610 #EA 609 5
191 #NS 0 eq_2
611 #EA 447 23
612 #EA 611 21
613 #EA 612 8
614 #EA 613 5
615 #EC 147 4 1
616 #EA 615 68
617 #EA 616 25
618 #EA 617 22
619 #EA 618 21
620 #EA 619 7
621 #EP #BD 191 614 620
622 #EP #BD 190 610 621
623 #EP #BI 150 3 622
624 #EP #BI 149 0 623
625 #EP #BI 14 3 624
626 #EP #BI 3 0 625
627 #EP #BI 148 16 626
17 #UIM 2 4
628 #EC 158 17 16
629 #EA 628 0
630 #EA 629 25
631 #EA 1 70
632 #EA 447 631
633 #EA 632 68
634 #EA 633 6
635 #EA 634 2
636 #EA 615 294
637 #EA 636 283
638 #EA 637 70
639 #EA 638 7
640 #EA 639 5
641 #EP #BD 191 635 640
642 #EP #BI 150 3 641
643 #EL #BI 149 0 642
644 #EA 630 643
645 #EA 447 455
646 #EA 645 25
647 #EA 646 455
648 #EA 647 2
649 #EC 158 4 2
650 #EA 649 631
651 #EA 650 68
652 #EA 638 283
653 #EA 652 2
654 #EL #BI 150 631 653
655 #EA 651 654
656 #EC 12 4 1
657 #EA 656 70
658 #EA 637 2
659 #EA 658 283
660 #EA 659 2
661 #EL #BI 14 631 660
662 #EA 657 661
663 #EA 662 68
192 #NS 0 k
664 #EL #BD 192 283 2
665 #EA 663 664
666 #EA 447 294
667 #EA 666 5
668 #EA 667 294
669 #EA 668 5
670 #EA 1 335
671 #EA 447 670
672 #EA 671 5
673 #EA 672 670
674 #EA 673 5
675 #EV 12
676 #EP #BD 157 674 675
677 #EP #BD 156 669 676
678 #EC 146 2
679 #EA 678 335
680 #EA 679 7
681 #EA 2 680
682 #EA 678 670
683 #EA 682 5
684 #EA 681 683
685 #EL #BD 192 677 684
686 #EL #BD 7 452 685
687 #EL #BD 6 70 686
688 #EA 665 687
689 #EA 655 688
690 #EA 689 5
691 #EC 174 2
692 #EA 691 631
693 #EA 692 68
694 #EA 693 5
695 #EA 694 2
696 #EA 690 695
697 #EL #BD 191 648 696
698 #EL #BI 150 42 697
699 #EA 644 698
700 #EA 699 21
701 #EA 700 5
702 #EA 701 7
703 #EA 702 2
704 #EL #BD 191 614 703
705 #EL #BD 190 610 704
706 #EL #BI 150 3 705
707 #EL #BI 149 0 706
708 #EL #BI 14 3 707
709 #EL #BI 3 0 708
710 #EL #BI 148 16 709
#DEF 189 627 710 15 4
193 #NS 80 subst
711 #EA 530 5
712 #EA 711 2
713 #EA 22 7
714 #EP #BD 137 32 713
715 #EP #BD 136 712 714
716 #EP #BI 83 7 715
717 #EP #BI 52 5 716
718 #EP #BI 13 423 717
719 #EP #BI 3 122 718
720 #EC 158 0 1
721 #EA 720 25
722 #EA 721 21
723 #EA 722 22
724 #EA 723 2
725 #EA 724 7
726 #EA 725 5
727 #EL #BD 137 32 726
728 #EL #BD 136 712 727
729 #EL #BI 83 7 728
730 #EL #BI 52 5 729
731 #EL #BI 13 423 730
732 #EL #BI 3 122 731
#DEF 193 719 732 4
194 #NS 0 heq_of_eq
195 #NS 3 _@
196 #NS 195 Init
197 #NS 196 Prelude
198 #NI 197 402996961
199 #NS 198 _hygCtx
200 #NS 199 _hyg
201 #NI 200 13
733 #EA 113 7
734 #EA 733 5
735 #EA 734 2
736 #EC 145 4
737 #EA 736 21
738 #EA 737 7
739 #EA 738 21
740 #EA 739 5
741 #EP #BD 119 735 740
742 #EP #BI 175 5 741
743 #EP #BI 52 2 742
744 #EP #BI 201 16 743
745 #EC 193 4
746 #EA 745 21
747 #EA 746 739
748 #EA 747 7
749 #EA 748 5
750 #EA 749 2
751 #EC 146 4
752 #EA 751 21
753 #EA 752 7
754 #EA 750 753
755 #EL #BD 119 735 754
756 #EL #BI 175 5 755
757 #EL #BI 52 2 756
758 #EL #BI 201 16 757
#DEF 194 744 758 15
202 #NS 97 _f
203 #NI 120 17
759 #EC 92 2 1
760 #EA 759 5
204 #NI 120 18
761 #EC 82 2
762 #EA 761 8
763 #EA 762 2
764 #EA 763 19
765 #EP #BD 204 764 21
766 #EL #BD 203 6 765
767 #EA 760 766
768 #EA 767 2
769 #EA 762 5
770 #EA 769 19
771 #EP #BD 204 770 21
772 #EP #BD 96 768 771
773 #EP #BD 203 3 772
774 #EP #BI 3 0 773
775 #EC 98 1 2
776 #EA 775 21
777 #EA 761 23
778 #EA 777 2
779 #EA 18 22
780 #EA 778 779
205 #NI 120 118
781 #EA 759 25
782 #EA 761 455
783 #EA 782 2
784 #EA 18 68
785 #EA 783 784
786 #EP #BD 204 785 70
787 #EL #BD 203 42 786
788 #EA 781 787
789 #EA 788 5
790 #EP #BD 205 789 68
791 #EL #BD 118 780 790
792 #EL #BD 109 155 791
793 #EA 776 792
794 #EA 793 7
795 #EA 794 2
796 #EA 761 155
797 #EA 796 193
798 #EA 797 193
799 #EA 759 22
800 #EA 761 42
801 #EA 800 2
802 #EA 18 25
803 #EA 801 802
804 #EP #BD 204 803 68
805 #EL #BD 203 23 804
806 #EA 799 805
807 #EA 806 779
808 #EC 135 2
809 #EA 503 42
810 #EA 809 802
811 #EA 810 802
812 #EA 808 811
813 #EA 812 25
814 #EA 598 42
815 #EA 814 802
816 #EA 813 815
817 #EA 816 5
818 #EL #BD 205 807 817
819 #EL #BD 119 798 818
820 #EA 795 819
821 #EA 24 22
822 #EA 821 2
823 #EA 822 779
824 #EA 777 823
825 #EA 824 779
826 #EA 27 802
827 #EA 788 826
828 #EL #BD 205 827 7
829 #EL #BD 121 825 828
830 #EL #BD 52 21 829
831 #EA 820 830
832 #EA 210 5
833 #EA 832 2
834 #EA 211 833
835 #EA 782 834
836 #EA 835 784
837 #EA 759 70
838 #EA 761 452
839 #EA 838 2
840 #EA 18 283
841 #EA 839 840
842 #EP #BD 204 841 294
843 #EL #BD 203 631 842
844 #EA 837 843
845 #EA 24 70
846 #EA 845 21
847 #EA 845 7
848 #EA 847 5
849 #EA 846 848
850 #EA 844 849
851 #EJ 86 0 2
852 #EA 503 452
853 #EA 24 283
854 #EA 853 21
855 #EA 854 7
856 #EA 852 855
857 #EA 856 840
858 #EC 189 0 1
859 #EA 858 110
860 #EA 859 294
861 #EA 24 294
862 #EA 861 22
863 #EA 862 21
864 #EA 860 863
865 #EA 864 294
866 #EA 18 294
867 #EA 865 866
868 #EC 144 16
869 #EA 868 0
870 #EA 869 294
871 #EA 867 870
872 #EC 194 2
873 #EA 1 294
874 #EA 872 873
875 #EA 874 863
876 #EA 875 866
877 #EA 876 2
878 #EA 871 877
879 #EL #BD 119 857 878
880 #EA 851 879
881 #EL #BD 205 850 880
882 #EL #BD 127 836 881
883 #EL #BD 53 42 882
884 #EL #BD 83 22 883
885 #EL #BD 126 21 884
886 #EA 831 885
887 #EA 886 5
888 #EL #BD 204 770 887
889 #EL #BD 96 768 888
890 #EL #BD 203 3 889
891 #EL #BI 3 0 890
#DEF 202 774 891 4
892 #EA 761 6
893 #EA 892 2
894 #EA 18 5
895 #EA 893 894
896 #EP #BD 79 895 7
897 #EP #BD 53 3 896
898 #EP #BI 3 0 897
899 #EC 93 2 1
900 #EA 899 7
901 #EA 796 2
902 #EA 901 193
903 #EP #BD 204 902 22
904 #EL #BD 203 8 903
905 #EA 900 904
906 #EA 905 5
907 #EC 202 1
908 #EA 907 7
909 #EA 906 908
910 #EA 909 2
911 #EL #BD 204 895 910
912 #EL #BD 203 3 911
913 #EL #BI 3 0 912
#DEF 97 898 913 4
206 #NS 97 _proof_2
914 #EC 80 5
915 #EA 914 256
916 #EA 69 7
917 #EA 916 5
918 #EA 917 2
919 #EA 915 918
920 #EA 919 259
921 #EC 147 0 4
922 #EA 921 110
923 #EA 922 21
924 #EA 69 21
925 #EA 924 7
926 #EA 925 5
927 #EA 923 926
928 #EA 927 21
929 #EA 928 263
930 #EP #BD 119 920 929
931 #EP #BD 53 61 930
932 #EP #BD 83 2 931
933 #EP #BI 3 55 932
934 #EC 189 0 4
935 #EA 934 110
936 #EA 935 21
937 #EA 936 926
938 #EA 937 21
939 #EA 938 263
18 #US 5
940 #EC 144 18
941 #EA 940 55
942 #EA 941 21
943 #EA 939 942
944 #EC 194 5
945 #EA 944 261
946 #EA 945 926
947 #EA 946 263
948 #EA 947 2
949 #EA 943 948
950 #EL #BD 119 920 949
951 #EL #BD 53 61 950
952 #EL #BD 83 2 951
953 #EL #BI 3 55 952
#DEF 206 933 953 15
207 #NS 0 fallback
954 #EP #BD 207 5 7
955 #EP #BD 53 3 954
956 #EP #BI 3 0 955
208 #NI 54 11
209 #NI 54 12
957 #EC 21 1 2
958 #EA 957 7
959 #EL #BD 47 21 22
960 #EL #BD 38 8 959
961 #EA 958 960
962 #EA 961 5
963 #EA 962 2
964 #EL #BD 50 7 2
965 #EA 963 964
966 #EC 97 1
967 #EA 966 25
968 #EA 26 7
969 #EA 968 5
970 #EA 967 969
971 #EC 206 1
972 #EA 971 25
973 #EA 972 7
974 #EA 973 5
975 #EA 970 974
976 #EL #BD 55 22 975
977 #EL #BD 53 155 976
978 #EL #BD 52 7 977
979 #EA 965 978
980 #EL #BD 209 5 979
981 #EL #BD 208 3 980
982 #EL #BI 3 0 981
#DEF 20 956 982 4
210 #NS 0 OfNat
211 #NS 210 mk
212 #NI 139 1822880135
213 #NS 212 _hygCtx
214 #NS 213 _hyg
215 #NI 214 3
216 #NS 0 ofNat
983 #EC 210 1
984 #EA 983 7
985 #EA 984 5
986 #EP #BD 216 5 985
987 #EP #BI 215 13 986
988 #EP #BI 3 0 987
989 #EP #BD 215 13 0
990 #EP #BD 3 0 989
#IND 2 210 990 1 211 988 4
217 #NS 210 ofNat
218 #NS 0 self
991 #EA 983 5
992 #EA 991 2
993 #EP #BC 218 992 7
994 #EP #BD 215 13 993
995 #EP #BI 3 0 994
996 #EJ 210 0 2
997 #EL #BC 218 992 996
998 #EL #BD 215 13 997
999 #EL #BD 3 0 998
#DEF 217 995 999 4
219 #NS 0 instOfNatNat
1000 #EC 210 0
1001 #EA 1000 13
1002 #EA 1001 2
1003 #EP #BD 11 13 1002
1004 #EC 211 0
1005 #EA 1004 13
1006 #EA 1005 2
1007 #EA 1006 2
1008 #EL #BD 11 13 1007
#DEF 219 1003 1008 
220 #NS 0 Prosa
221 #NS 220 Util
222 #NS 221 List
223 #NS 222 last0
224 #NS 0 xs
1009 #EC 1 0
1010 #EA 1009 13
1011 #EP #BD 224 1010 13
1012 #EC 20 0
1013 #EA 1012 13
1014 #EA 1013 2
1015 #EC 217 0
1016 #EA 1015 13
1017 #ELN 0
1018 #EA 1016 1017
1019 #EC 219 
1020 #EA 1019 1017
1021 #EA 1018 1020
1022 #EA 1014 1021
1023 #EL #BD 224 1010 1022
#DEF 223 1011 1023 
225 #NS 1 foldl
226 #NS 225 match_1
227 #NS 0 u_3
19 #UP 227
20 #US 19
1024 #ES 20
228 #NI 139 1478953397
229 #NS 228 _hygCtx
230 #NI 229 15
231 #NS 230 Init
232 #NS 231 Prelude
233 #NI 232 1478953397
234 #NS 233 _hygCtx
235 #NS 234 _hyg
236 #NI 235 34
237 #NI 229 16
238 #NS 237 Init
239 #NS 238 Prelude
240 #NI 239 1478953397
241 #NS 240 _hygCtx
242 #NS 241 _hyg
243 #NI 242 37
1025 #EP #BD 243 61 58
1026 #EP #BD 236 5 1025
1027 #EA 184 63
1028 #EP #BD 52 22 1027
244 #NS 0 l
1029 #EA 68 7
1030 #EA 71 5
1031 #EA 1030 2
1032 #EA 1029 1031
1033 #EP #BD 244 95 1032
1034 #EP #BD 83 25 1033
1035 #EP #BD 52 25 1034
1036 #EP #BD 51 1035 80
1037 #EP #BD 49 1028 1036
1038 #EP #BD 243 256 1037
1039 #EP #BD 236 7 1038
1040 #EP #BD 13 1026 1039
1041 #EP #BI 88 55 1040
1042 #EP #BI 3 1024 1041
1043 #EA 306 2
1044 #EL #BD 22 67 1043
1045 #EA 88 1044
1046 #EA 1045 7
1047 #EA 5 21
1048 #EA 1046 1047
245 #NS 57 Prelude
246 #NI 245 1478953397
247 #NS 246 _hygCtx
248 #NS 247 _hyg
249 #NI 248 69
250 #NS 66 Prelude
251 #NI 250 1478953397
252 #NS 251 _hygCtx
253 #NS 252 _hyg
254 #NI 253 70
1049 #EA 7 25
1050 #EA 1049 5
1051 #EA 1050 2
1052 #EL #BD 254 95 1051
1053 #EL #BD 249 25 1052
1054 #EA 1048 1053
1055 #EL #BD 51 1035 1054
1056 #EL #BD 49 1028 1055
1057 #EL #BD 243 256 1056
1058 #EL #BD 236 7 1057
1059 #EL #BD 13 1026 1058
1060 #EL #BI 88 55 1059
1061 #EL #BI 3 1024 1060
#DEF 226 1042 1061 15 48 227
255 #NS 225 _f
21 #US 7
1062 #ES 21
1063 #EP #BD 79 5 21
1064 #EP #BD 79 5 1063
256 #NS 229 _hyg
257 #NI 256 16
1065 #EC 1 7
1066 #EA 1065 5
1067 #EC 92 2 7
1068 #EA 1067 7
1069 #EA 1065 7
1070 #EL #BD 257 1069 440
1071 #EA 1068 1070
1072 #EA 1071 2
1073 #EP #BD 96 1072 440
1074 #EP #BD 257 1066 1073
1075 #EP #BD 96 1064 1074
1076 #EP #BI 88 1062 1075
1077 #EP #BI 3 0 1076
258 #NI 256 15
22 #UM 2 21
1078 #EC 226 7 22 1
1079 #EA 1078 25
1080 #EA 1079 22
1081 #EA 1065 25
259 #NI 256 71
1082 #EA 1067 68
1083 #EA 1065 68
1084 #EP #BD 258 283 294
1085 #EL #BD 257 1083 1084
1086 #EA 1082 1085
1087 #EA 1086 2
1088 #EP #BD 259 1087 283
1089 #EL #BD 243 1081 1088
1090 #EL #BD 236 25 1089
1091 #EA 1080 1090
1092 #EA 1091 2
1093 #EA 1092 7
1094 #EA 1067 25
1095 #EP #BD 258 70 283
1096 #EL #BD 257 1081 1095
1097 #EA 1094 1096
1098 #EC 2 7
1099 #EA 1098 25
1100 #EA 1097 1099
1101 #EL #BD 259 1100 5
1102 #EL #BD 52 25 1101
1103 #EA 1093 1102
1104 #EA 1067 70
1105 #EA 1065 70
1106 #EP #BD 258 294 335
1107 #EL #BD 257 1105 1106
1108 #EA 1104 1107
1109 #EC 5 7
1110 #EA 1109 70
1111 #EA 1110 5
1112 #EA 1111 2
1113 #EA 1108 1112
1114 #EA 70 21
1115 #EA 1114 7
1116 #EA 851 1115
1117 #EL #BD 259 1113 1116
1118 #EL #BD 244 1083 1117
1119 #EL #BD 83 25 1118
1120 #EL #BD 52 25 1119
1121 #EA 1103 1120
1122 #EA 1121 5
1123 #EL #BD 258 22 1122
1124 #EL #BD 96 1072 1123
1125 #EL #BD 257 1066 1124
1126 #EL #BD 96 1064 1125
1127 #EL #BI 88 1062 1126
1128 #EL #BI 3 0 1127
#DEF 255 1077 1128 4 89
260 #NS 0 init
1129 #EP #BD 79 1069 22
1130 #EP #BD 260 7 1129
1131 #EP #BD 96 1064 1130
1132 #EP #BI 88 1062 1131
1133 #EP #BI 3 0 1132
1134 #EC 93 2 7
1135 #EA 1134 21
1136 #EA 1065 21
1137 #EP #BD 258 25 68
1138 #EL #BD 257 1136 1137
1139 #EA 1135 1138
1140 #EA 1139 2
1141 #EC 255 1 7
1142 #EA 1141 22
1143 #EA 1142 21
1144 #EA 1143 7
1145 #EA 1140 1144
1146 #EA 1145 5
1147 #EL #BD 257 1069 1146
1148 #EL #BD 258 7 1147
1149 #EL #BD 96 1064 1148
1150 #EL #BI 88 1062 1149
1151 #EL #BI 3 0 1150
#DEF 225 1133 1151 4 89
261 #NS 0 Max
262 #NS 261 mk
263 #NS 0 max
1152 #EP #BD 79 2 954
1153 #EC 261 1
1154 #EA 1153 5
1155 #EP #BD 263 1152 1154
1156 #EP #BI 3 0 1155
#IND 1 261 12 1 262 1156 4
264 #NS 261 max
1157 #EA 1153 2
1158 #EP #BD 79 7 21
1159 #EP #BD 79 5 1158
1160 #EP #BC 218 1157 1159
1161 #EP #BI 3 0 1160
1162 #EJ 261 0 2
1163 #EL #BC 218 1157 1162
1164 #EL #BD 3 0 1163
#DEF 264 1161 1164 4
265 #NS 0 LE
266 #NS 265 mk
267 #NS 0 le
1165 #EC 265 1
1166 #EA 1165 5
1167 #EP #BD 267 120 1166
1168 #EP #BI 3 0 1167
#IND 1 265 12 1 266 1168 4
268 #NS 0 Decidable
269 #NS 268 isFalse
270 #NS 0 p
1169 #EA 124 2
1170 #EC 268 
1171 #EA 1170 5
1172 #EP #BD 119 1169 1171
1173 #EP #BI 270 108 1172
271 #NS 268 isTrue
1174 #EP #BD 119 2 1171
1175 #EP #BI 270 108 1174
1176 #EP #BD 270 108 15
#IND 1 268 1176 2 269 1173 271 1175 
272 #NS 0 DecidableRel
273 #NS 0 r
1177 #EP #BD 79 5 119
1178 #EP #BD 273 1177 142
1179 #EP #BI 88 134 1178
1180 #EP #BI 3 122 1179
1181 #EA 1170 97
1182 #EP #BD 83 7 1181
1183 #EP #BD 52 7 1182
1184 #EL #BD 273 1177 1183
1185 #EL #BI 88 134 1184
1186 #EL #BI 3 122 1185
#DEF 272 1180 1186 4 89
274 #NS 265 le
1187 #EA 1165 2
1188 #EP #BD 79 7 108
1189 #EP #BD 79 5 1188
1190 #EP #BC 218 1187 1189
1191 #EP #BI 3 0 1190
1192 #EJ 265 0 2
1193 #EL #BC 218 1187 1192
1194 #EL #BD 3 0 1193
#DEF 274 1191 1194 4
275 #NS 268 casesOn
1195 #EA 1170 2
1196 #EP #BD 14 1195 122
276 #NS 0 isFalse
1197 #EC 269 
1198 #EA 1197 21
1199 #EA 1198 2
1200 #EA 7 1199
1201 #EP #BD 119 392 1200
277 #NS 0 isTrue
1202 #EC 271 
1203 #EA 1202 22
1204 #EA 1203 2
1205 #EA 21 1204
1206 #EP #BD 119 21 1205
1207 #EP #BD 277 1206 32
1208 #EP #BD 276 1201 1207
1209 #EP #BD 14 1171 1208
1210 #EP #BI 13 1196 1209
1211 #EP #BI 270 108 1210
278 #NS 268 rec
1212 #EC 278 1
1213 #EA 1212 22
1214 #EA 1213 21
1215 #EA 124 22
1216 #EA 7 2
1217 #EL #BD 119 1215 1216
1218 #EA 1214 1217
1219 #EA 5 2
1220 #EL #BD 119 22 1219
1221 #EA 1218 1220
1222 #EA 1221 7
1223 #EL #BD 277 1206 1222
1224 #EL #BD 276 1201 1223
1225 #EL #BD 14 1171 1224
1226 #EL #BI 13 1196 1225
1227 #EL #BI 270 108 1226
#DEF 275 1211 1227 4
279 #NS 0 ite
280 #NS 0 c
281 #NS 0 e
1228 #EP #BD 281 21 22
1229 #EP #BD 14 7 1228
1230 #EP #BC 119 1195 1229
1231 #EP #BD 280 108 1230
1232 #EP #BI 3 122 1231
1233 #EC 275 1
1234 #EA 1233 21
282 #NI 139 1596968041
283 #NS 282 _hygCtx
284 #NS 283 _hyg
285 #NI 284 10
1235 #EA 1170 21
1236 #EL #BD 285 1235 25
1237 #EA 1234 1236
1238 #EA 1237 7
286 #NI 284 15
1239 #EA 124 21
1240 #EL #BD 286 1239 5
1241 #EA 1238 1240
287 #NI 284 22
1242 #EL #BD 287 21 7
1243 #EA 1241 1242
1244 #EL #BD 281 21 1243
1245 #EL #BD 14 7 1244
1246 #EL #BC 119 1195 1245
1247 #EL #BD 280 108 1246
1248 #EL #BI 3 122 1247
#DEF 279 1232 1248 4
288 #NS 0 maxOfLe
289 #NS 0 inst
290 #NS 289 _@
291 #NS 290 Init
292 #NS 291 Prelude
293 #NI 292 3402483185
294 #NS 293 _hygCtx
295 #NS 294 _hyg
296 #NI 295 5
1249 #EC 265 4
1250 #EA 1249 2
297 #NI 295 8
1251 #EC 272 5 5
1252 #EA 1251 5
1253 #EA 1252 5
1254 #EC 274 4
1255 #EA 1254 5
1256 #EA 1255 2
1257 #EA 1253 1256
1258 #EC 261 4
1259 #EA 1258 7
1260 #EP #BC 297 1257 1259
1261 #EP #BC 296 1250 1260
1262 #EP #BI 3 55 1261
1263 #EC 262 4
1264 #EA 1263 7
298 #NS 0 y
1265 #EC 279 5
1266 #EA 1265 22
1267 #EA 1254 22
1268 #EA 1267 21
1269 #EA 1268 5
1270 #EA 1269 2
1271 #EA 1266 1270
1272 #EA 1271 97
1273 #EA 1272 2
1274 #EA 1273 5
1275 #EL #BD 298 21 1274
1276 #EL #BD 22 7 1275
1277 #EA 1264 1276
1278 #EL #BC 297 1257 1277
1279 #EL #BC 296 1250 1278
1280 #EL #BI 3 55 1279
#DEF 288 1262 1280 15
299 #NS 8 le
300 #NS 299 refl
1281 #EC 299 
1282 #EA 1281 2
1283 #EA 1282 2
1284 #EP #BI 11 13 1283
301 #NS 299 step
1285 #EA 1281 5
1286 #EA 1285 2
1287 #EA 1281 7
1288 #EC 10 
1289 #EA 1288 5
1290 #EA 1287 1289
1291 #EP #BD 79 1286 1290
1292 #EP #BI 161 13 1291
1293 #EP #BI 11 13 1292
1294 #EP #BD 79 13 108
1295 #EP #BD 11 13 1294
#IND 1 299 1295 2 300 1284 301 1293 
302 #NS 0 instLENat
1296 #EC 265 0
1297 #EA 1296 13
1298 #EC 266 0
1299 #EA 1298 13
1300 #EA 1299 1281
#DEF 302 1297 1300 
303 #NS 0 dite
1301 #EP #BD 79 392 22
1302 #EP #BD 281 1301 22
1303 #EP #BD 14 1063 1302
1304 #EP #BC 119 1195 1303
1305 #EP #BD 280 108 1304
1306 #EP #BI 3 122 1305
1307 #EA 1238 2
1308 #EA 1307 5
1309 #EL #BD 281 1301 1308
1310 #EL #BD 14 1063 1309
1311 #EL #BC 119 1195 1310
1312 #EL #BD 280 108 1311
1313 #EL #BI 3 122 1312
#DEF 303 1306 1313 4
304 #NS 0 Bool
305 #NS 304 false
1314 #EC 304 
306 #NS 304 true
#IND 0 304 15 2 305 1314 306 1314 
307 #NS 8 below
1315 #EP #BD 14 13 122
1316 #ES 8
1317 #EP #BD 14 13 1316
1318 #EP #BI 13 1315 1317
308 #NS 8 rec
23 #US 8
1319 #EC 308 23
1320 #EL #BD 14 13 1316
1321 #EA 1319 1320
1322 #EC 84 8
1323 #EA 1321 1322
309 #NS 0 n_ih
1324 #EC 86 1 8
1325 #EA 1324 172
1326 #EA 1325 2
1327 #EL #BD 309 1316 1326
1328 #EL #BD 11 13 1327
1329 #EA 1323 1328
1330 #EA 1329 2
1331 #EL #BD 14 13 1330
1332 #EL #BI 13 1315 1331
#DEF 307 1318 1332 4
310 #NS 8 brecOn
311 #NS 310 go
1333 #EC 307 1
1334 #EA 1333 7
1335 #EA 1334 2
1336 #EP #BD 96 1335 172
1337 #EP #BD 14 13 1336
1338 #EA 1324 96
1339 #EA 1334 5
1340 #EA 1338 1339
1341 #EP #BD 95 1337 1340
1342 #EP #BD 14 13 1341
1343 #EP #BI 13 1315 1342
1344 #EC 308 8
1345 #EA 1324 184
1346 #EA 1333 21
1347 #EA 1346 2
1348 #EA 1345 1347
1349 #EL #BD 14 13 1348
1350 #EA 1344 1349
1351 #EC 87 1 8
1352 #EC 9 
1353 #EA 7 1352
1354 #EA 1351 1353
1355 #EA 1354 1322
1356 #EA 2 1352
1357 #EC 85 8
1358 #EA 1356 1357
1359 #EA 1355 1358
1360 #EA 1359 1357
1361 #EA 1350 1360
1362 #EA 22 1289
1363 #EA 1351 1362
1364 #EA 1324 157
1365 #EA 1333 22
1366 #EA 1365 5
1367 #EA 1364 1366
1368 #EA 1363 1367
1369 #EA 7 1289
1370 #EA 1369 2
1371 #EA 1368 1370
1372 #EA 1371 2
1373 #EL #BD 309 1348 1372
1374 #EL #BD 11 13 1373
1375 #EA 1361 1374
1376 #EA 1375 5
1377 #EL #BD 95 1337 1376
1378 #EL #BD 14 13 1377
1379 #EL #BI 13 1315 1378
#DEF 311 1343 1379 4
1380 #EP #BD 95 1337 96
1381 #EP #BD 14 13 1380
1382 #EP #BI 13 1315 1381
1383 #EC 311 1
1384 #EA 1383 7
1385 #EA 1384 5
1386 #EA 1385 2
1387 #EJ 86 0 1386
1388 #EL #BD 95 1337 1387
1389 #EL #BD 14 13 1388
1390 #EL #BI 13 1315 1389
#DEF 310 1382 1390 4
312 #NS 8 casesOn
313 #NS 0 zero
1391 #EA 5 1352
314 #NS 0 succ
1392 #EA 1288 2
1393 #EA 21 1392
1394 #EP #BD 11 13 1393
1395 #EP #BD 314 1394 32
1396 #EP #BD 313 1391 1395
1397 #EP #BD 14 13 1396
1398 #EP #BI 13 1315 1397
1399 #EC 308 1
1400 #EA 1399 21
1401 #EA 1400 5
1402 #EL #BD 309 203 96
1403 #EL #BD 11 13 1402
1404 #EA 1401 1403
1405 #EA 1404 7
1406 #EL #BD 314 1394 1405
1407 #EL #BD 313 1391 1406
1408 #EL #BD 14 13 1407
1409 #EL #BI 13 1315 1408
#DEF 312 1398 1409 4
315 #NS 8 ble
316 #NS 315 match_1
317 #NI 139 1907163184
318 #NS 317 _hygCtx
319 #NI 318 9
320 #NS 319 Init
321 #NS 320 Prelude
322 #NI 321 1907163184
323 #NS 322 _hygCtx
324 #NS 323 _hyg
325 #NI 324 28
326 #NI 318 10
327 #NS 326 Init
328 #NS 327 Prelude
329 #NI 328 1907163184
330 #NS 329 _hygCtx
331 #NS 330 _hyg
332 #NI 331 31
1410 #EP #BD 332 13 16
1411 #EP #BD 325 13 1410
333 #NS 318 _hyg
334 #NI 333 38
1412 #EA 21 1352
1413 #EA 1412 2
1414 #EP #BD 334 13 1413
335 #NS 11 _@
336 #NS 335 Init
337 #NS 336 Prelude
338 #NI 337 1907163184
339 #NS 338 _hygCtx
340 #NS 339 _hyg
341 #NI 340 50
1415 #EA 22 1392
1416 #EA 1415 1352
1417 #EP #BD 341 13 1416
1418 #EA 68 1289
1419 #EA 1418 1392
1420 #EP #BD 161 13 1419
1421 #EP #BD 11 13 1420
1422 #EP #BD 122 1421 307
1423 #EP #BD 51 1417 1422
1424 #EP #BD 49 1414 1423
1425 #EP #BD 332 13 1424
1426 #EP #BD 325 13 1425
1427 #EP #BD 13 1411 1426
1428 #EC 312 4
1429 #EA 68 2
1430 #EA 1429 22
1431 #EL #BD 22 13 1430
1432 #EA 1428 1431
1433 #EA 1432 22
1434 #EA 7 21
1435 #EA 1433 1434
342 #NI 340 73
1436 #EA 70 1289
1437 #EA 1436 2
1438 #EL #BD 22 13 1437
1439 #EA 1428 1438
1440 #EA 1439 22
1441 #EA 1440 1216
343 #NI 340 74
1442 #EL #BD 343 13 97
1443 #EA 1441 1442
1444 #EL #BD 342 13 1443
1445 #EA 1435 1444
1446 #EL #BD 122 1421 1445
1447 #EL #BD 51 1417 1446
1448 #EL #BD 49 1414 1447
1449 #EL #BD 332 13 1448
1450 #EL #BD 325 13 1449
1451 #EL #BD 13 1411 1450
#DEF 316 1427 1451 15
344 #NS 315 _f
345 #NI 333 9
1452 #EC 307 3
346 #NI 333 10
1453 #EP #BD 346 13 1314
1454 #EL #BD 345 13 1453
1455 #EA 1452 1454
1456 #EA 1455 2
1457 #EP #BD 96 1456 1453
1458 #EP #BD 345 13 1457
1459 #EC 316 3
347 #NI 333 75
1460 #EA 1455 5
1461 #EP #BD 347 1460 1314
1462 #EL #BD 332 13 1461
1463 #EL #BD 325 13 1462
1464 #EA 1459 1463
1465 #EA 1464 7
1466 #EA 1465 2
1467 #EA 1455 1352
1468 #EC 306 
1469 #EL #BD 347 1467 1468
1470 #EL #BD 334 13 1469
1471 #EA 1466 1470
1472 #EA 1455 1392
1473 #EC 305 
1474 #EL #BD 347 1472 1473
1475 #EL #BD 341 13 1474
1476 #EA 1471 1475
1477 #EA 1455 1289
1478 #EA 851 5
1479 #EL #BD 347 1477 1478
1480 #EL #BD 161 13 1479
1481 #EL #BD 11 13 1480
1482 #EA 1476 1481
1483 #EA 1482 5
1484 #EL #BD 346 13 1483
1485 #EL #BD 96 1456 1484
1486 #EL #BD 345 13 1485
#DEF 344 1458 1486 
1487 #EP #BD 79 13 1314
1488 #EP #BD 79 13 1487
1489 #EC 310 3
1490 #EA 1489 1454
1491 #EA 1490 5
1492 #EC 344 
1493 #EA 1491 1492
1494 #EA 1493 2
1495 #EL #BD 346 13 1494
1496 #EL #BD 345 13 1495
#DEF 315 1488 1496 
348 #NS 0 DecidableEq
1497 #EP #BD 3 122 1316
1498 #EA 1170 128
1499 #EP #BD 83 5 1498
1500 #EP #BD 52 2 1499
1501 #EL #BD 3 122 1500
#DEF 348 1497 1501 4
349 #NS 0 Unit
1502 #EC 84 3
#DEF 349 15 1502 
350 #NS 304 casesOn
1503 #EP #BD 14 1314 122
351 #NS 0 false
1504 #EA 5 1473
352 #NS 0 true
1505 #EA 7 1468
1506 #EP #BD 352 1505 32
1507 #EP #BD 351 1504 1506
1508 #EP #BD 14 1314 1507
1509 #EP #BI 13 1503 1508
353 #NS 304 rec
1510 #EC 353 1
1511 #EA 1510 21
1512 #EA 1511 5
1513 #EA 1512 2
1514 #EA 1513 7
1515 #EL #BD 352 1505 1514
1516 #EL #BD 351 1504 1515
1517 #EL #BD 14 1314 1516
1518 #EL #BI 13 1503 1517
#DEF 350 1509 1518 4
354 #NS 349 unit
1519 #EC 349 
1520 #EC 85 3
#DEF 354 1519 1520 
355 #NS 304 decEq
356 #NS 355 match_1
357 #NS 76 Init
358 #NS 357 Prelude
359 #NI 358 18944135
360 #NS 359 _hygCtx
361 #NS 360 _hyg
362 #NI 361 14
363 #NS 83 _@
364 #NS 363 Init
365 #NS 364 Prelude
366 #NI 365 18944135
367 #NS 366 _hygCtx
368 #NS 367 _hyg
369 #NI 368 16
1521 #EP #BD 369 1314 16
1522 #EP #BD 362 1314 1521
370 #NS 0 _
1523 #EA 21 1473
1524 #EA 1523 1473
1525 #EP #BD 370 1519 1524
1526 #EA 22 1473
1527 #EA 1526 1468
1528 #EP #BD 370 1519 1527
1529 #EA 25 1468
1530 #EA 1529 1473
1531 #EP #BD 370 1519 1530
371 #NS 0 h_4
1532 #EA 68 1468
1533 #EA 1532 1468
1534 #EP #BD 370 1519 1533
1535 #EA 371 22
1536 #EP #BD 371 1534 1535
1537 #EP #BD 122 1531 1536
1538 #EP #BD 51 1528 1537
1539 #EP #BD 49 1525 1538
1540 #EP #BD 369 1314 1539
1541 #EP #BD 362 1314 1540
1542 #EP #BD 13 1522 1541
1543 #EC 350 4
1544 #EA 70 2
1545 #EA 1544 25
1546 #EL #BD 22 1314 1545
1547 #EA 1543 1546
1548 #EA 1547 25
1549 #EA 70 1473
1550 #EA 1549 2
1551 #EL #BD 22 1314 1550
1552 #EA 1543 1551
1553 #EA 1552 22
1554 #EC 354 
1555 #EA 21 1554
1556 #EA 1553 1555
1557 #EA 7 1554
1558 #EA 1556 1557
1559 #EA 1548 1558
1560 #EA 70 1468
1561 #EA 1560 2
1562 #EL #BD 22 1314 1561
1563 #EA 1543 1562
1564 #EA 1563 22
1565 #EA 5 1554
1566 #EA 1564 1565
1567 #EA 2 1554
1568 #EA 1566 1567
1569 #EA 1559 1568
1570 #EL #BD 371 1534 1569
1571 #EL #BD 122 1531 1570
1572 #EL #BD 51 1528 1571
1573 #EL #BD 49 1525 1572
1574 #EL #BD 369 1314 1573
1575 #EL #BD 362 1314 1574
1576 #EL #BD 13 1522 1575
#DEF 356 1542 1576 15
372 #NS 304 noConfusionType
1577 #EP #BD 14 1314 1503
1578 #EP #BD 148 122 1577
1579 #EC 350 2
1580 #EL #BD 14 1314 122
1581 #EA 1579 1580
1582 #EA 1581 5
1583 #EA 1581 2
1584 #EA 1583 1158
1585 #EA 1584 7
1586 #EA 1582 1585
1587 #EA 1583 7
1588 #EA 1587 1158
1589 #EA 1586 1588
1590 #EL #BD 150 1314 1589
1591 #EL #BD 14 1314 1590
1592 #EL #BD 148 122 1591
#DEF 372 1578 1592 4
373 #NS 304 noConfusion
374 #NS 0 eq
1593 #EC 80 3
1594 #EA 1593 1314
1595 #EA 1594 5
1596 #EA 1595 2
1597 #EC 372 1
1598 #EA 1597 21
1599 #EA 1598 7
1600 #EA 1599 5
1601 #EP #BD 374 1596 1600
1602 #EP #BI 150 1314 1601
1603 #EP #BI 14 1314 1602
1604 #EP #BI 148 122 1603
1605 #EC 158 1 3
1606 #EA 1605 1314
1607 #EA 1606 7
1608 #EA 1597 22
1609 #EA 1608 21
1610 #EA 1609 2
1611 #EL #BI 150 1314 1610
1612 #EA 1607 1611
1613 #EC 350 1
1614 #EA 1608 2
1615 #EA 1614 2
1616 #EL #BI 14 1314 1615
1617 #EA 1613 1616
1618 #EA 1617 7
1619 #EL #BD 192 21 2
1620 #EA 1618 1619
1621 #EA 1620 1619
1622 #EA 1612 1621
1623 #EA 1622 5
1624 #EA 1623 2
1625 #EL #BD 374 1596 1624
1626 #EL #BI 150 1314 1625
1627 #EL #BI 14 1314 1626
1628 #EL #BI 148 122 1627
#DEF 373 1604 1628 4
1629 #EA 1170 1596
1630 #EP #BD 83 1314 1629
1631 #EP #BD 52 1314 1630
1632 #EC 356 3
1633 #EL #BD 369 1314 1629
1634 #EL #BD 362 1314 1633
1635 #EA 1632 1634
1636 #EA 1635 5
1637 #EA 1636 2
1638 #EA 1594 1473
1639 #EA 1638 1473
1640 #EA 1202 1639
1641 #EC 144 3
1642 #EA 1641 1314
1643 #EA 1642 1473
1644 #EA 1640 1643
1645 #EL #BD 370 1519 1644
1646 #EA 1637 1645
1647 #EA 1638 1468
1648 #EA 1197 1647
1649 #EC 373 0
1650 #EA 1649 110
1651 #EA 1650 1473
1652 #EA 1651 1468
1653 #EA 1652 2
1654 #EL #BD 119 1647 1653
1655 #EA 1648 1654
1656 #EL #BD 370 1519 1655
1657 #EA 1646 1656
1658 #EA 1594 1468
1659 #EA 1658 1473
1660 #EA 1197 1659
1661 #EA 1650 1468
1662 #EA 1661 1473
1663 #EA 1662 2
1664 #EL #BD 119 1659 1663
1665 #EA 1660 1664
1666 #EL #BD 370 1519 1665
1667 #EA 1657 1666
1668 #EA 1658 1468
1669 #EA 1202 1668
1670 #EA 1642 1468
1671 #EA 1669 1670
1672 #EL #BD 370 1519 1671
1673 #EA 1667 1672
1674 #EL #BD 83 1314 1673
1675 #EL #BD 52 1314 1674
#DEF 355 1631 1675 
375 #NS 0 instDecidableEqBool
1676 #EC 348 3
1677 #EA 1676 1314
1678 #EC 355 
#DEF 375 1677 1678 
376 #NS 74 elim
377 #NS 0 C
1679 #EP #BD 119 110 5
1680 #EP #BI 377 122 1679
1681 #EC 138 1
378 #NI 139 2135250726
379 #NS 378 _hygCtx
380 #NS 379 _hyg
381 #NI 380 6
1682 #EL #BD 381 110 7
1683 #EA 1681 1682
1684 #EA 1683 2
1685 #EL #BD 119 110 1684
1686 #EL #BI 377 122 1685
#DEF 376 1680 1686 4
382 #NS 80 casesOn
1687 #EP #BD 14 735 122
1688 #EP #BD 79 5 1687
1689 #EA 113 21
1690 #EA 1689 7
1691 #EA 1690 2
383 #NS 0 refl
1692 #EC 81 4
1693 #EA 1692 22
1694 #EA 1693 21
1695 #EA 1434 1694
1696 #EP #BD 383 1695 44
1697 #EP #BD 14 1691 1696
1698 #EP #BI 79 7 1697
1699 #EP #BI 13 1688 1698
1700 #EP #BI 79 2 1699
1701 #EP #BI 3 16 1700
1702 #EC 162 1 4
1703 #EA 1702 25
1704 #EA 1703 22
1705 #EA 1704 21
1706 #EA 1705 2
1707 #EA 1706 7
1708 #EA 1707 5
1709 #EL #BD 383 1695 1708
1710 #EL #BD 14 1691 1709
1711 #EL #BI 79 7 1710
1712 #EL #BI 13 1688 1711
1713 #EL #BI 79 2 1712
1714 #EL #BI 3 16 1713
#DEF 382 1701 1714 4 15
384 #NS 0 True
385 #NS 384 intro
1715 #EC 384 
#IND 0 384 108 1 385 1715 
386 #NS 8 beq
387 #NS 386 match_1
388 #NI 139 2408276647
389 #NS 388 _hygCtx
390 #NI 389 13
391 #NS 390 Init
392 #NS 391 Prelude
393 #NI 392 2408276647
394 #NS 393 _hygCtx
395 #NS 394 _hyg
396 #NI 395 32
397 #NI 389 14
398 #NS 397 Init
399 #NS 398 Prelude
400 #NI 399 2408276647
401 #NS 400 _hygCtx
402 #NS 401 _hyg
403 #NI 402 35
1716 #EA 1412 1352
1717 #EP #BD 370 1519 1716
404 #NI 337 2408276647
405 #NS 404 _hygCtx
406 #NS 405 _hyg
407 #NI 406 53
1718 #EA 22 1352
1719 #EA 1718 1392
1720 #EP #BD 407 13 1719
408 #NI 406 65
1721 #EA 25 1392
1722 #EA 1721 1352
1723 #EP #BD 408 13 1722
1724 #EA 1436 1392
1725 #EP #BD 161 13 1724
1726 #EP #BD 11 13 1725
1727 #EP #BD 371 1726 1535
1728 #EP #BD 122 1723 1727
1729 #EP #BD 51 1720 1728
1730 #EP #BD 49 1717 1729
1731 #EP #BD 403 13 1730
1732 #EP #BD 396 13 1731
1733 #EP #BD 13 1411 1732
1734 #EL #BD 22 13 1545
1735 #EA 1428 1734
1736 #EA 1735 25
1737 #EA 70 1352
1738 #EA 1737 2
1739 #EL #BD 22 13 1738
1740 #EA 1428 1739
1741 #EA 1740 22
1742 #EA 1741 1555
409 #NI 406 91
1743 #EL #BD 409 13 184
1744 #EA 1742 1743
1745 #EA 1736 1744
410 #NI 406 90
1746 #EA 283 1289
1747 #EA 1746 2
1748 #EL #BD 22 13 1747
1749 #EA 1428 1748
1750 #EA 1749 25
1751 #EA 1750 1216
1752 #EA 1751 1442
1753 #EL #BD 410 13 1752
1754 #EA 1745 1753
1755 #EL #BD 371 1726 1754
1756 #EL #BD 122 1723 1755
1757 #EL #BD 51 1720 1756
1758 #EL #BD 49 1717 1757
1759 #EL #BD 403 13 1758
1760 #EL #BD 396 13 1759
1761 #EL #BD 13 1411 1760
#DEF 387 1733 1761 15
411 #NS 386 _f
412 #NS 389 _hyg
413 #NI 412 13
414 #NI 412 14
1762 #EC 387 3
1763 #EA 1762 1463
1764 #EA 1763 7
1765 #EA 1764 2
1766 #EL #BD 370 1519 1469
1767 #EA 1765 1766
415 #NI 412 93
1768 #EL #BD 415 1467 1473
1769 #EL #BD 407 13 1768
1770 #EA 1767 1769
1771 #EA 1770 1475
1772 #EA 1771 1481
1773 #EA 1772 5
1774 #EL #BD 414 13 1773
1775 #EL #BD 96 1456 1774
1776 #EL #BD 413 13 1775
#DEF 411 1458 1776 
1777 #EC 411 
1778 #EA 1491 1777
1779 #EA 1778 2
1780 #EL #BD 414 13 1779
1781 #EL #BD 413 13 1780
#DEF 386 1488 1781 
416 #NS 0 _private
417 #NS 416 Init
418 #NS 417 Prelude
419 #NI 418 0
420 #NS 419 noConfusion_of_Nat
421 #NS 420 aux
422 #NS 421 match_1_1
423 #NI 139 3715277255
424 #NS 423 _hygCtx
425 #NI 424 13
426 #NS 425 Init
427 #NS 426 Prelude
428 #NI 427 3715277255
429 #NS 428 _hygCtx
430 #NS 429 _hyg
431 #NI 430 24
1782 #EP #BD 370 1519 1353
1783 #EP #BD 49 1782 1395
1784 #EP #BD 431 13 1783
1785 #EP #BD 13 1294 1784
1786 #EC 312 0
1787 #EL #BD 22 13 203
1788 #EA 1786 1787
1789 #EA 1788 7
1790 #EA 1789 1565
432 #NI 337 3715277255
433 #NS 432 _hygCtx
434 #NS 433 _hyg
435 #NI 434 39
1791 #EL #BD 435 13 1219
1792 #EA 1790 1791
1793 #EL #BD 51 1394 1792
1794 #EL #BD 49 1782 1793
1795 #EL #BD 431 13 1794
1796 #EL #BD 13 1294 1795
#DEF 422 1785 1796 
436 #NS 421 _f
437 #NS 424 _hyg
438 #NI 437 13
1797 #EC 307 0
1798 #EC 353 3
439 #NI 437 10
1799 #EL #BD 439 1314 108
1800 #EA 1798 1799
1801 #EA 1800 110
1802 #EA 1801 1715
1803 #EC 386 
1804 #EA 1803 2
1805 #EA 1804 2
1806 #EA 1802 1805
1807 #EL #BD 438 13 1806
1808 #EA 1797 1807
1809 #EA 1808 2
1810 #EA 1803 5
1811 #EA 1810 5
1812 #EA 1802 1811
1813 #EP #BD 96 1809 1812
1814 #EP #BD 438 13 1813
1815 #EC 422 
1816 #EL #BD 431 13 1813
1817 #EA 1815 1816
1818 #EA 1817 5
440 #NI 437 40
1819 #EA 1808 1352
1820 #EC 385 
1821 #EL #BD 440 1819 1820
1822 #EL #BD 370 1519 1821
1823 #EA 1818 1822
1824 #EA 1808 1392
1825 #EL #BD 440 1824 851
1826 #EL #BD 11 13 1825
1827 #EA 1823 1826
1828 #EA 1827 2
1829 #EL #BD 96 1809 1828
1830 #EL #BD 438 13 1829
#DEF 436 1814 1830 
1831 #EP #BD 52 13 1806
1832 #EC 310 0
1833 #EA 1832 1807
1834 #EA 1833 2
1835 #EC 436 
1836 #EA 1834 1835
1837 #EL #BD 438 13 1836
#DEF 421 1831 1837 
441 #NS 0 congrArg
442 #NS 0 a₁
443 #NS 0 a₂
1838 #EP #BD 79 21 21
1839 #EA 542 7
1840 #EA 1839 5
1841 #EC 80 7
1842 #EA 1841 22
1843 #EA 1842 1047
1844 #EA 1843 93
1845 #EP #BD 119 1840 1844
1846 #EP #BD 96 1838 1845
1847 #EP #BI 443 7 1846
1848 #EP #BI 442 5 1847
1849 #EP #BI 88 134 1848
1850 #EP #BI 3 122 1849
1851 #EC 162 0 1
1852 #EA 1851 25
1853 #EA 1852 21
444 #NI 139 2375064143
445 #NS 444 _hygCtx
446 #NS 445 _hyg
447 #NI 446 24
448 #NS 119 _@
449 #NS 448 Init
450 #NS 449 Prelude
451 #NI 450 2375064143
452 #NS 451 _hygCtx
453 #NS 452 _hyg
454 #NI 453 25
1854 #EA 125 68
1855 #EA 1854 22
1856 #EA 1855 2
1857 #EA 1841 68
1858 #EA 21 25
1859 #EA 1857 1858
1860 #EA 1859 172
1861 #EL #BD 454 1856 1860
1862 #EL #BD 447 25 1861
1863 #EA 1853 1862
1864 #EC 144 7
1865 #EA 1864 22
1866 #EA 1865 1047
1867 #EA 1863 1866
1868 #EA 1867 7
1869 #EA 1868 2
1870 #EL #BD 119 1840 1869
1871 #EL #BD 96 1838 1870
1872 #EL #BI 443 7 1871
1873 #EL #BI 442 5 1872
1874 #EL #BI 88 134 1873
1875 #EL #BI 3 122 1874
#DEF 441 1850 1875 4 89
455 #NS 0 noConfusion_of_Nat
1876 #EP #BD 79 2 13
1877 #EA 1803 32
1878 #EA 1877 172
1879 #EA 1802 1878
1880 #EP #BD 119 712 1879
1881 #EP #BI 83 7 1880
1882 #EP #BI 52 5 1881
1883 #EP #BD 96 1876 1882
1884 #EP #BI 3 122 1883
1885 #EC 162 0 3
1886 #EA 1885 13
1887 #EA 1886 32
456 #NI 139 3843949109
457 #NS 456 _hygCtx
458 #NS 457 _hyg
459 #NI 458 35
460 #NI 450 3843949109
461 #NS 460 _hygCtx
462 #NS 461 _hyg
463 #NI 462 36
1888 #EA 1593 13
1889 #EA 1888 79
1890 #EA 1889 2
1891 #EA 1803 306
1892 #EA 1891 5
1893 #EA 1802 1892
1894 #EL #BD 463 1890 1893
1895 #EL #BD 459 13 1894
1896 #EA 1887 1895
1897 #EC 421 
1898 #EA 1897 32
1899 #EA 1896 1898
1900 #EA 1899 172
1901 #EC 441 1 3
1902 #EA 1901 22
1903 #EA 1902 13
1904 #EA 1903 7
1905 #EA 1904 5
1906 #EA 1905 21
1907 #EA 1906 2
1908 #EA 1900 1907
1909 #EL #BD 119 712 1908
1910 #EL #BI 83 7 1909
1911 #EL #BI 52 5 1910
1912 #EL #BD 96 1876 1911
1913 #EL #BI 3 122 1912
#DEF 455 1884 1913 4
464 #NS 304 ctorIdx
465 #NI 139 2068713569
466 #NS 465 _hygCtx
467 #NS 466 _hyg
468 #NI 467 3
1914 #EP #BD 468 1314 13
1915 #EC 350 3
1916 #EL #BD 22 1314 13
1917 #EA 1915 1916
1918 #EA 1917 2
1919 #EA 1918 1017
1920 #ELN 1
1921 #EA 1919 1920
1922 #EL #BD 22 1314 1921
#DEF 464 1914 1922 
469 #NS 419 Nat
470 #NS 469 le_of_ble_eq_true
471 #NS 470 match_1_1
472 #NI 337 3694838799
473 #NS 472 _hygCtx
474 #NS 473 _hyg
475 #NI 474 27
476 #NS 161 _@
477 #NS 476 Init
478 #NS 477 Prelude
479 #NI 478 3694838799
480 #NS 479 _hygCtx
481 #NS 480 _hyg
482 #NI 481 29
1923 #EC 315 
1924 #EA 1923 5
1925 #EA 1924 2
1926 #EA 1594 1925
1927 #EA 1926 1468
1928 #EP #BD 119 1927 108
1929 #EP #BD 482 13 1928
1930 #EP #BD 475 13 1929
483 #NI 139 3694838799
484 #NS 483 _hygCtx
485 #NS 484 _hyg
486 #NI 485 43
1931 #EA 1923 1021
1932 #EA 1931 2
1933 #EA 1594 1932
1934 #EA 1933 1468
1935 #EA 25 1021
1936 #EA 1935 5
1937 #EA 1936 2
1938 #EP #BD 119 1934 1937
1939 #EP #BD 486 13 1938
487 #NI 474 59
488 #NI 474 58
1940 #EA 1923 1289
1941 #EA 1940 1392
1942 #EA 1594 1941
1943 #EA 1942 1468
1944 #EA 1288 7
1945 #EA 70 1944
1946 #EA 1945 1289
1947 #EA 1946 2
1948 #EP #BD 119 1943 1947
1949 #EP #BD 488 13 1948
1950 #EP #BD 487 13 1949
1951 #EA 307 7
1952 #EP #BD 51 1950 1951
1953 #EP #BD 49 1939 1952
1954 #EP #BD 119 1927 1953
1955 #EP #BD 482 13 1954
1956 #EP #BD 475 13 1955
1957 #EP #BD 13 1930 1956
1958 #EA 1923 2
1959 #EA 1958 22
1960 #EA 1594 1959
1961 #EA 1960 1468
1962 #EA 320 25
1963 #EA 1962 2
1964 #EP #BD 119 1961 1963
1965 #EL #BD 22 13 1964
1966 #EA 1786 1965
1967 #EA 1966 22
1968 #EA 1923 1352
1969 #EA 1968 21
1970 #EA 1594 1969
1971 #EA 1970 1468
1972 #EA 7 22
1973 #EA 1972 2
1974 #EL #BD 119 1971 1973
1975 #EA 1967 1974
489 #NI 474 71
1976 #EA 1923 1392
1977 #EA 1976 22
1978 #EA 1594 1977
1979 #EA 1978 1468
1980 #EA 1923 1944
1981 #EA 1980 2
1982 #EA 1594 1981
1983 #EA 1982 1468
1984 #EA 1288 21
1985 #EA 294 1984
1986 #EA 1985 5
1987 #EA 1986 2
1988 #EP #BD 119 1983 1987
1989 #EL #BD 22 13 1988
1990 #EA 1786 1989
1991 #EA 1990 25
1992 #EA 1940 1352
1993 #EA 1594 1992
1994 #EA 1993 1468
1995 #EC 376 0
1996 #EA 283 1944
1997 #EA 1996 1352
1998 #EA 1997 2
1999 #EA 1995 1998
2000 #EC 382 0 3
2001 #EA 2000 1314
2002 #EA 1980 1352
2003 #EA 2001 2002
2004 #EA 1923 1984
2005 #EA 2004 1352
2006 #EA 1594 2005
2007 #EA 2006 2
2008 #EA 1658 5
2009 #EC 145 0
2010 #EA 1288 25
2011 #EA 1923 2010
2012 #EA 2011 1352
2013 #EA 1594 2012
2014 #EA 2013 1468
2015 #EA 2009 2014
2016 #EA 2015 21
2017 #EA 2013 7
2018 #EA 2016 2017
2019 #EA 2018 5
2020 #EP #BD 119 2019 110
2021 #EP #BD 119 2008 2020
2022 #EL #BD 22 2007 2021
2023 #EL #BD 79 1314 2022
2024 #EA 2003 2023
2025 #EA 2024 1468
2026 #EA 2025 2
490 #NI 450 3694838799
491 #NS 490 _hygCtx
492 #NS 491 _hyg
493 #NI 492 73
2027 #EA 1658 2002
2028 #EA 2006 1468
2029 #EA 2009 2028
2030 #EA 2029 5
2031 #EA 2006 2005
2032 #EA 2030 2031
2033 #EC 81 3
2034 #EA 2033 1314
2035 #EA 2034 2005
2036 #EA 2032 2035
2037 #EP #BD 119 2036 110
2038 #EA 1995 2037
2039 #EC 455 3
2040 #EA 2039 1314
2041 #EC 464 
2042 #EA 2040 2041
2043 #EA 2042 1468
2044 #EA 2043 1473
2045 #EA 2044 2
2046 #EA 2038 2045
2047 #EL #BD 493 2027 2046
2048 #EA 2026 2047
2049 #EA 2034 1468
2050 #EA 2048 2049
2051 #EC 146 0
2052 #EA 1594 2002
2053 #EA 2052 1468
2054 #EA 2051 2053
2055 #EA 2054 2
2056 #EA 2050 2055
2057 #EA 1999 2056
2058 #EL #BD 119 1994 2057
2059 #EA 1991 2058
494 #NI 474 72
2060 #EA 1980 1392
2061 #EA 1594 2060
2062 #EA 2061 1468
2063 #EA 79 5
2064 #EA 2063 2
2065 #EL #BD 119 2062 2064
2066 #EL #BD 494 13 2065
2067 #EA 2059 2066
2068 #EA 2067 2
2069 #EL #BD 119 1979 2068
2070 #EL #BD 489 13 2069
2071 #EA 1975 2070
2072 #EA 2071 7
2073 #EL #BD 51 1950 2072
2074 #EL #BD 49 1939 2073
2075 #EL #BD 119 1927 2074
2076 #EL #BD 482 13 2075
2077 #EL #BD 475 13 2076
2078 #EL #BD 13 1930 2077
#DEF 471 1957 2078 
495 #NS 469 zero_le
496 #NS 495 match_1_1
#DEF 496 1785 1796 
497 #NS 8 zero_le
498 #NS 497 _f
499 #NI 139 800929555
500 #NS 499 _hygCtx
501 #NS 500 _hyg
502 #NI 501 7
2079 #EC 274 0
2080 #EA 2079 13
2081 #EC 302 
2082 #EA 2080 2081
2083 #EA 2082 1021
2084 #EA 2083 2
2085 #EL #BD 502 13 2084
2086 #EA 1797 2085
2087 #EA 2086 2
2088 #EA 2083 5
2089 #EP #BD 96 2087 2088
2090 #EP #BD 502 13 2089
2091 #EC 496 
503 #NI 500 7
504 #NS 503 Init
505 #NS 504 Prelude
506 #NI 505 800929555
507 #NS 506 _hygCtx
508 #NS 507 _hyg
509 #NI 508 18
2092 #EL #BD 509 13 2089
2093 #EA 2091 2092
2094 #EA 2093 5
510 #NI 501 37
2095 #EA 2086 1352
2096 #EC 300 
2097 #EA 2096 1021
2098 #EL #BD 510 2095 2097
2099 #EL #BD 370 1519 2098
2100 #EA 2094 2099
2101 #EA 2086 1392
2102 #EC 301 
2103 #EA 2102 1021
2104 #EA 2103 5
2105 #EA 2104 851
2106 #EL #BD 510 2101 2105
2107 #EL #BD 11 13 2106
2108 #EA 2100 2107
2109 #EA 2108 2
2110 #EL #BD 96 2087 2109
2111 #EL #BD 502 13 2110
#DEF 498 2090 2111 
2112 #EP #BD 11 13 2084
2113 #EA 1832 2085
2114 #EA 2113 2
2115 #EC 498 
2116 #EA 2114 2115
2117 #EL #BD 502 13 2116
#DEF 497 2112 2117 
511 #NS 299 below
512 #NS 511 refl
2118 #EP #BD 14 1286 108
2119 #EP #BD 79 13 2118
2120 #EC 511 
2121 #EA 2120 5
2122 #EA 2121 2
2123 #EA 2122 5
2124 #EA 2096 5
2125 #EA 2123 2124
2126 #EP #BI 13 2119 2125
2127 #EP #BI 11 13 2126
513 #NS 511 step
2128 #EA 1287 2
514 #NS 0 ih
515 #NS 514 _@
516 #NS 515 Init
517 #NS 516 Prelude
518 #NI 517 3619057954
519 #NS 518 _hygCtx
520 #NS 519 _hyg
521 #NI 520 20
2129 #EA 2120 21
2130 #EA 2129 7
2131 #EA 2130 5
2132 #EA 2131 2
522 #NS 0 a_ih
523 #NS 522 _@
524 #NS 523 _internal
525 #NS 524 _hyg
526 #NI 525 0
2133 #EA 2120 25
2134 #EA 2133 22
2135 #EA 2134 1984
2136 #EA 2102 25
2137 #EA 2136 21
2138 #EA 2137 7
2139 #EA 2135 2138
2140 #EP #BD 526 44 2139
2141 #EP #BD 521 2132 2140
2142 #EP #BD 79 2128 2141
2143 #EP #BI 161 13 2142
2144 #EP #BI 13 2119 2143
2145 #EP #BI 11 13 2144
2146 #EP #BD 14 2128 108
2147 #EP #BI 79 13 2146
2148 #EP #BI 13 2119 2147
2149 #EP #BI 11 13 2148
#IND 2 511 2149 2 512 2127 513 2145 
527 #NS 299 brecOn
2150 #EA 1281 22
2151 #EA 2150 2
528 #NI 139 3619057954
529 #NS 528 _hygCtx
530 #NS 529 _hyg
531 #NI 530 21
2152 #EA 2134 5
2153 #EA 2152 2
2154 #EA 25 7
2155 #EA 2154 5
2156 #EP #BD 531 2153 2155
2157 #EP #BD 14 2151 2156
2158 #EP #BD 79 13 2157
2159 #EP #BD 95 2158 44
2160 #EP #BD 14 2128 2159
2161 #EP #BI 79 13 2160
2162 #EP #BI 13 2119 2161
2163 #EP #BI 11 13 2162
2164 #EA 2 7
2165 #EA 2164 5
532 #NS 299 rec
2166 #EC 532 
2167 #EA 2166 22
2168 #EA 2120 22
2169 #EA 2168 21
2170 #EA 2167 2169
2171 #EC 512 
2172 #EA 2171 22
2173 #EA 2172 21
2174 #EA 2170 2173
2175 #EA 1281 25
2176 #EA 2175 2
533 #NI 520 22
2177 #EA 2120 68
2178 #EA 2177 25
2179 #EA 2178 5
2180 #EA 2179 2
2181 #EC 513 
2182 #EA 2181 70
2183 #EA 2182 68
2184 #EA 2183 7
2185 #EA 2184 5
2186 #EA 2185 2
2187 #EA 44 2
2188 #EA 2186 2187
2189 #EL #BD 533 2180 2188
2190 #EL #BD 79 2176 2189
2191 #EL #BI 161 13 2190
2192 #EA 2174 2191
2193 #EA 2192 7
2194 #EA 2193 5
2195 #EA 2165 2194
2196 #EL #BD 95 2158 2195
2197 #EL #BD 14 2128 2196
2198 #EL #BI 79 13 2197
2199 #EL #BI 13 2119 2198
2200 #EL #BI 11 13 2199
#DEF 527 2163 2200 
534 #NS 511 casesOn
2201 #EP #BD 14 2132 108
2202 #EP #BD 14 2128 2201
2203 #EP #BI 79 13 2202
2204 #EA 1281 21
2205 #EA 2204 2
2206 #EA 2169 5
2207 #EA 2206 2
2208 #EA 2096 25
2209 #EA 1858 2208
2210 #EA 2171 25
2211 #EA 2210 22
2212 #EA 2209 2211
535 #NS 0 step
2213 #EA 1281 70
2214 #EA 2213 2
2215 #EA 2120 283
2216 #EA 2215 70
2217 #EA 2216 5
2218 #EA 2217 2
2219 #EA 283 7
2220 #EA 2219 5
2221 #EA 283 1984
2222 #EA 2102 335
2223 #EA 2222 21
2224 #EA 2223 7
2225 #EA 2221 2224
2226 #EA 2181 335
2227 #EA 2226 294
2228 #EA 2227 21
2229 #EA 2228 7
2230 #EA 2229 5
2231 #EA 2230 2
2232 #EA 2225 2231
2233 #EP #BD 526 2220 2232
2234 #EP #BD 521 2218 2233
2235 #EP #BD 79 2214 2234
2236 #EP #BI 161 13 2235
2237 #EP #BD 535 2236 1951
2238 #EP #BD 383 2212 2237
2239 #EP #BD 14 2207 2238
2240 #EP #BI 14 2205 2239
2241 #EP #BI 79 13 2240
2242 #EP #BI 13 2203 2241
2243 #EP #BI 13 2119 2242
2244 #EP #BI 11 13 2243
536 #NS 511 rec
2245 #EC 536 
2246 #EA 2245 70
2247 #EA 2246 68
2248 #EA 2247 25
2249 #EA 2248 5
2250 #EA 1281 283
2251 #EA 2250 2
2252 #EA 2120 294
2253 #EA 2252 283
2254 #EA 2253 5
2255 #EA 2254 2
2256 #EA 294 7
2257 #EA 2256 5
537 #NS 0 ih_ih
538 #NS 537 _@
539 #NS 538 Init
540 #NS 539 Prelude
541 #NI 540 3619057954
542 #NS 541 _hygCtx
543 #NS 542 _hyg
544 #NI 543 20
2258 #EA 294 21
2259 #EA 2258 7
2260 #EA 2259 5
2261 #EA 1951 5
2262 #EL #BD 544 2260 2261
2263 #EL #BD 526 2257 2262
2264 #EL #BD 521 2255 2263
2265 #EL #BD 79 2251 2264
2266 #EL #BI 161 13 2265
2267 #EA 2249 2266
2268 #EA 2267 22
2269 #EA 2268 21
2270 #EA 2269 7
2271 #EL #BD 535 2236 2270
2272 #EL #BD 383 2212 2271
2273 #EL #BD 14 2207 2272
2274 #EL #BI 14 2205 2273
2275 #EL #BI 79 13 2274
2276 #EL #BI 13 2203 2275
2277 #EL #BI 13 2119 2276
2278 #EL #BI 11 13 2277
#DEF 534 2244 2278 
545 #NS 80 symm
2279 #EA 711 7
2280 #EP #BD 119 128 2279
2281 #EP #BI 83 5 2280
2282 #EP #BI 52 2 2281
2283 #EP #BI 3 122 2282
2284 #EA 1851 21
2285 #EA 2284 7
546 #NI 139 2345006592
547 #NS 546 _hygCtx
548 #NS 547 _hyg
549 #NI 548 14
550 #NI 450 2345006592
551 #NS 550 _hygCtx
552 #NS 551 _hyg
553 #NI 552 15
2286 #EA 542 21
2287 #EA 2286 2
2288 #EA 125 25
2289 #EA 2288 5
2290 #EA 2289 22
2291 #EL #BD 553 2287 2290
2292 #EL #BD 549 21 2291
2293 #EA 2285 2292
2294 #EA 577 21
2295 #EA 2294 7
2296 #EA 2293 2295
2297 #EA 2296 5
2298 #EA 2297 2
2299 #EL #BD 119 128 2298
2300 #EL #BI 83 5 2299
2301 #EL #BI 52 2 2300
2302 #EL #BI 3 122 2301
#DEF 545 2283 2302 4
554 #NS 469 succ_le_succ
555 #NS 554 match_1_7
556 #NS 0 funType_1
557 #NI 139 2965355525
558 #NS 557 _hygCtx
559 #NS 558 _hyg
560 #NI 559 22
2303 #EA 2082 5
2304 #EA 2303 2
2305 #EP #BD 560 2304 108
2306 #EP #BI 161 13 2305
561 #NI 478 2965355525
562 #NS 561 _hygCtx
563 #NS 562 _hyg
564 #NI 563 39
565 #NI 558 22
566 #NS 565 Init
567 #NS 566 Prelude
568 #NI 567 2965355525
569 #NS 568 _hygCtx
570 #NS 569 _hyg
571 #NI 570 33
2307 #EA 2082 7
2308 #EA 2307 2
572 #NS 0 below
2309 #EA 2082 22
2310 #EA 2309 2
2311 #EA 157 2
2312 #EL #BD 560 2310 2311
2313 #EL #BI 161 13 2312
2314 #EA 2129 2313
2315 #EA 2314 5
2316 #EA 2315 2
2317 #EP #BD 572 2316 108
2318 #EP #BD 571 2308 2317
2319 #EP #BD 564 13 2318
2320 #EA 2082 21
2321 #EA 2320 2
2322 #EA 2082 25
2323 #EA 2322 2
2324 #EA 215 2
2325 #EL #BD 560 2323 2324
2326 #EL #BI 161 13 2325
2327 #EA 2168 2326
2328 #EA 2327 5
2329 #EA 2328 2
2330 #EA 22 68
2331 #EA 2096 68
2332 #EA 2330 2331
2333 #EA 2171 68
2334 #EA 2082 70
2335 #EA 2334 2
2336 #EL #BD 560 2335 321
2337 #EL #BI 161 13 2336
2338 #EA 2333 2337
2339 #EA 2332 2338
2340 #EP #BD 370 1519 2339
573 #NI 563 59
2341 #EA 2082 294
2342 #EA 2341 2
2343 #EA 294 5
2344 #EA 2343 2
2345 #EL #BD 560 2342 2344
2346 #EL #BI 161 13 2345
2347 #EA 2215 2346
2348 #EA 2347 5
2349 #EA 2348 2
2350 #EA 283 1984
2351 #EA 2350 2224
2352 #EA 2082 344
2353 #EA 2352 2
2354 #EA 344 5
2355 #EA 2354 2
2356 #EL #BD 560 2353 2355
2357 #EL #BI 161 13 2356
2358 #EA 2226 2357
2359 #EA 2358 21
2360 #EA 2359 7
2361 #EA 2360 5
2362 #EA 2361 2
2363 #EA 2351 2362
2364 #EP #BD 526 2220 2363
2365 #EP #BD 521 2349 2364
2366 #EP #BD 119 2214 2365
2367 #EP #BD 573 13 2366
2368 #EP #BD 51 2367 1951
2369 #EP #BD 49 2340 2368
2370 #EP #BD 572 2329 2369
2371 #EP #BD 571 2321 2370
2372 #EP #BD 564 13 2371
2373 #EP #BD 13 2319 2372
2374 #EP #BD 556 2306 2373
2375 #EP #BI 11 13 2374
2376 #EC 534 
2377 #EA 2376 70
2378 #EA 2082 283
2379 #EA 2378 2
2380 #EA 283 5
2381 #EA 2380 2
2382 #EL #BD 560 2379 2381
2383 #EL #BI 161 13 2382
2384 #EA 2377 2383
2385 #EA 2082 335
2386 #EA 2385 2
2387 #EA 335 5
2388 #EA 2387 2
2389 #EL #BD 560 2386 2388
2390 #EL #BI 161 13 2389
2391 #EA 2252 2390
2392 #EA 2391 5
2393 #EA 2392 2
2394 #EA 1888 70
2395 #EA 2394 7
2396 #EA 2352 283
2397 #EA 2009 2396
2398 #EA 2397 70
2399 #EA 1281 344
2400 #EA 2399 21
2401 #EA 2398 2400
2402 #EA 2401 7
2403 #EA 2120 675
2404 #EV 13
2405 #EA 2082 2404
2406 #EA 2405 2
2407 #EA 2404 5
2408 #EA 2407 2
2409 #EL #BD 560 2406 2408
2410 #EL #BI 161 13 2409
2411 #EA 2403 2410
2412 #EA 2411 294
2413 #EA 2412 283
2414 #EA 2009 2413
2415 #EA 2414 70
2416 #EA 2411 22
2417 #EA 2416 21
2418 #EA 2415 2417
2419 #EA 2418 7
2420 #EA 344 335
2421 #EA 2420 294
2422 #EA 2421 283
2423 #EP #BD 119 2419 2422
2424 #EP #BD 119 2402 2423
2425 #EP #BD 119 2395 2424
2426 #EL #BD 22 2393 2425
2427 #EL #BD 14 2251 2426
2428 #EL #BI 79 13 2427
2429 #EA 2384 2428
2430 #EA 2429 22
2431 #EA 2430 21
2432 #EA 2431 7
574 #NI 450 2965355525
575 #NS 574 _hygCtx
576 #NS 575 _hyg
577 #NI 576 88
2433 #EA 1888 22
2434 #EA 2433 70
2435 #EC 158 0 3
2436 #EA 2435 13
2437 #EA 2436 283
2438 #EA 2120 335
2439 #EA 2438 2357
2440 #EA 2439 5
2441 #EA 2440 2
2442 #EA 2352 7
2443 #EA 2009 2442
2444 #EA 2443 5
2445 #EA 2399 344
2446 #EA 2444 2445
2447 #EA 2096 344
2448 #EA 2446 2447
2449 #EA 2411 21
2450 #EA 2449 7
2451 #EA 2009 2450
2452 #EA 2451 5
2453 #EA 2411 675
2454 #EA 2096 675
2455 #EA 2453 2454
2456 #EA 2452 2455
2457 #EA 2171 675
2458 #EA 2457 2410
2459 #EA 2456 2458
2460 #EA 344 22
2461 #EA 2460 21
2462 #EA 2461 7
2463 #EP #BD 119 2459 2462
2464 #EP #BD 119 2448 2463
2465 #EP #BD 572 2441 2464
2466 #EP #BD 571 2342 2465
2467 #EL #BD 564 13 2466
2468 #EA 2437 2467
2469 #EA 2378 283
2470 #EA 2391 294
2471 #EA 2470 2
578 #NI 576 89
2472 #EA 2385 335
2473 #EA 2009 2472
2474 #EA 2473 5
2475 #EA 1281 335
2476 #EA 2475 335
2477 #EA 2474 2476
2478 #EA 2096 335
2479 #EA 2477 2478
2480 #EC 158 0 0
2481 #EA 2352 344
2482 #EA 2480 2481
2483 #EA 2482 2447
2484 #EA 2453 2
2485 #EA 2120 2404
2486 #EV 14
2487 #EA 2082 2486
2488 #EA 2487 2
2489 #EA 2486 5
2490 #EA 2489 2
2491 #EL #BD 560 2488 2490
2492 #EL #BI 161 13 2491
2493 #EA 2485 2492
2494 #EA 2493 2404
2495 #EA 2494 5
2496 #EA 2009 2495
2497 #EA 2496 2
2498 #EA 2096 2404
2499 #EA 2494 2498
2500 #EA 2497 2499
2501 #EA 2171 2404
2502 #EA 2501 2492
2503 #EA 2500 2502
2504 #EA 675 2486
2505 #EA 2504 7
2506 #EA 2505 5
2507 #EP #BD 119 2503 2506
2508 #EP #BD 572 2484 2507
2509 #EL #BD 571 2481 2508
2510 #EA 2483 2509
2511 #EA 2120 344
2512 #EA 2082 675
2513 #EA 2512 2
2514 #EA 675 5
2515 #EA 2514 2
2516 #EL #BD 560 2513 2515
2517 #EL #BI 161 13 2516
2518 #EA 2511 2517
2519 #EA 2518 344
2520 #EA 2519 2447
579 #NI 576 91
2521 #EA 2009 2455
2522 #EA 2521 2
2523 #EA 2522 2455
2524 #EA 2523 2458
2525 #EA 2480 2499
2526 #EA 2525 2502
2527 #EA 2096 2486
2528 #EA 2504 2527
2529 #EA 2528 2
2530 #EL #BD 572 2499 2529
2531 #EA 2526 2530
2532 #EA 70 1554
2533 #EA 2531 2532
2534 #EA 2533 5
2535 #EC 545 0
2536 #EA 2535 2499
2537 #EA 2536 5
2538 #EA 2537 2502
2539 #EC 174 0
2540 #EA 2539 2499
2541 #EA 2540 5
2542 #EA 2541 2502
2543 #EA 2542 2
2544 #EA 2538 2543
2545 #EA 2534 2544
2546 #EL #BD 579 2524 2545
2547 #EL #BD 572 2520 2546
2548 #EA 2510 2547
2549 #EA 2548 7
2550 #EA 2535 2481
2551 #EA 2550 7
2552 #EA 2551 2447
2553 #EA 2539 2481
2554 #EA 2553 7
2555 #EA 2554 2447
2556 #EA 2555 2
2557 #EA 2552 2556
2558 #EA 2549 2557
2559 #EA 2558 5
2560 #EL #BD 578 2479 2559
2561 #EL #BD 572 2471 2560
2562 #EL #BD 571 2469 2561
2563 #EA 2468 2562
2564 #EA 2563 25
2565 #EC 545 3
2566 #EA 2565 13
2567 #EA 2566 25
2568 #EA 2567 283
2569 #EA 2568 2
2570 #EA 2564 2569
2571 #EA 2570 22
2572 #EA 2571 21
2573 #EL #BD 577 2434 2572
2574 #EA 2432 2573
580 #NI 563 84
581 #NI 77 0
582 #NS 581 Init
583 #NS 582 Prelude
584 #NI 583 2965355525
585 #NS 584 _hygCtx
586 #NS 585 _hyg
587 #NI 586 85
588 #NI 519 20
589 #NS 588 Init
590 #NS 589 Prelude
591 #NI 590 2965355525
592 #NS 591 _hygCtx
593 #NS 592 _hyg
594 #NI 593 86
595 #NI 524 0
596 #NS 595 Init
597 #NS 596 Prelude
598 #NI 597 2965355525
599 #NS 598 _hygCtx
600 #NS 599 _hyg
601 #NI 600 87
602 #NI 576 93
2575 #EA 1888 283
2576 #EA 2575 1984
2577 #EA 1288 22
2578 #EA 2436 2577
2579 #EA 2120 2486
2580 #EV 15
2581 #EA 2082 2580
2582 #EA 2581 2
2583 #EA 2580 5
2584 #EA 2583 2
2585 #EL #BD 560 2582 2584
2586 #EL #BI 161 13 2585
2587 #EA 2579 2586
2588 #EA 2587 5
2589 #EA 2588 2
2590 #EA 2581 7
2591 #EA 2009 2590
2592 #EA 2591 5
2593 #EA 1281 2580
2594 #EA 1288 70
2595 #EA 2593 2594
2596 #EA 2592 2595
2597 #EA 2102 2580
2598 #EA 2597 70
2599 #EA 2598 68
2600 #EA 2596 2599
2601 #EV 16
2602 #EA 2120 2601
2603 #EV 17
2604 #EA 2082 2603
2605 #EA 2604 2
2606 #EA 2603 5
2607 #EA 2606 2
2608 #EL #BD 560 2605 2607
2609 #EL #BI 161 13 2608
2610 #EA 2602 2609
2611 #EA 2610 21
2612 #EA 2611 7
2613 #EA 2009 2612
2614 #EA 2613 5
2615 #EA 1288 283
2616 #EA 2610 2615
2617 #EA 2102 2601
2618 #EA 2617 283
2619 #EA 2618 70
2620 #EA 2616 2619
2621 #EA 2614 2620
2622 #EA 2181 2601
2623 #EA 2622 2609
2624 #EA 2623 283
2625 #EA 2624 70
2626 #EA 2625 68
2627 #EA 2626 25
2628 #EA 2621 2627
2629 #EA 2580 22
2630 #EA 2629 21
2631 #EA 2630 7
2632 #EP #BD 119 2628 2631
2633 #EP #BD 119 2600 2632
2634 #EP #BD 572 2589 2633
2635 #EP #BD 571 2406 2634
2636 #EL #BD 564 13 2635
2637 #EA 2578 2636
2638 #EA 2512 2577
2639 #EA 2493 2010
2640 #EA 2639 2
603 #NI 576 94
2641 #EA 1288 68
2642 #EA 2487 2641
2643 #EA 2009 2642
2644 #EA 2643 5
2645 #EA 1281 2486
2646 #EA 2645 2641
2647 #EA 2644 2646
2648 #EA 2102 2486
2649 #EA 2648 68
2650 #EA 2649 25
2651 #EA 2647 2650
2652 #EA 2581 2594
2653 #EA 2480 2652
2654 #EA 2653 2599
2655 #EA 2616 2
2656 #EA 2120 2603
2657 #EV 18
2658 #EA 2082 2657
2659 #EA 2658 2
2660 #EA 2657 5
2661 #EA 2660 2
2662 #EL #BD 560 2659 2661
2663 #EL #BI 161 13 2662
2664 #EA 2656 2663
2665 #EA 1288 294
2666 #EA 2664 2665
2667 #EA 2666 5
2668 #EA 2009 2667
2669 #EA 2668 2
2670 #EA 2102 2603
2671 #EA 2670 294
2672 #EA 2671 283
2673 #EA 2666 2672
2674 #EA 2669 2673
2675 #EA 2181 2603
2676 #EA 2675 2663
2677 #EA 2676 294
2678 #EA 2677 283
2679 #EA 2678 70
2680 #EA 2679 68
2681 #EA 2674 2680
2682 #EA 1288 335
2683 #EA 2601 2682
2684 #EA 2683 7
2685 #EA 2684 5
2686 #EP #BD 119 2681 2685
2687 #EP #BD 572 2655 2686
2688 #EL #BD 571 2652 2687
2689 #EA 2654 2688
2690 #EA 2120 2580
2691 #EA 2082 2601
2692 #EA 2691 2
2693 #EA 2601 5
2694 #EA 2693 2
2695 #EL #BD 560 2692 2694
2696 #EL #BI 161 13 2695
2697 #EA 2690 2696
2698 #EA 2697 2594
2699 #EA 2698 2599
604 #NI 576 96
2700 #EA 2009 2620
2701 #EA 2700 2
2702 #EA 2701 2620
2703 #EA 2702 2627
2704 #EA 2480 2673
2705 #EA 2704 2680
2706 #EA 2102 2657
2707 #EA 2706 335
2708 #EA 2707 294
2709 #EA 2683 2708
2710 #EA 2709 2
2711 #EL #BD 572 2673 2710
2712 #EA 2705 2711
2713 #EA 335 294
2714 #EA 2713 283
2715 #EA 2714 70
2716 #EA 2715 68
2717 #EA 2712 2716
2718 #EA 2717 5
2719 #EA 2535 2673
2720 #EA 2719 5
2721 #EA 2720 2680
2722 #EA 2539 2673
2723 #EA 2722 5
2724 #EA 2723 2680
2725 #EA 2724 2
2726 #EA 2721 2725
2727 #EA 2718 2726
2728 #EL #BD 604 2703 2727
2729 #EL #BD 572 2699 2728
2730 #EA 2689 2729
2731 #EA 2730 7
2732 #EA 2535 2652
2733 #EA 2732 7
2734 #EA 2733 2599
2735 #EA 2539 2652
2736 #EA 2735 7
2737 #EA 2736 2599
2738 #EA 2737 2
2739 #EA 2734 2738
2740 #EA 2731 2739
2741 #EA 2740 5
2742 #EL #BD 603 2651 2741
2743 #EL #BD 572 2640 2742
2744 #EL #BD 571 2638 2743
2745 #EA 2637 2744
2746 #EA 2745 294
2747 #EA 2566 294
2748 #EA 2747 2577
2749 #EA 2748 2
2750 #EA 2746 2749
2751 #EA 2750 283
2752 #EA 2751 70
2753 #EL #BD 602 2576 2752
2754 #EL #BD 601 2257 2753
2755 #EL #BD 594 2393 2754
2756 #EL #BD 587 2251 2755
2757 #EL #BI 580 13 2756
2758 #EA 2574 2757
2759 #EA 2033 13
2760 #EA 2759 22
2761 #EA 2758 2760
2762 #EA 2334 22
2763 #EA 2051 2762
2764 #EA 2763 21
2765 #EA 2761 2764
2766 #EA 2120 70
2767 #EA 2766 2383
2768 #EA 2767 22
2769 #EA 2768 21
2770 #EA 2051 2769
2771 #EA 2770 7
2772 #EA 2765 2771
2773 #EL #BD 51 2367 2772
2774 #EL #BD 49 2340 2773
2775 #EL #BD 572 2329 2774
2776 #EL #BD 571 2321 2775
2777 #EL #BD 564 13 2776
2778 #EL #BD 13 2319 2777
2779 #EL #BD 556 2306 2778
2780 #EL #BI 11 13 2779
#DEF 555 2375 2780 
605 #NS 0 outParam
2781 #EP #BD 3 122 122
2782 #EL #BD 3 122 2
#DEF 605 2781 2782 4
606 #NS 0 HAdd
607 #NS 606 mk
608 #NS 0 γ
609 #NS 0 w
24 #UP 609
25 #US 24
26 #US 25
2783 #EC 605 26
2784 #ES 25
2785 #EA 2783 2784
610 #NS 0 hAdd
2786 #EP #BD 79 7 507
2787 #EC 606 1 7 24
2788 #EA 2787 21
2789 #EA 2788 7
2790 #EA 2789 5
2791 #EP #BD 610 2786 2790
2792 #EP #BI 608 2785 2791
2793 #EP #BI 88 1062 2792
2794 #EP #BI 3 0 2793
27 #UM 22 25
2795 #ES 27
2796 #EP #BD 608 2785 2795
2797 #EP #BD 88 1062 2796
2798 #EP #BD 3 0 2797
#IND 3 606 2798 1 607 2794 4 89 609
611 #NS 606 hAdd
2799 #EA 2787 7
2800 #EA 2799 5
2801 #EA 2800 2
2802 #EP #BD 79 21 1838
2803 #EP #BC 218 2801 2802
2804 #EP #BI 608 2785 2803
2805 #EP #BI 88 1062 2804
2806 #EP #BI 3 0 2805
2807 #EJ 606 0 2
2808 #EL #BC 218 2801 2807
2809 #EL #BI 608 2785 2808
2810 #EL #BD 88 1062 2809
2811 #EL #BD 3 0 2810
#DEF 611 2806 2811 4 89 609
612 #NS 0 Add
613 #NS 612 mk
614 #NS 0 add
2812 #EC 612 1
2813 #EA 2812 5
2814 #EP #BD 614 1152 2813
2815 #EP #BI 3 0 2814
#IND 1 612 12 1 613 2815 4
615 #NS 612 add
2816 #EA 2812 2
2817 #EP #BC 218 2816 1159
2818 #EP #BI 3 0 2817
2819 #EJ 612 0 2
2820 #EL #BC 218 2816 2819
2821 #EL #BD 3 0 2820
#DEF 615 2818 2821 4
616 #NS 0 instHAdd
617 #NI 292 1910291827
618 #NS 617 _hygCtx
619 #NS 618 _hyg
620 #NI 619 5
2822 #EC 612 4
2823 #EA 2822 2
2824 #EC 606 4 4 4
2825 #EA 2824 5
2826 #EA 2825 5
2827 #EA 2826 5
2828 #EP #BC 620 2823 2827
2829 #EP #BI 3 55 2828
2830 #EC 607 4 4 4
2831 #EA 2830 5
2832 #EA 2831 5
2833 #EA 2832 5
2834 #EC 615 4
2835 #EA 2834 21
2836 #EA 2835 7
2837 #EA 2836 5
2838 #EA 2837 2
2839 #EL #BD 83 7 2838
2840 #EL #BD 52 5 2839
2841 #EA 2833 2840
2842 #EL #BC 620 2823 2841
2843 #EL #BI 3 55 2842
#DEF 616 2829 2843 15
621 #NS 8 add
622 #NS 621 match_1
623 #NI 139 2314059840
624 #NS 623 _hygCtx
625 #NI 624 13
626 #NS 625 Init
627 #NS 626 Prelude
628 #NI 627 2314059840
629 #NS 628 _hygCtx
630 #NS 629 _hyg
631 #NI 630 32
632 #NI 624 14
633 #NS 632 Init
634 #NS 633 Prelude
635 #NI 634 2314059840
636 #NS 635 _hygCtx
637 #NS 636 _hyg
638 #NI 637 35
2844 #EA 184 1352
2845 #EP #BD 52 13 2844
2846 #EA 215 1392
2847 #EP #BD 83 13 2846
2848 #EP #BD 52 13 2847
2849 #EP #BD 51 2848 80
2850 #EP #BD 49 2845 2849
2851 #EP #BD 638 13 2850
2852 #EP #BD 631 13 2851
2853 #EP #BD 13 1411 2852
2854 #EL #BD 22 13 1043
2855 #EA 1428 2854
2856 #EA 2855 7
2857 #EA 2856 1047
639 #NI 337 2314059840
640 #NS 639 _hygCtx
641 #NS 640 _hyg
642 #NI 641 62
2858 #EA 5 22
2859 #EA 2858 2
2860 #EL #BD 642 13 2859
2861 #EA 2857 2860
2862 #EL #BD 51 2848 2861
2863 #EL #BD 49 2845 2862
2864 #EL #BD 638 13 2863
2865 #EL #BD 631 13 2864
2866 #EL #BD 13 1411 2865
#DEF 622 2853 2866 15
643 #NS 621 _f
644 #NS 624 _hyg
645 #NI 644 14
2867 #EL #BD 645 13 14
2868 #EA 1452 2867
2869 #EA 2868 2
2870 #EP #BD 96 2869 14
2871 #EP #BD 645 13 2870
646 #NI 644 13
2872 #EC 622 3
647 #NI 644 65
2873 #EP #BD 647 2869 13
2874 #EL #BD 638 13 2873
2875 #EL #BD 631 13 2874
2876 #EA 2872 2875
2877 #EA 2876 2
2878 #EA 2877 7
2879 #EA 2868 1352
2880 #EL #BD 647 2879 5
2881 #EL #BD 52 13 2880
2882 #EA 2878 2881
2883 #EA 2868 1392
2884 #EA 851 7
2885 #EA 1288 2884
2886 #EL #BD 647 2883 2885
2887 #EL #BD 83 13 2886
2888 #EL #BD 52 13 2887
2889 #EA 2882 2888
2890 #EA 2889 5
2891 #EL #BD 646 13 2890
2892 #EL #BD 96 2869 2891
2893 #EL #BD 645 13 2892
#DEF 643 2871 2893 
2894 #EP #BD 79 13 13
2895 #EP #BD 79 13 2894
2896 #EA 1489 2867
2897 #EA 2896 2
2898 #EC 643 
2899 #EA 2897 2898
2900 #EA 2899 5
2901 #EL #BD 645 13 2900
2902 #EL #BD 646 13 2901
#DEF 621 2895 2902 
648 #NS 0 instAddNat
2903 #EC 612 0
2904 #EA 2903 13
2905 #EC 613 0
2906 #EA 2905 13
2907 #EC 621 
2908 #EA 2906 2907
#DEF 648 2904 2908 
649 #NS 8 succ_le_succ
2909 #EA 2082 1944
2910 #EA 2909 1289
2911 #EP #BD 79 2304 2910
2912 #EP #BI 161 13 2911
2913 #EP #BI 11 13 2912
2914 #EP #BD 560 2321 108
2915 #EP #BI 161 13 2914
2916 #EA 2082 2577
2917 #EA 2916 1289
2918 #EL #BD 560 2321 2917
2919 #EL #BI 161 13 2918
2920 #EC 527 
2921 #EA 2920 21
2922 #EL #BD 560 2310 97
2923 #EL #BI 161 13 2922
2924 #EA 2921 2923
2925 #EA 2924 7
2926 #EA 2925 5
2927 #EA 2082 68
2928 #EA 2927 2
2929 #EL #BD 560 2928 2311
2930 #EL #BI 161 13 2929
2931 #EA 2133 2930
2932 #EA 2931 5
2933 #EA 2932 2
2934 #EC 555 
2935 #EA 2934 68
2936 #EA 2935 21
2937 #EL #BD 560 2342 321
2938 #EL #BI 161 13 2937
2939 #EA 2215 2938
2940 #EA 2939 5
2941 #EA 2940 2
2942 #EA 2082 2665
2943 #EA 2942 1944
2944 #EL #BD 572 2941 2943
2945 #EL #BD 571 2335 2944
2946 #EL #BD 564 13 2945
2947 #EA 2936 2946
2948 #EA 2947 7
2949 #EA 2948 5
2950 #EA 2949 2
2951 #EA 2096 2594
2952 #EL #BD 370 1519 2951
2953 #EA 2950 2952
2954 #EA 1029 5
2955 #EA 2102 2682
2956 #EC 611 0 0 0
2957 #EA 2956 13
2958 #EA 2957 13
2959 #EA 2958 13
2960 #EC 616 0
2961 #EA 2960 13
2962 #EC 648 
2963 #EA 2961 2962
2964 #EA 2959 2963
2965 #EA 2964 21
2966 #EA 1016 1920
2967 #EA 1019 1920
2968 #EA 2966 2967
2969 #EA 2965 2968
2970 #EA 2955 2969
2971 #EA 2970 2
2972 #EL #BD 526 2954 2971
2973 #EL #BD 521 2941 2972
2974 #EL #BD 119 2214 2973
2975 #EL #BD 573 13 2974
2976 #EA 2953 2975
2977 #EL #BD 531 2933 2976
2978 #EL #BD 560 2310 2977
2979 #EL #BI 161 13 2978
2980 #EA 2926 2979
2981 #EZ 556 2915 2919 2980
2982 #EL #BD 560 2304 2981
2983 #EL #BI 161 13 2982
2984 #EL #BI 11 13 2983
#DEF 649 2913 2984 
650 #NS 8 le_of_ble_eq_true
651 #NS 650 _f
2985 #EA 2079 13
2986 #EA 2985 2081
2987 #EA 2986 7
2988 #EA 2987 5
2989 #EP #BD 119 1927 2988
2990 #EP #BI 161 13 2989
2991 #EL #BI 11 13 2990
2992 #EA 1797 2991
2993 #EA 2992 2
2994 #EA 1923 7
2995 #EA 2994 2
2996 #EA 1594 2995
2997 #EA 2996 1468
2998 #EA 2986 21
2999 #EA 2998 5
3000 #EP #BD 119 2997 2999
3001 #EP #BI 161 13 3000
3002 #EP #BD 96 2993 3001
3003 #EP #BI 11 13 3002
3004 #EC 471 
652 #NI 485 75
3005 #EA 2992 7
3006 #EA 2998 7
3007 #EP #BD 652 3005 3006
3008 #EL #BD 119 1927 3007
3009 #EL #BD 482 13 3008
3010 #EL #BD 475 13 3009
3011 #EA 3004 3010
3012 #EA 3011 21
3013 #EA 3012 5
3014 #EA 3013 2
3015 #EA 2992 1021
3016 #EC 497 
3017 #EA 3016 7
3018 #EL #BD 652 3015 3017
3019 #EL #BD 119 1934 3018
3020 #EL #BD 486 13 3019
3021 #EA 3014 3020
3022 #EA 2992 1944
3023 #EC 649 
3024 #EA 3023 21
3025 #EA 3024 7
3026 #EA 2884 5
3027 #EA 3025 3026
3028 #EL #BD 652 3022 3027
3029 #EL #BD 119 1943 3028
3030 #EL #BD 488 13 3029
3031 #EL #BD 487 13 3030
3032 #EA 3021 3031
3033 #EA 3032 7
3034 #EL #BD 119 2997 3033
3035 #EL #BI 161 13 3034
3036 #EL #BD 96 2993 3035
3037 #EL #BI 11 13 3036
#DEF 651 3003 3037 
3038 #EP #BI 161 13 2989
3039 #EP #BI 11 13 3038
3040 #EA 1832 2991
3041 #EA 3040 7
3042 #EC 651 
3043 #EA 3041 3042
3044 #EA 3043 5
3045 #EA 3044 2
3046 #EL #BD 119 1927 3045
3047 #EL #BI 161 13 3046
3048 #EL #BI 11 13 3047
#DEF 650 3039 3048 
653 #NS 469 ble_eq_true_of_le
654 #NS 653 match_1_7
3049 #EA 2986 5
3050 #EA 3049 2
3051 #EP #BD 119 3050 108
3052 #EP #BI 161 13 3051
655 #NI 478 763333041
656 #NS 655 _hygCtx
657 #NS 656 _hyg
658 #NI 657 26
659 #NI 450 763333041
660 #NS 659 _hygCtx
661 #NS 660 _hyg
662 #NI 661 20
3053 #EA 2987 2
3054 #EA 2986 22
3055 #EA 3054 2
3056 #EL #BD 119 3055 2311
3057 #EL #BI 161 13 3056
3058 #EA 2129 3057
3059 #EA 3058 5
3060 #EA 3059 2
3061 #EP #BD 572 3060 108
3062 #EP #BD 662 3053 3061
3063 #EP #BD 658 13 3062
3064 #EA 2998 2
3065 #EA 2986 25
3066 #EA 3065 2
3067 #EL #BD 119 3066 2324
3068 #EL #BI 161 13 3067
3069 #EA 2168 3068
3070 #EA 3069 5
3071 #EA 3070 2
3072 #EA 2986 70
3073 #EA 3072 2
3074 #EL #BD 119 3073 321
3075 #EL #BI 161 13 3074
3076 #EA 2333 3075
3077 #EA 2332 3076
3078 #EP #BD 370 1519 3077
663 #NI 657 46
3079 #EA 2986 294
3080 #EA 3079 2
3081 #EL #BD 119 3080 2344
3082 #EL #BI 161 13 3081
3083 #EA 2215 3082
3084 #EA 3083 5
3085 #EA 3084 2
3086 #EA 2986 344
3087 #EA 3086 2
3088 #EL #BD 119 3087 2355
3089 #EL #BI 161 13 3088
3090 #EA 2226 3089
3091 #EA 3090 21
3092 #EA 3091 7
3093 #EA 3092 5
3094 #EA 3093 2
3095 #EA 2351 3094
3096 #EP #BD 526 2220 3095
3097 #EP #BD 521 3085 3096
3098 #EP #BD 119 2214 3097
3099 #EP #BD 663 13 3098
3100 #EP #BD 51 3099 1951
3101 #EP #BD 49 3078 3100
3102 #EP #BD 572 3071 3101
3103 #EP #BD 662 3064 3102
3104 #EP #BD 658 13 3103
3105 #EP #BD 13 3063 3104
3106 #EP #BD 556 3052 3105
3107 #EP #BI 11 13 3106
3108 #EA 2986 283
3109 #EA 3108 2
3110 #EL #BD 119 3109 2381
3111 #EL #BI 161 13 3110
3112 #EA 2377 3111
3113 #EA 2986 335
3114 #EA 3113 2
3115 #EL #BD 119 3114 2388
3116 #EL #BI 161 13 3115
3117 #EA 2252 3116
3118 #EA 3117 5
3119 #EA 3118 2
3120 #EA 3086 283
3121 #EA 2009 3120
3122 #EA 3121 70
3123 #EA 3122 2400
3124 #EA 3123 7
3125 #EA 2986 2404
3126 #EA 3125 2
3127 #EL #BD 119 3126 2408
3128 #EL #BI 161 13 3127
3129 #EA 2403 3128
3130 #EA 3129 294
3131 #EA 3130 283
3132 #EA 2009 3131
3133 #EA 3132 70
3134 #EA 3129 22
3135 #EA 3134 21
3136 #EA 3133 3135
3137 #EA 3136 7
3138 #EP #BD 119 3137 2422
3139 #EP #BD 119 3124 3138
3140 #EP #BD 119 2395 3139
3141 #EL #BD 22 3119 3140
3142 #EL #BD 14 2251 3141
3143 #EL #BI 79 13 3142
3144 #EA 3112 3143
3145 #EA 3144 22
3146 #EA 3145 21
3147 #EA 3146 7
664 #NI 661 74
3148 #EA 2438 3089
3149 #EA 3148 5
3150 #EA 3149 2
3151 #EA 3086 7
3152 #EA 2009 3151
3153 #EA 3152 5
3154 #EA 3153 2445
3155 #EA 3154 2447
3156 #EA 3129 21
3157 #EA 3156 7
3158 #EA 2009 3157
3159 #EA 3158 5
3160 #EA 3129 675
3161 #EA 3160 2454
3162 #EA 3159 3161
3163 #EA 2457 3128
3164 #EA 3162 3163
3165 #EP #BD 119 3164 2462
3166 #EP #BD 119 3155 3165
3167 #EP #BD 572 3150 3166
3168 #EP #BD 662 3080 3167
3169 #EL #BD 658 13 3168
3170 #EA 2437 3169
3171 #EA 3108 283
3172 #EA 3117 294
3173 #EA 3172 2
665 #NI 661 75
3174 #EA 3113 335
3175 #EA 2009 3174
3176 #EA 3175 5
3177 #EA 3176 2476
3178 #EA 3177 2478
3179 #EA 3086 344
3180 #EA 2480 3179
3181 #EA 3180 2447
3182 #EA 3160 2
3183 #EA 2986 2486
3184 #EA 3183 2
3185 #EL #BD 119 3184 2490
3186 #EL #BI 161 13 3185
3187 #EA 2485 3186
3188 #EA 3187 2404
3189 #EA 3188 5
3190 #EA 2009 3189
3191 #EA 3190 2
3192 #EA 3188 2498
3193 #EA 3191 3192
3194 #EA 2501 3186
3195 #EA 3193 3194
3196 #EP #BD 119 3195 2506
3197 #EP #BD 572 3182 3196
3198 #EL #BD 662 3179 3197
3199 #EA 3181 3198
3200 #EA 2986 675
3201 #EA 3200 2
3202 #EL #BD 119 3201 2515
3203 #EL #BI 161 13 3202
3204 #EA 2511 3203
3205 #EA 3204 344
3206 #EA 3205 2447
666 #NI 661 77
3207 #EA 2009 3161
3208 #EA 3207 2
3209 #EA 3208 3161
3210 #EA 3209 3163
3211 #EA 2480 3192
3212 #EA 3211 3194
3213 #EL #BD 572 3192 2529
3214 #EA 3212 3213
3215 #EA 3214 2532
3216 #EA 3215 5
3217 #EA 2535 3192
3218 #EA 3217 5
3219 #EA 3218 3194
3220 #EA 2539 3192
3221 #EA 3220 5
3222 #EA 3221 3194
3223 #EA 3222 2
3224 #EA 3219 3223
3225 #EA 3216 3224
3226 #EL #BD 666 3210 3225
3227 #EL #BD 572 3206 3226
3228 #EA 3199 3227
3229 #EA 3228 7
3230 #EA 2535 3179
3231 #EA 3230 7
3232 #EA 3231 2447
3233 #EA 2539 3179
3234 #EA 3233 7
3235 #EA 3234 2447
3236 #EA 3235 2
3237 #EA 3232 3236
3238 #EA 3229 3237
3239 #EA 3238 5
3240 #EL #BD 665 3178 3239
3241 #EL #BD 572 3173 3240
3242 #EL #BD 662 3171 3241
3243 #EA 3170 3242
3244 #EA 3243 25
3245 #EA 3244 2569
3246 #EA 3245 22
3247 #EA 3246 21
3248 #EL #BD 664 2434 3247
3249 #EA 3147 3248
667 #NI 657 70
668 #NI 583 763333041
669 #NS 668 _hygCtx
670 #NS 669 _hyg
671 #NI 670 71
672 #NI 590 763333041
673 #NS 672 _hygCtx
674 #NS 673 _hyg
675 #NI 674 72
676 #NI 597 763333041
677 #NS 676 _hygCtx
678 #NS 677 _hyg
679 #NI 678 73
680 #NI 661 79
3250 #EA 2986 2580
3251 #EA 3250 2
3252 #EL #BD 119 3251 2584
3253 #EL #BI 161 13 3252
3254 #EA 2579 3253
3255 #EA 3254 5
3256 #EA 3255 2
3257 #EA 3250 7
3258 #EA 2009 3257
3259 #EA 3258 5
3260 #EA 3259 2595
3261 #EA 3260 2599
3262 #EA 2986 2603
3263 #EA 3262 2
3264 #EL #BD 119 3263 2607
3265 #EL #BI 161 13 3264
3266 #EA 2602 3265
3267 #EA 3266 21
3268 #EA 3267 7
3269 #EA 2009 3268
3270 #EA 3269 5
3271 #EA 3266 2615
3272 #EA 3271 2619
3273 #EA 3270 3272
3274 #EA 2622 3265
3275 #EA 3274 283
3276 #EA 3275 70
3277 #EA 3276 68
3278 #EA 3277 25
3279 #EA 3273 3278
3280 #EP #BD 119 3279 2631
3281 #EP #BD 119 3261 3280
3282 #EP #BD 572 3256 3281
3283 #EP #BD 662 3126 3282
3284 #EL #BD 658 13 3283
3285 #EA 2578 3284
3286 #EA 3200 2577
3287 #EA 3187 2010
3288 #EA 3287 2
681 #NI 661 80
3289 #EA 3183 2641
3290 #EA 2009 3289
3291 #EA 3290 5
3292 #EA 3291 2646
3293 #EA 3292 2650
3294 #EA 3250 2594
3295 #EA 2480 3294
3296 #EA 3295 2599
3297 #EA 3271 2
3298 #EA 2986 2657
3299 #EA 3298 2
3300 #EL #BD 119 3299 2661
3301 #EL #BI 161 13 3300
3302 #EA 2656 3301
3303 #EA 3302 2665
3304 #EA 3303 5
3305 #EA 2009 3304
3306 #EA 3305 2
3307 #EA 3303 2672
3308 #EA 3306 3307
3309 #EA 2675 3301
3310 #EA 3309 294
3311 #EA 3310 283
3312 #EA 3311 70
3313 #EA 3312 68
3314 #EA 3308 3313
3315 #EP #BD 119 3314 2685
3316 #EP #BD 572 3297 3315
3317 #EL #BD 662 3294 3316
3318 #EA 3296 3317
3319 #EA 2986 2601
3320 #EA 3319 2
3321 #EL #BD 119 3320 2694
3322 #EL #BI 161 13 3321
3323 #EA 2690 3322
3324 #EA 3323 2594
3325 #EA 3324 2599
682 #NI 661 82
3326 #EA 2009 3272
3327 #EA 3326 2
3328 #EA 3327 3272
3329 #EA 3328 3278
3330 #EA 2480 3307
3331 #EA 3330 3313
3332 #EL #BD 572 3307 2710
3333 #EA 3331 3332
3334 #EA 3333 2716
3335 #EA 3334 5
3336 #EA 2535 3307
3337 #EA 3336 5
3338 #EA 3337 3313
3339 #EA 2539 3307
3340 #EA 3339 5
3341 #EA 3340 3313
3342 #EA 3341 2
3343 #EA 3338 3342
3344 #EA 3335 3343
3345 #EL #BD 682 3329 3344
3346 #EL #BD 572 3325 3345
3347 #EA 3318 3346
3348 #EA 3347 7
3349 #EA 2535 3294
3350 #EA 3349 7
3351 #EA 3350 2599
3352 #EA 2539 3294
3353 #EA 3352 7
3354 #EA 3353 2599
3355 #EA 3354 2
3356 #EA 3351 3355
3357 #EA 3348 3356
3358 #EA 3357 5
3359 #EL #BD 681 3293 3358
3360 #EL #BD 572 3288 3359
3361 #EL #BD 662 3286 3360
3362 #EA 3285 3361
3363 #EA 3362 294
3364 #EA 3363 2749
3365 #EA 3364 283
3366 #EA 3365 70
3367 #EL #BD 680 2576 3366
3368 #EL #BD 679 2257 3367
3369 #EL #BD 675 3119 3368
3370 #EL #BD 671 2251 3369
3371 #EL #BI 667 13 3370
3372 #EA 3249 3371
3373 #EA 3372 2760
3374 #EA 3072 22
3375 #EA 2051 3374
3376 #EA 3375 21
3377 #EA 3373 3376
3378 #EA 2766 3111
3379 #EA 3378 22
3380 #EA 3379 21
3381 #EA 2051 3380
3382 #EA 3381 7
3383 #EA 3377 3382
3384 #EL #BD 51 3099 3383
3385 #EL #BD 49 3078 3384
3386 #EL #BD 572 3071 3385
3387 #EL #BD 662 3064 3386
3388 #EL #BD 658 13 3387
3389 #EL #BD 13 3063 3388
3390 #EL #BD 556 3052 3389
3391 #EL #BI 11 13 3390
#DEF 654 3107 3391 
683 #NS 469 ble_self_eq_true
684 #NS 683 match_1_1
685 #NI 139 3978381971
686 #NS 685 _hygCtx
687 #NI 686 11
688 #NS 687 Init
689 #NS 688 Prelude
690 #NI 689 3978381971
691 #NS 690 _hygCtx
692 #NS 691 _hyg
693 #NI 692 22
3392 #EA 7 1021
3393 #EP #BD 370 1519 3392
3394 #EP #BD 49 3393 1395
3395 #EP #BD 693 13 3394
3396 #EP #BD 13 1294 3395
3397 #EL #BD 49 3393 1793
3398 #EL #BD 693 13 3397
3399 #EL #BD 13 1294 3398
#DEF 684 3396 3399 
694 #NS 8 ble_self_eq_true
695 #NS 694 _f
696 #NS 686 _hyg
697 #NI 696 11
3400 #EA 1958 2
3401 #EA 1594 3400
3402 #EA 3401 1468
3403 #EL #BD 697 13 3402
3404 #EA 1797 3403
3405 #EA 3404 2
3406 #EA 1924 5
3407 #EA 1594 3406
3408 #EA 3407 1468
3409 #EP #BD 96 3405 3408
3410 #EP #BD 697 13 3409
3411 #EC 684 
3412 #EL #BD 693 13 3409
3413 #EA 3411 3412
3414 #EA 3413 5
698 #NI 696 37
3415 #EA 3404 1021
3416 #EA 1931 1021
3417 #EA 1642 3416
3418 #EL #BD 698 3415 3417
3419 #EL #BD 370 1519 3418
3420 #EA 3414 3419
3421 #EA 3404 1392
3422 #EL #BD 698 3421 851
3423 #EL #BD 11 13 3422
3424 #EA 3420 3423
3425 #EA 3424 2
3426 #EL #BD 96 3405 3425
3427 #EL #BD 697 13 3426
#DEF 695 3410 3427 
3428 #EP #BD 11 13 3402
3429 #EA 1832 3403
3430 #EA 3429 2
3431 #EC 695 
3432 #EA 3430 3431
3433 #EL #BD 697 13 3432
#DEF 694 3428 3433 
699 #NS 469 ble_succ_eq_true
700 #NS 699 match_1_1
#DEF 700 1957 2078 
701 #NS 8 ble_succ_eq_true
702 #NS 701 _f
703 #NI 139 3170508661
704 #NS 703 _hygCtx
705 #NS 704 _hyg
706 #NI 705 23
707 #NI 705 24
708 #NI 705 25
3434 #EA 2994 1289
3435 #EA 1594 3434
3436 #EA 3435 1468
3437 #EP #BD 708 1927 3436
3438 #EP #BD 707 13 3437
3439 #EL #BD 706 13 3438
3440 #EA 1797 3439
3441 #EA 3440 2
3442 #EA 1923 21
3443 #EA 3442 1289
3444 #EA 1594 3443
3445 #EA 3444 1468
3446 #EP #BD 708 2997 3445
3447 #EP #BD 707 13 3446
3448 #EP #BD 96 3441 3447
3449 #EP #BD 706 13 3448
3450 #EC 700 
709 #NI 704 23
710 #NS 709 Init
711 #NS 710 Prelude
712 #NI 711 3170508661
713 #NS 712 _hygCtx
714 #NS 713 _hyg
715 #NI 714 50
716 #NI 704 24
717 #NS 716 Init
718 #NS 717 Prelude
719 #NI 718 3170508661
720 #NS 719 _hygCtx
721 #NS 720 _hyg
722 #NI 721 53
723 #NI 704 25
724 #NS 723 Init
725 #NS 724 Prelude
726 #NI 725 3170508661
727 #NS 726 _hygCtx
728 #NS 727 _hyg
729 #NI 728 56
730 #NI 705 99
3451 #EA 3440 7
3452 #EA 3442 1944
3453 #EA 1594 3452
3454 #EA 3453 1468
3455 #EP #BD 730 3451 3454
3456 #EL #BD 729 1927 3455
3457 #EL #BD 722 13 3456
3458 #EL #BD 715 13 3457
3459 #EA 3450 3458
3460 #EA 3459 21
3461 #EA 3460 5
3462 #EA 3461 2
731 #NI 705 66
732 #NI 705 65
3463 #EA 3440 1021
3464 #EA 1931 1944
3465 #EA 1642 3464
3466 #EL #BD 730 3463 3465
3467 #EL #BD 732 1934 3466
3468 #EL #BD 731 13 3467
3469 #EA 3462 3468
733 #NI 337 3170508661
734 #NS 733 _hygCtx
735 #NS 734 _hyg
736 #NI 735 82
3470 #EA 3440 1944
3471 #EL #BD 730 3470 3026
3472 #EL #BD 119 1943 3471
3473 #EL #BD 736 13 3472
3474 #EL #BD 11 13 3473
3475 #EA 3469 3474
3476 #EA 3475 7
3477 #EL #BD 708 2997 3476
3478 #EL #BD 707 13 3477
3479 #EL #BD 96 3441 3478
3480 #EL #BD 706 13 3479
#DEF 702 3449 3480 
3481 #EP #BI 11 13 3438
3482 #EA 1832 3439
3483 #EA 3482 7
3484 #EC 702 
3485 #EA 3483 3484
3486 #EA 3485 5
3487 #EA 3486 2
3488 #EL #BD 708 1927 3487
3489 #EL #BD 707 13 3488
3490 #EL #BD 706 13 3489
#DEF 701 3481 3490 
737 #NS 8 ble_eq_true_of_le
3491 #EA 2994 5
3492 #EA 1594 3491
3493 #EA 3492 1468
3494 #EP #BD 119 3050 3493
3495 #EP #BI 161 13 3494
3496 #EP #BI 11 13 3495
3497 #EP #BD 119 3064 108
3498 #EP #BI 161 13 3497
3499 #EA 1923 22
3500 #EA 3499 5
3501 #EA 1594 3500
3502 #EA 3501 1468
3503 #EL #BD 119 3064 3502
3504 #EL #BI 161 13 3503
3505 #EL #BD 119 3055 97
3506 #EL #BI 161 13 3505
3507 #EA 2921 3506
3508 #EA 3507 7
3509 #EA 3508 5
3510 #EA 2986 68
3511 #EA 3510 2
3512 #EL #BD 119 3511 2311
3513 #EL #BI 161 13 3512
3514 #EA 2133 3513
3515 #EA 3514 5
3516 #EA 3515 2
3517 #EC 654 
3518 #EA 3517 68
3519 #EA 3518 21
3520 #EL #BD 119 3080 321
3521 #EL #BI 161 13 3520
3522 #EA 2215 3521
3523 #EA 3522 5
3524 #EA 3523 2
3525 #EA 1923 294
3526 #EA 3525 7
3527 #EA 1594 3526
3528 #EA 3527 1468
3529 #EL #BD 572 3524 3528
3530 #EL #BD 662 3073 3529
3531 #EL #BD 658 13 3530
3532 #EA 3519 3531
3533 #EA 3532 7
3534 #EA 3533 5
3535 #EA 3534 2
3536 #EC 694 
3537 #EA 3536 70
3538 #EL #BD 370 1519 3537
3539 #EA 3535 3538
3540 #EC 701 
3541 #EA 3540 335
3542 #EA 3541 21
3543 #EA 3542 2
3544 #EL #BD 526 2954 3543
3545 #EL #BD 521 3524 3544
3546 #EL #BD 119 2214 3545
3547 #EL #BD 663 13 3546
3548 #EA 3539 3547
3549 #EL #BD 531 3516 3548
3550 #EL #BD 119 3055 3549
3551 #EL #BI 161 13 3550
3552 #EA 3509 3551
3553 #EZ 556 3498 3504 3552
3554 #EL #BD 119 3050 3553
3555 #EL #BI 161 13 3554
3556 #EL #BI 11 13 3555
#DEF 737 3496 3556 
738 #NS 8 not_le_of_not_ble_eq_true
3557 #EA 124 1927
3558 #EA 124 2988
3559 #EP #BD 119 3557 3558
3560 #EP #BI 161 13 3559
3561 #EP #BI 11 13 3560
739 #NS 0 h'
3562 #EC 135 0
3563 #EA 3442 7
3564 #EA 1594 3563
3565 #EA 3564 1468
3566 #EA 3562 3565
3567 #EA 3566 110
3568 #EC 737 
3569 #EA 3568 21
3570 #EA 3569 7
3571 #EA 3570 2
3572 #EA 3567 3571
3573 #EA 3572 5
3574 #EL #BD 739 2988 3573
3575 #EL #BD 119 3557 3574
3576 #EL #BI 161 13 3575
3577 #EL #BI 11 13 3576
#DEF 738 3561 3577 
740 #NS 8 decLe
3578 #EA 1170 3050
3579 #EP #BD 161 13 3578
3580 #EP #BD 11 13 3579
3581 #EC 303 3
3582 #EA 3581 3578
3583 #EA 3582 1927
3584 #EC 375 
3585 #EA 3584 1925
3586 #EA 3585 1468
3587 #EA 3583 3586
3588 #EA 1202 2988
3589 #EC 650 
3590 #EA 3589 7
3591 #EA 3590 5
3592 #EA 3591 2
3593 #EA 3588 3592
3594 #EL #BD 119 1927 3593
3595 #EA 3587 3594
3596 #EA 1197 2988
3597 #EC 738 
3598 #EA 3597 7
3599 #EA 3598 5
3600 #EA 3599 2
3601 #EA 3596 3600
3602 #EL #BD 119 3557 3601
3603 #EA 3595 3602
3604 #EL #BD 161 13 3603
3605 #EL #BD 11 13 3604
#DEF 740 3580 3605 
741 #NS 8 instMax
3606 #EC 261 0
3607 #EA 3606 13
3608 #EC 288 0
3609 #EA 3608 13
3610 #EA 3609 2081
3611 #EC 740 
3612 #EA 3610 3611
#DEF 741 3607 3612 
742 #NS 8 max
3613 #EP #BD 11 13 14
3614 #EC 264 0
3615 #EA 3614 13
3616 #EC 741 
3617 #EA 3615 3616
3618 #EA 3617 5
3619 #EA 3618 2
3620 #EL #BD 161 13 3619
3621 #EL #BD 11 13 3620
#DEF 742 3613 3621 
743 #NS 222 max0
3622 #EC 225 0 0
3623 #EA 3622 13
3624 #EA 3623 13
3625 #EC 742 
3626 #EA 3624 3625
3627 #EA 3626 1021
3628 #EA 3627 2
3629 #EL #BD 224 1010 3628
#DEF 743 1011 3629 
744 #NS 220 Validation
745 #NS 744 Phase7ListLastInterface
746 #NS 745 getD
747 #NS 746 match_1
748 #NS 0 T
749 #NS 23 rocq90-compat
750 #NS 749 tests
751 #NS 750 phase7
752 #NS 751 ListLastSafeInterface
753 #NI 752 3502629364
754 #NS 753 _hygCtx
755 #NI 754 11
756 #NS 755 rocq90-compat
757 #NS 756 tests
758 #NS 757 phase7
759 #NS 758 ListLastSafeInterface
760 #NI 759 3502629364
761 #NS 760 _hygCtx
762 #NS 761 _hyg
763 #NI 762 39
764 #NI 754 12
765 #NS 764 rocq90-compat
766 #NS 765 tests
767 #NS 766 phase7
768 #NS 767 ListLastSafeInterface
769 #NI 768 3502629364
770 #NS 769 _hygCtx
771 #NS 770 _hyg
772 #NI 771 42
773 #NI 754 13
774 #NS 773 rocq90-compat
775 #NS 774 tests
776 #NS 775 phase7
777 #NS 776 ListLastSafeInterface
778 #NI 777 3502629364
779 #NS 778 _hygCtx
780 #NS 779 _hyg
781 #NI 780 45
3630 #EP #BD 781 7 58
3631 #EP #BD 772 13 3630
3632 #EP #BD 763 57 3631
782 #NS 754 _hyg
783 #NI 782 58
3633 #EA 25 276
3634 #EA 3633 5
3635 #EA 3634 2
3636 #EP #BD 207 25 3635
3637 #EP #BD 783 13 3636
784 #NS 65 rocq90-compat
785 #NS 784 tests
786 #NS 785 phase7
787 #NS 786 ListLastSafeInterface
788 #NI 787 3502629364
789 #NS 788 _hygCtx
790 #NS 789 _hyg
791 #NI 790 76
792 #NI 782 77
3638 #EA 287 5
3639 #EA 70 3638
3640 #EA 3639 1021
3641 #EA 3640 2
3642 #EP #BD 792 70 3641
3643 #EP #BD 791 95 3642
3644 #EP #BD 22 25 3643
793 #NS 56 rocq90-compat
794 #NS 793 tests
795 #NS 794 phase7
796 #NS 795 ListLastSafeInterface
797 #NI 796 3502629364
798 #NS 797 _hygCtx
799 #NS 798 _hyg
800 #NI 799 98
3645 #EA 339 7
3646 #EA 294 3645
3647 #EA 3646 1289
3648 #EA 3647 2
3649 #EP #BD 207 294 3648
3650 #EP #BD 11 13 3649
3651 #EP #BD 224 282 3650
3652 #EP #BD 800 68 3651
3653 #EA 1535 21
3654 #EP #BD 122 3652 3653
3655 #EP #BD 51 3644 3654
3656 #EP #BD 49 3637 3655
3657 #EP #BD 781 21 3656
3658 #EP #BD 772 13 3657
3659 #EP #BD 763 61 3658
3660 #EP #BD 13 3632 3659
3661 #EP #BI 748 55 3660
3662 #EA 87 70
3663 #EA 1545 22
3664 #EL #BD 22 282 3663
3665 #EA 3662 3664
3666 #EA 3665 25
3667 #EA 1972 21
3668 #EA 3666 3667
801 #NI 799 115
802 #NI 790 116
3669 #EC 312 6
3670 #EA 338 7
3671 #EA 3670 5
3672 #EA 294 3671
3673 #EA 3672 2
3674 #EA 3673 68
3675 #EL #BD 22 13 3674
3676 #EA 3669 3675
3677 #EA 3676 68
3678 #EA 172 2
3679 #EA 3678 25
3680 #EA 3677 3679
803 #NS 335 rocq90-compat
804 #NS 803 tests
805 #NS 804 phase7
806 #NS 805 ListLastSafeInterface
807 #NI 806 3502629364
808 #NS 807 _hygCtx
809 #NS 808 _hyg
810 #NI 809 117
3681 #EA 2187 68
3682 #EL #BD 810 13 3681
3683 #EA 3680 3682
3684 #EL #BD 802 284 3683
3685 #EL #BD 801 70 3684
3686 #EA 3668 3685
3687 #EL #BD 122 3652 3686
3688 #EL #BD 51 3644 3687
3689 #EL #BD 49 3637 3688
3690 #EL #BD 781 21 3689
3691 #EL #BD 772 13 3690
3692 #EL #BD 763 61 3691
3693 #EL #BD 13 3632 3692
3694 #EL #BI 748 55 3693
#DEF 747 3661 3694 15 48
811 #NS 746 _f
812 #NI 782 11
813 #NI 782 12
3695 #EP #BD 813 13 1228
3696 #EL #BD 812 6 3695
3697 #EA 760 3696
3698 #EA 3697 2
3699 #EP #BD 96 3698 3695
3700 #EP #BD 812 3 3699
3701 #EP #BI 748 0 3700
814 #NI 782 13
3702 #EC 747 1 2
3703 #EA 3702 22
815 #NI 782 118
3704 #EP #BD 813 13 1106
3705 #EL #BD 812 631 3704
3706 #EA 837 3705
3707 #EA 3706 7
3708 #EP #BD 815 3707 283
3709 #EL #BD 781 68 3708
3710 #EL #BD 772 13 3709
3711 #EL #BD 763 23 3710
3712 #EA 3703 3711
3713 #EA 3712 21
3714 #EA 3713 5
3715 #EA 3714 2
3716 #EA 759 68
3717 #EP #BD 813 13 1084
3718 #EL #BD 812 455 3717
3719 #EA 3716 3718
3720 #EA 3719 784
3721 #EL #BD 815 3720 5
3722 #EL #BD 207 25 3721
3723 #EL #BD 783 13 3722
3724 #EA 3715 3723
3725 #EA 3706 848
3726 #EL #BD 815 3725 21
3727 #EL #BD 792 68 3726
3728 #EL #BD 791 42 3727
3729 #EL #BD 22 22 3728
3730 #EA 3724 3729
3731 #EA 759 283
3732 #EP #BD 814 335 344
3733 #EP #BD 813 13 3732
3734 #EL #BD 812 452 3733
3735 #EA 3731 3734
3736 #EA 3735 855
3737 #EL #BD 815 3736 3026
3738 #EL #BD 207 70 3737
3739 #EL #BD 11 13 3738
3740 #EL #BD 224 42 3739
3741 #EL #BD 800 22 3740
3742 #EA 3730 3741
3743 #EA 3742 7
3744 #EL #BD 814 21 3743
3745 #EL #BD 813 13 3744
3746 #EL #BD 96 3698 3745
3747 #EL #BD 812 3 3746
3748 #EL #BI 748 0 3747
#DEF 811 3701 3748 4
3749 #EP #BD 79 13 1158
3750 #EP #BD 79 3 3749
3751 #EP #BI 748 0 3750
3752 #EA 899 21
3753 #EP #BD 813 13 1137
3754 #EL #BD 812 155 3753
3755 #EA 3752 3754
3756 #EA 3755 7
3757 #EC 811 1
3758 #EA 3757 21
3759 #EA 3756 3758
3760 #EA 3759 5
3761 #EA 3760 2
3762 #EL #BD 814 7 3761
3763 #EL #BD 813 13 3762
3764 #EL #BD 812 3 3763
3765 #EL #BI 748 0 3764
#DEF 746 3751 3765 4
816 #NS 0 id
3766 #EP #BD 52 2 5
3767 #EP #BI 3 122 3766
3768 #EL #BD 52 2 2
3769 #EL #BI 3 122 3768
#DEF 816 3767 3769 4
817 #NS 1 ctorIdx
818 #NI 153 11
3770 #EP #BD 818 3 13
3771 #EP #BI 3 0 3770
3772 #EC 12 3 1
3773 #EA 3772 5
3774 #EL #BD 22 6 13
3775 #EA 3773 3774
3776 #EA 3775 2
3777 #EA 3776 1017
3778 #EL #BD 7 8 1920
3779 #EL #BD 6 5 3778
3780 #EA 3777 3779
3781 #EL #BD 22 3 3780
3782 #EL #BI 3 0 3781
#DEF 817 3771 3782 4
819 #NS 417 Data
820 #NS 819 List
821 #NS 820 Lemmas
822 #NI 821 0
823 #NS 822 List
824 #NS 823 cons_ne_nil
825 #NS 824 match_1_1
826 #NS 357 Data
827 #NS 826 List
828 #NS 827 Lemmas
829 #NI 828 1898771940
830 #NS 829 _hygCtx
831 #NI 830 16
832 #NS 831 Init
833 #NS 832 Data
834 #NS 833 List
835 #NS 834 Lemmas
836 #NI 835 1898771940
837 #NS 836 _hygCtx
838 #NS 837 _hyg
839 #NI 838 23
3783 #EP #BD 839 920 108
3784 #EA 914 261
3785 #EA 3784 926
3786 #EA 3785 263
3787 #EP #BD 839 3786 1219
3788 #EP #BD 13 3783 3787
3789 #EP #BD 244 61 3788
3790 #EP #BD 52 2 3789
3791 #EP #BI 3 55 3790
3792 #EA 1995 1219
3793 #EC 382 0 5
3794 #EA 56 22
3795 #EA 3793 3794
3796 #EA 69 22
3797 #EA 3796 21
3798 #EA 3797 7
3799 #EA 3795 3798
3800 #EA 914 67
3801 #EA 268 22
3802 #EA 3801 21
3803 #EA 3800 3802
3804 #EA 3803 2
3805 #EA 914 95
3806 #EA 3805 276
3807 #EA 3806 5
3808 #EA 914 282
3809 #EA 71 68
3810 #EA 3809 25
3811 #EA 3808 3810
3812 #EA 3811 318
3813 #EA 2009 3812
3814 #EA 3813 21
3815 #EA 3811 7
3816 #EA 3814 3815
3817 #EA 3816 5
3818 #EP #BD 119 3817 110
3819 #EP #BD 119 3807 3818
3820 #EL #BD 22 3804 3819
3821 #EL #BD 79 3794 3820
3822 #EA 3799 3821
3823 #EA 3822 63
3824 #EA 3823 2
840 #NS 449 Data
841 #NS 840 List
842 #NS 841 Lemmas
843 #NI 842 1898771940
844 #NS 843 _hygCtx
845 #NS 844 _hyg
846 #NI 845 24
3825 #EA 914 3794
3826 #EA 3825 63
3827 #EA 3826 3798
3828 #EA 3803 270
3829 #EA 2009 3828
3830 #EA 3829 5
3831 #EA 3803 3802
3832 #EA 3830 3831
3833 #EC 81 5
3834 #EA 3833 67
3835 #EA 3834 3802
3836 #EA 3832 3835
3837 #EP #BD 119 3836 110
3838 #EA 1995 3837
3839 #EC 455 5
3840 #EA 3839 67
3841 #EC 817 4
3842 #EA 3841 25
3843 #EA 3840 3842
3844 #EA 3843 270
3845 #EA 3844 3802
3846 #EA 3845 2
3847 #EA 3838 3846
3848 #EL #BD 846 3827 3847
3849 #EA 3824 3848
3850 #EA 3833 3794
3851 #EA 3850 63
3852 #EA 3849 3851
3853 #EA 3825 3798
3854 #EA 3853 63
3855 #EA 2051 3854
3856 #EA 3855 2
3857 #EA 3852 3856
3858 #EA 3792 3857
3859 #EL #BD 839 3786 3858
3860 #EL #BD 13 3783 3859
3861 #EL #BD 244 61 3860
3862 #EL #BD 52 2 3861
3863 #EL #BI 3 55 3862
#DEF 825 3791 3863 15
847 #NS 1 cons_ne_nil
3864 #EA 257 918
3865 #EA 3864 259
3866 #EP #BD 244 61 3865
3867 #EP #BD 52 2 3866
3868 #EP #BI 3 55 3867
848 #NS 830 _hyg
849 #NI 848 16
3869 #EC 825 4
3870 #EA 3869 21
3871 #EA 3870 7
3872 #EA 3871 5
3873 #EL #BD 839 3786 110
3874 #EA 3872 3873
3875 #EA 3874 2
3876 #EL #BD 849 920 3875
3877 #EL #BD 244 61 3876
3878 #EL #BD 52 2 3877
3879 #EL #BI 3 55 3878
#DEF 847 3868 3879 15
850 #NS 1 getLast_cons
3880 #EA 914 21
3881 #EC 97 4
3882 #EA 3881 21
3883 #EA 3882 926
3884 #EC 847 4
3885 #EA 3884 21
3886 #EA 3885 7
3887 #EA 3886 5
3888 #EA 3883 3887
3889 #EA 3880 3888
3890 #EA 3882 5
3891 #EA 3890 2
3892 #EA 3889 3891
3893 #EP #BD 119 260 3892
3894 #EP #BI 244 61 3893
3895 #EP #BI 52 2 3894
3896 #EP #BI 3 55 3895
3897 #EC 18 0 4
3898 #EA 3897 7
3899 #EA 262 2
3900 #EA 3899 263
3901 #EA 914 22
3902 #EA 3881 22
3903 #EA 3797 5
3904 #EA 3902 3903
3905 #EA 3884 22
3906 #EA 3905 21
3907 #EA 3906 5
3908 #EA 3904 3907
3909 #EA 3901 3908
3910 #EA 3902 5
3911 #EA 3910 2
3912 #EA 3909 3911
3913 #EP #BD 119 3900 3912
3914 #EL #BI 244 256 3913
3915 #EA 3898 3914
851 #NI 842 3864874996
852 #NS 851 _hygCtx
853 #NS 852 _hyg
854 #NI 853 50
3916 #EA 257 259
3917 #EA 3916 259
3918 #EA 3784 263
3919 #EA 3918 263
3920 #EA 3562 3919
3921 #EA 925 263
3922 #EA 3882 3921
3923 #EA 3886 263
3924 #EA 3922 3923
3925 #EA 3880 3924
3926 #EA 3882 263
3927 #EA 3926 2
3928 #EA 3925 3927
3929 #EA 3920 3928
3930 #EA 3833 261
3931 #EA 3930 263
3932 #EA 3929 3931
3933 #EA 3932 2
3934 #EL #BD 854 3917 3933
3935 #EA 3915 3934
855 #NS 59 Lemmas
856 #NI 855 3864874996
857 #NS 856 _hygCtx
858 #NS 857 _hyg
859 #NI 858 41
860 #NS 68 Lemmas
861 #NI 860 3864874996
862 #NS 861 _hygCtx
863 #NS 862 _hyg
864 #NI 863 42
865 #NS 19 _@
866 #NS 865 Init
867 #NS 866 Data
868 #NS 867 List
869 #NS 868 Lemmas
870 #NI 869 3864874996
871 #NS 870 _hygCtx
872 #NS 871 _hyg
873 #NI 872 43
3936 #EA 249 3794
3937 #EA 3936 2
3938 #EA 3937 63
3939 #EA 914 25
3940 #EA 3881 25
3941 #EA 3801 5
3942 #EA 3940 3941
3943 #EA 3884 25
3944 #EA 3943 22
3945 #EA 3944 5
3946 #EA 3942 3945
3947 #EA 3939 3946
3948 #EA 3940 5
3949 #EA 3948 2
3950 #EA 3947 3949
3951 #EP #BD 119 3938 3950
874 #NI 853 54
3952 #EA 268 7
3953 #EA 3952 5
3954 #EA 267 3953
3955 #EA 3954 270
3956 #EA 3833 68
3957 #EA 3881 68
3958 #EA 274 25
3959 #EA 274 21
3960 #EA 3959 7
3961 #EA 3958 3960
3962 #EA 3957 3961
3963 #EA 3884 68
3964 #EA 3963 25
3965 #EA 3964 3960
3966 #EA 3962 3965
3967 #EA 3956 3966
3968 #EL #BD 874 3955 3967
3969 #EL #BD 873 3951 3968
3970 #EL #BD 864 261 3969
3971 #EL #BD 859 7 3970
3972 #EA 3935 3971
3973 #EA 3972 2
3974 #EL #BI 244 61 3973
3975 #EL #BI 52 2 3974
3976 #EL #BI 3 55 3975
#DEF 850 3896 3976 15
875 #NS 222 last0_cons
3977 #EC 82 3
3978 #EA 3977 1010
3979 #EA 3978 2
3980 #EC 2 0
3981 #EA 3980 13
3982 #EA 3979 3981
3983 #EC 223 
3984 #EC 5 0
3985 #EA 3984 13
3986 #EA 3985 7
3987 #EA 3986 5
3988 #EA 3983 3987
3989 #EA 1888 3988
3990 #EA 3983 5
3991 #EA 3989 3990
3992 #EP #BD 119 3982 3991
3993 #EP #BD 224 1010 3992
3994 #EP #BD 22 13 3993
3995 #EC 12 0 0
3996 #EA 3995 13
876 #NS 14 _@
877 #NS 876 Prosa
878 #NS 877 Util
879 #NS 878 List
880 #NI 879 3335540688
881 #NS 880 _hygCtx
882 #NS 881 _hyg
883 #NI 882 29
3997 #EA 1593 1010
3998 #EA 3997 7
3999 #EA 3998 2
4000 #EA 3985 22
4001 #EA 4000 21
4002 #EA 3983 4001
4003 #EA 1888 4002
4004 #EA 3983 21
4005 #EA 4003 4004
4006 #EP #BD 119 3999 4005
4007 #EL #BD 883 1010 4006
4008 #EA 3996 4007
4009 #EA 4008 5
884 #NS 448 Prosa
885 #NS 884 Util
886 #NS 885 List
887 #NI 886 3335540688
888 #NS 887 _hygCtx
889 #NS 888 _hyg
890 #NI 889 30
4010 #EA 3997 5
4011 #EA 4010 3981
4012 #EA 2435 1010
4013 #EA 4012 3981
4014 #EA 3985 25
4015 #EA 4014 5
4016 #EA 3983 4015
4017 #EA 1888 4016
4018 #EA 4017 3990
4019 #EP #BD 119 3982 4018
4020 #EL #BD 224 1010 4019
4021 #EA 4013 4020
4022 #EA 3978 3981
4023 #EA 4022 3981
4024 #EA 3997 3981
4025 #EA 4024 3981
4026 #EA 3562 4025
4027 #EA 4000 3981
4028 #EA 3983 4027
4029 #EA 1888 4028
4030 #EA 3983 3981
4031 #EA 4029 4030
4032 #EA 4026 4031
4033 #EA 2033 1010
4034 #EA 4033 3981
4035 #EA 4032 4034
4036 #EA 4035 2
4037 #EL #BD 119 4023 4036
4038 #EA 4021 4037
4039 #EA 4038 7
4040 #EA 2565 1010
4041 #EA 4040 7
4042 #EA 4041 3981
4043 #EA 4042 2
4044 #EA 4039 4043
4045 #EA 4044 5
4046 #EL #BD 890 4011 4045
4047 #EA 4009 4046
891 #NS 0 ys
892 #NI 889 34
4048 #EA 3997 21
4049 #EA 3985 5
4050 #EA 4049 2
4051 #EA 4048 4050
4052 #EA 4012 3987
4053 #EA 3985 70
4054 #EA 4053 5
4055 #EA 3983 4054
4056 #EA 1888 4055
4057 #EA 4056 3990
4058 #EP #BD 119 3982 4057
4059 #EL #BD 224 1010 4058
4060 #EA 4052 4059
4061 #EA 3978 3987
4062 #EA 4061 3981
4063 #EC 816 0
4064 #EA 3985 68
4065 #EA 3985 21
4066 #EA 4065 7
4067 #EA 4064 4066
4068 #EA 3983 4067
4069 #EA 1888 4068
4070 #EA 3983 4066
4071 #EA 4069 4070
4072 #EA 4063 4071
4073 #EC 850 0
4074 #EA 4073 13
4075 #EA 4074 68
4076 #EA 4075 4066
4077 #EC 847 0
4078 #EA 4077 13
4079 #EA 4078 21
4080 #EA 4079 7
4081 #EA 4076 4080
4082 #EA 4072 4081
4083 #EL #BD 119 4062 4082
4084 #EA 4060 4083
4085 #EA 4084 22
4086 #EA 4040 22
4087 #EA 4086 3987
4088 #EA 4087 2
4089 #EA 4085 4088
4090 #EA 4089 21
4091 #EL #BD 892 4051 4090
4092 #EL #BD 891 1010 4091
4093 #EL #BD 298 13 4092
4094 #EA 4047 4093
4095 #EA 4033 5
4096 #EA 4094 4095
4097 #EL #BD 119 3982 4096
4098 #EL #BD 224 1010 4097
4099 #EL #BD 22 13 4098
#DEF 875 3994 4099 
893 #NS 0 HAppend
894 #NS 893 mk
895 #NS 0 hAppend
4100 #EC 893 1 7 24
4101 #EA 4100 21
4102 #EA 4101 7
4103 #EA 4102 5
4104 #EP #BD 895 2786 4103
4105 #EP #BI 608 2785 4104
4106 #EP #BI 88 1062 4105
4107 #EP #BI 3 0 4106
#IND 3 893 2798 1 894 4107 4 89 609
896 #NS 893 hAppend
4108 #EA 4100 7
4109 #EA 4108 5
4110 #EA 4109 2
4111 #EP #BC 218 4110 2802
4112 #EP #BI 608 2785 4111
4113 #EP #BI 88 1062 4112
4114 #EP #BI 3 0 4113
4115 #EJ 893 0 2
4116 #EL #BC 218 4110 4115
4117 #EL #BI 608 2785 4116
4118 #EL #BD 88 1062 4117
4119 #EL #BD 3 0 4118
#DEF 896 4114 4119 4 89 609
897 #NS 0 Append
898 #NS 897 mk
899 #NS 0 append
4120 #EC 897 1
4121 #EA 4120 5
4122 #EP #BD 899 1152 4121
4123 #EP #BI 3 0 4122
#IND 1 897 12 1 898 4123 4
900 #NS 897 append
4124 #EA 4120 2
4125 #EP #BC 218 4124 1159
4126 #EP #BI 3 0 4125
4127 #EJ 897 0 2
4128 #EL #BC 218 4124 4127
4129 #EL #BD 3 0 4128
#DEF 900 4126 4129 4
901 #NS 0 instHAppendOfAppend
902 #NI 292 1106143736
903 #NS 902 _hygCtx
904 #NS 903 _hyg
905 #NI 904 5
4130 #EC 897 4
4131 #EA 4130 2
4132 #EC 893 4 4 4
4133 #EA 4132 5
4134 #EA 4133 5
4135 #EA 4134 5
4136 #EP #BC 905 4131 4135
4137 #EP #BI 3 55 4136
4138 #EC 894 4 4 4
4139 #EA 4138 5
4140 #EA 4139 5
4141 #EA 4140 5
4142 #EC 900 4
4143 #EA 4142 21
4144 #EA 4143 7
4145 #EA 4144 5
4146 #EA 4145 2
4147 #EL #BD 83 7 4146
4148 #EL #BD 52 5 4147
4149 #EA 4141 4148
4150 #EL #BC 905 4131 4149
4151 #EL #BI 3 55 4150
#DEF 901 4137 4151 15
906 #NS 1 append
907 #NS 906 match_1
908 #NI 139 4042049376
909 #NS 908 _hygCtx
910 #NI 909 12
911 #NS 910 Init
912 #NS 911 Prelude
913 #NI 912 4042049376
914 #NS 913 _hygCtx
915 #NS 914 _hyg
916 #NI 915 31
4152 #EP #BD 916 57 1025
917 #NI 909 13
918 #NS 917 Init
919 #NS 918 Prelude
920 #NI 919 4042049376
921 #NS 920 _hygCtx
922 #NS 921 _hyg
923 #NI 922 34
924 #NS 0 bs
4153 #EP #BD 924 261 65
4154 #EP #BD 924 95 75
4155 #EP #BD 53 67 4154
4156 #EP #BD 52 22 4155
4157 #EP #BD 51 4156 80
4158 #EP #BD 49 4153 4157
4159 #EP #BD 923 256 4158
4160 #EP #BD 916 61 4159
4161 #EP #BD 13 4152 4160
4162 #EP #BI 3 55 4161
4163 #EL #BD 51 4156 101
4164 #EL #BD 49 4153 4163
4165 #EL #BD 923 256 4164
4166 #EL #BD 916 61 4165
4167 #EL #BD 13 4152 4166
4168 #EL #BI 3 55 4167
#DEF 907 4162 4168 15 48
925 #NS 906 _f
926 #NS 909 _hyg
927 #NI 926 12
4169 #EC 92 5 4
4170 #EA 4169 5
928 #NI 926 13
4171 #EP #BD 928 256 261
4172 #EL #BD 927 61 4171
4173 #EA 4170 4172
4174 #EA 4173 2
4175 #EP #BD 96 4174 4171
4176 #EP #BD 927 57 4175
4177 #EP #BI 3 55 4176
4178 #EC 907 4 5
4179 #EA 4178 21
929 #NI 926 67
4180 #EA 4169 25
4181 #EP #BD 928 95 282
4182 #EL #BD 927 67 4181
4183 #EA 4180 4182
4184 #EA 4183 5
4185 #EP #BD 929 4184 95
4186 #EL #BD 923 3794 4185
4187 #EL #BD 916 261 4186
4188 #EA 4179 4187
4189 #EA 4188 7
4190 #EA 4189 2
4191 #EA 4169 22
4192 #EP #BD 928 67 95
4193 #EL #BD 927 3794 4192
4194 #EA 4191 4193
4195 #EA 4194 63
4196 #EL #BD 929 4195 5
4197 #EL #BD 924 261 4196
4198 #EA 4190 4197
4199 #EA 4169 68
4200 #EP #BD 928 282 284
4201 #EL #BD 927 95 4200
4202 #EA 4199 4201
4203 #EA 274 7
4204 #EA 4203 5
4205 #EA 4202 4204
4206 #EA 71 21
4207 #EA 4206 1478
4208 #EL #BD 929 4205 4207
4209 #EL #BD 924 67 4208
4210 #EL #BD 53 3794 4209
4211 #EL #BD 52 21 4210
4212 #EA 4198 4211
4213 #EA 4212 5
4214 #EL #BD 928 256 4213
4215 #EL #BD 96 4174 4214
4216 #EL #BD 927 57 4215
4217 #EL #BI 3 55 4216
#DEF 925 4177 4217 15
4218 #EP #BD 891 61 256
4219 #EP #BD 224 57 4218
4220 #EP #BI 3 55 4219
4221 #EC 93 5 4
4222 #EA 4221 7
4223 #EP #BD 928 261 3794
4224 #EL #BD 927 256 4223
4225 #EA 4222 4224
4226 #EA 4225 5
4227 #EC 925 4
4228 #EA 4227 7
4229 #EA 4226 4228
4230 #EA 4229 2
4231 #EL #BD 928 61 4230
4232 #EL #BD 927 57 4231
4233 #EL #BI 3 55 4232
#DEF 906 4220 4233 15
930 #NS 1 instAppend
4234 #EA 4120 3
4235 #EP #BI 3 0 4234
4236 #EC 898 1
4237 #EA 4236 3
4238 #EC 906 1
4239 #EA 4238 2
4240 #EA 4237 4239
4241 #EL #BI 3 0 4240
#DEF 930 4235 4241 4
931 #NS 0 trivial
#DEF 931 1715 1820 
932 #NS 0 of_eq_true
4242 #EA 1593 108
4243 #EA 4242 2
4244 #EA 4243 1715
4245 #EP #BD 119 4244 5
4246 #EP #BI 270 108 4245
4247 #EA 1885 108
4248 #EA 4247 1715
933 #NS 24 SimpLemmas
934 #NI 933 3252497304
935 #NS 934 _hygCtx
936 #NS 935 _hyg
937 #NI 936 15
938 #NS 449 SimpLemmas
939 #NI 938 3252497304
940 #NS 939 _hygCtx
941 #NS 940 _hyg
942 #NI 941 16
4249 #EA 4242 1715
4250 #EA 4249 2
4251 #EL #BD 942 4250 5
4252 #EL #BD 937 108 4251
4253 #EA 4248 4252
4254 #EC 931 
4255 #EA 4253 4254
4256 #EA 4255 5
4257 #EA 2565 108
4258 #EA 4257 5
4259 #EA 4258 1715
4260 #EA 4259 2
4261 #EA 4256 4260
4262 #EL #BD 119 4244 4261
4263 #EL #BI 270 108 4262
#DEF 932 4246 4263 
943 #NS 0 Iff
944 #NS 943 intro
945 #NS 0 mp
4264 #EP #BD 79 5 5
946 #NS 0 mpr
4265 #EC 943 
4266 #EA 4265 21
4267 #EA 4266 7
4268 #EP #BD 946 1063 4267
4269 #EP #BD 945 4264 4268
4270 #EP #BI 83 108 4269
4271 #EP #BI 52 108 4270
4272 #EP #BD 52 108 109
#IND 2 943 4272 1 944 4271 
947 #NS 0 propext
4273 #EA 4265 5
4274 #EA 4273 2
4275 #EA 4242 7
4276 #EA 4275 5
4277 #EP #BD 79 4274 4276
4278 #EP #BI 83 108 4277
4279 #EP #BI 52 108 4278
#AX 947 4279 
948 #NS 0 eq_true
4280 #EA 4242 5
4281 #EA 4280 1715
4282 #EP #BD 119 2 4281
4283 #EP #BI 270 108 4282
4284 #EC 947 
4285 #EA 4284 5
4286 #EA 4285 1715
4287 #EC 944 
4288 #EA 4287 5
4289 #EA 4288 1715
949 #NI 933 1777953994
950 #NS 949 _hygCtx
951 #NS 950 _hyg
952 #NI 951 14
4290 #EL #BD 952 5 4254
4291 #EA 4289 4290
953 #NI 951 19
4292 #EL #BD 953 1715 5
4293 #EA 4291 4292
4294 #EA 4286 4293
4295 #EL #BD 119 2 4294
4296 #EL #BI 270 108 4295
#DEF 948 4283 4296 
954 #NS 0 eq_self
4297 #EA 4242 116
4298 #EA 4297 1715
4299 #EP #BD 52 2 4298
4300 #EP #BI 3 16 4299
4301 #EC 948 
4302 #EA 4301 116
4303 #EC 144 4
4304 #EA 4303 5
4305 #EA 4304 2
4306 #EA 4302 4305
4307 #EL #BD 52 2 4306
4308 #EL #BI 3 16 4307
#DEF 954 4300 4308 15
955 #NS 80 mpr
4309 #EP #BD 119 506 1063
4310 #EP #BI 88 122 4309
4311 #EP #BI 3 122 4310
4312 #EA 512 7
956 #NS 24 Core
957 #NI 956 2537982879
958 #NS 957 _hygCtx
959 #NS 958 _hyg
960 #NI 959 14
961 #NS 449 Core
962 #NI 961 2537982879
963 #NS 962 _hygCtx
964 #NS 963 _hyg
965 #NI 964 15
4313 #EA 504 21
4314 #EA 4313 2
4315 #EL #BD 965 4314 5
4316 #EL #BD 960 122 4315
4317 #EA 4312 4316
4318 #EA 4317 2
4319 #EA 4318 21
4320 #EC 545 2
4321 #EA 4320 122
4322 #EA 4321 21
4323 #EA 4322 7
4324 #EA 4323 5
4325 #EA 4319 4324
4326 #EL #BD 83 5 4325
4327 #EL #BD 119 506 4326
4328 #EL #BI 88 122 4327
4329 #EL #BI 3 122 4328
#DEF 955 4311 4329 4
966 #NS 1 cons_append
4330 #EA 503 155
4331 #EC 896 1 1 1
4332 #EA 4331 155
4333 #EA 4332 155
4334 #EA 4333 155
4335 #EC 901 1
4336 #EA 4335 155
4337 #EC 930 1
4338 #EA 4337 21
4339 #EA 4336 4338
4340 #EA 4334 4339
4341 #EA 24 21
4342 #EA 4341 7
4343 #EA 4342 5
4344 #EA 4340 4343
4345 #EA 4344 2
4346 #EA 4330 4345
4347 #EA 4340 5
4348 #EA 4347 2
4349 #EA 4342 4348
4350 #EA 4346 4349
4351 #EP #BI 924 8 4350
4352 #EP #BI 53 6 4351
4353 #EP #BI 52 2 4352
4354 #EP #BI 3 0 4353
4355 #EA 598 155
4356 #EA 4355 4345
4357 #EL #BI 924 8 4356
4358 #EL #BI 53 6 4357
4359 #EL #BI 52 2 4358
4360 #EL #BI 3 0 4359
#DEF 966 4354 4360 4
967 #NS 0 And
968 #NS 967 intro
969 #NS 0 left
970 #NS 0 right
4361 #EC 967 
4362 #EA 4361 21
4363 #EA 4362 7
4364 #EP #BD 970 5 4363
4365 #EP #BD 969 5 4364
4366 #EP #BI 83 108 4365
4367 #EP #BI 52 108 4366
#IND 2 967 4272 1 968 4367 
971 #NS 967 right
4368 #EA 4361 5
4369 #EA 4368 2
4370 #EP #BD 218 4369 5
4371 #EP #BI 83 108 4370
4372 #EP #BI 52 108 4371
4373 #EJ 967 1 2
4374 #EL #BD 218 4369 4373
4375 #EL #BD 83 108 4374
4376 #EL #BD 52 108 4375
#DEF 971 4372 4376 
972 #NS 80 mp
#DEF 972 510 525 4
973 #NS 80 trans
4377 #EA 2288 22
4378 #EA 4377 7
4379 #EP #BD 137 1840 4378
4380 #EP #BD 136 532 4379
4381 #EP #BI 280 7 4380
4382 #EP #BI 83 5 4381
4383 #EP #BI 52 2 4382
4384 #EP #BI 3 122 4383
974 #NI 139 4164849530
975 #NS 974 _hygCtx
976 #NS 975 _hyg
977 #NI 976 18
978 #NI 450 4164849530
979 #NS 978 _hygCtx
980 #NS 979 _hyg
981 #NI 980 19
4385 #EA 125 70
4386 #EA 4385 68
4387 #EA 4386 5
4388 #EL #BD 981 1856 4387
4389 #EL #BD 977 25 4388
4390 #EA 1853 4389
4391 #EA 4390 5
4392 #EA 4391 7
4393 #EA 4392 2
4394 #EL #BD 137 1840 4393
4395 #EL #BD 136 532 4394
4396 #EL #BI 280 7 4395
4397 #EL #BI 83 5 4396
4398 #EL #BI 52 2 4397
4399 #EL #BI 3 122 4398
#DEF 973 4384 4399 4
982 #NS 0 congrFun'
983 #NS 0 g
28 #UIM 1 7
4400 #EC 80 28
4401 #EA 4400 1838
4402 #EA 4401 5
4403 #EA 4402 2
4404 #EA 1842 184
4405 #EA 4404 1216
4406 #EP #BD 52 22 4405
4407 #EP #BD 119 4403 4406
4408 #EP #BI 983 507 4407
4409 #EP #BI 96 4264 4408
4410 #EP #BI 88 134 4409
4411 #EP #BI 3 122 4410
4412 #EC 162 0 28
4413 #EP #BD 79 25 25
4414 #EA 4412 4413
4415 #EA 4414 21
984 #NI 139 2891185530
985 #NS 984 _hygCtx
986 #NS 985 _hyg
987 #NI 986 26
988 #NI 450 2891185530
989 #NS 988 _hygCtx
990 #NS 989 _hyg
991 #NI 990 27
4416 #EP #BD 79 68 68
4417 #EA 4400 4416
4418 #EA 4417 22
4419 #EA 4418 2
4420 #EA 1857 2154
4421 #EA 4420 93
4422 #EL #BD 991 4419 4421
4423 #EL #BD 987 4413 4422
4424 #EA 4415 4423
4425 #EA 1865 184
4426 #EA 4424 4425
4427 #EA 4426 7
4428 #EA 4427 5
4429 #EL #BD 52 22 4428
4430 #EL #BD 119 4403 4429
4431 #EL #BI 983 507 4430
4432 #EL #BI 96 4264 4431
4433 #EL #BI 88 134 4432
4434 #EL #BI 3 122 4433
#DEF 982 4411 4434 4 89
992 #NS 0 true_and
4435 #EA 4361 1715
4436 #EA 4435 2
4437 #EA 4242 4436
4438 #EA 4437 2
4439 #EP #BD 270 108 4438
4440 #EA 4284 4436
4441 #EA 4440 2
4442 #EA 4287 4436
4443 #EA 4442 2
993 #NI 933 2172530434
994 #NS 993 _hygCtx
995 #NS 994 _hyg
996 #NI 995 16
4444 #EC 971 
4445 #EA 4444 1715
4446 #EA 4445 5
4447 #EA 4446 2
4448 #EL #BD 996 4436 4447
4449 #EA 4443 4448
997 #NI 995 23
4450 #EC 968 
4451 #EA 4450 1715
4452 #EA 4451 5
4453 #EA 4452 4254
4454 #EA 4453 2
4455 #EL #BD 997 2 4454
4456 #EA 4449 4455
4457 #EA 4441 4456
4458 #EL #BD 270 108 4457
#DEF 992 4439 4458 
998 #NS 943 refl
4459 #EA 4265 2
4460 #EA 4459 2
4461 #EP #BD 52 108 4460
4462 #EA 4287 2
4463 #EA 4462 2
4464 #EA 4463 3768
4465 #EA 4464 3768
4466 #EL #BD 52 108 4465
#DEF 998 4461 4466 
999 #NS 943 rfl
4467 #EC 998 
4468 #EA 4467 2
4469 #EL #BI 52 108 4468
#DEF 999 4461 4469 
1000 #NS 0 iff_self
4470 #EA 4242 4460
4471 #EA 4470 1715
4472 #EP #BD 270 108 4471
4473 #EA 4301 4460
4474 #EC 999 
4475 #EA 4474 2
4476 #EA 4473 4475
4477 #EL #BD 270 108 4476
#DEF 1000 4472 4477 
1001 #NS 0 congr
1002 #NS 0 f₁
1003 #NS 0 f₂
4478 #EA 4400 4413
4479 #EA 4478 21
4480 #EA 4479 7
4481 #EA 1854 7
4482 #EA 4481 5
4483 #EA 1857 359
4484 #EA 4483 713
4485 #EP #BD 137 4482 4484
4486 #EP #BD 136 4480 4485
4487 #EP #BI 443 22 4486
4488 #EP #BI 442 21 4487
4489 #EP #BI 1003 507 4488
4490 #EP #BI 1002 4264 4489
4491 #EP #BI 88 134 4490
4492 #EP #BI 3 122 4491
4493 #EP #BD 79 70 70
4494 #EA 4412 4493
4495 #EA 4494 25
1004 #NI 139 3367718672
1005 #NS 1004 _hygCtx
1006 #NS 1005 _hyg
1007 #NI 1006 34
1008 #NI 450 3367718672
1009 #NS 1008 _hygCtx
1010 #NS 1009 _hyg
1011 #NI 1010 35
4496 #EP #BD 79 283 283
4497 #EA 4400 4496
4498 #EA 4497 68
4499 #EA 4498 2
4500 #EA 1841 283
4501 #EA 70 25
4502 #EA 4500 4501
4503 #EA 4502 2858
4504 #EL #BD 1011 4499 4503
4505 #EL #BD 1007 4493 4504
4506 #EA 4495 4505
4507 #EA 1851 70
4508 #EA 4507 21
1012 #NI 1006 32
1013 #NI 1010 33
4509 #EA 125 283
4510 #EA 4509 22
4511 #EA 4510 2
4512 #EA 4502 320
4513 #EL #BD 1013 4511 4512
4514 #EL #BD 1012 70 4513
4515 #EA 4508 4514
4516 #EA 1864 68
4517 #EA 4516 359
4518 #EA 4515 4517
4519 #EA 4518 7
4520 #EA 4519 2
4521 #EA 4506 4520
4522 #EA 4521 22
4523 #EA 4522 5
4524 #EL #BD 137 4482 4523
4525 #EL #BD 136 4480 4524
4526 #EL #BI 443 22 4525
4527 #EL #BI 442 21 4526
4528 #EL #BI 1003 507 4527
4529 #EL #BI 1002 4264 4528
4530 #EL #BI 88 134 4529
4531 #EL #BI 3 122 4530
#DEF 1001 4492 4531 4 89
1014 #NS 0 eq_false
4532 #EA 4280 110
4533 #EP #BD 119 1169 4532
4534 #EP #BI 270 108 4533
4535 #EA 4285 110
4536 #EA 4288 110
4537 #EA 3562 7
4538 #EA 4537 110
4539 #EA 4538 2
4540 #EA 4539 5
4541 #EL #BD 739 5 4540
4542 #EA 4536 4541
4543 #EA 1995 7
4544 #EA 4543 2
4545 #EL #BD 739 110 4544
4546 #EA 4542 4545
4547 #EA 4535 4546
4548 #EL #BD 119 1169 4547
4549 #EL #BI 270 108 4548
#DEF 1014 4534 4549 
1015 #NS 0 eq_false'
4550 #EP #BD 119 111 4532
4551 #EP #BI 270 108 4550
4552 #EC 1014 
4553 #EA 4552 5
4554 #EA 4553 2
4555 #EL #BD 119 111 4554
4556 #EL #BI 270 108 4555
#DEF 1015 4551 4556 
1016 #NS 967 left
4557 #EP #BD 218 4369 7
4558 #EP #BI 83 108 4557
4559 #EP #BI 52 108 4558
4560 #EJ 967 0 2
4561 #EL #BD 218 4369 4560
4562 #EL #BD 83 108 4561
4563 #EL #BD 52 108 4562
#DEF 1016 4559 4563 
1017 #NS 0 false_and
4564 #EA 4361 110
4565 #EA 4564 2
4566 #EA 4242 4565
4567 #EA 4566 110
4568 #EP #BD 270 108 4567
4569 #EA 4552 4565
1018 #NI 933 760575690
1019 #NS 1018 _hygCtx
1020 #NS 1019 _hyg
1021 #NI 1020 14
4570 #EC 1016 
4571 #EA 4570 110
4572 #EA 4571 5
4573 #EA 4572 2
4574 #EL #BD 1021 4565 4573
4575 #EA 4569 4574
4576 #EL #BD 270 108 4575
#DEF 1017 4568 4576 
1022 #NS 1 append_eq_nil_iff
1023 #NS 196 Data
1024 #NS 1023 List
1025 #NS 1024 Lemmas
1026 #NI 1025 167775454
1027 #NS 1026 _hygCtx
1028 #NS 1027 _hyg
1029 #NI 1028 45
1030 #NS 0 q
4577 #EC 896 4 4 4
4578 #EA 4577 256
4579 #EA 4578 256
4580 #EA 4579 256
4581 #EC 901 4
4582 #EA 4581 256
4583 #EC 930 4
4584 #EA 4583 7
4585 #EA 4582 4584
4586 #EA 4580 4585
4587 #EA 4586 5
4588 #EA 4587 2
4589 #EA 915 4588
4590 #EA 4589 259
4591 #EA 4265 4590
4592 #EA 915 5
4593 #EA 4592 259
4594 #EA 4361 4593
4595 #EA 915 2
4596 #EA 4595 259
4597 #EA 4594 4596
4598 #EA 4591 4597
4599 #EP #BI 1030 61 4598
4600 #EP #BI 270 57 4599
4601 #EP #BI 1029 55 4600
4602 #EC 12 0 4
4603 #EA 4602 7
1031 #NS 876 Init
1032 #NS 1031 Data
1033 #NS 1032 List
1034 #NS 1033 Lemmas
1035 #NI 1034 167775454
1036 #NS 1035 _hygCtx
1037 #NS 1036 _hyg
1038 #NI 1037 55
4604 #EA 3784 7
4605 #EA 4604 2
4606 #EA 4577 3794
4607 #EA 4606 3794
4608 #EA 4607 3794
4609 #EA 4581 3794
4610 #EA 4583 22
4611 #EA 4609 4610
4612 #EA 4608 4611
4613 #EA 4612 21
4614 #EA 4613 7
4615 #EA 3825 4614
4616 #EA 4615 63
4617 #EA 4265 4616
4618 #EA 3825 21
4619 #EA 4618 63
4620 #EA 4361 4619
4621 #EA 3825 7
4622 #EA 4621 63
4623 #EA 4620 4622
4624 #EA 4617 4623
4625 #EP #BD 119 4605 4624
4626 #EL #BD 1038 256 4625
4627 #EA 4603 4626
4628 #EA 4627 5
1039 #NI 842 167775454
1040 #NS 1039 _hygCtx
1041 #NS 1040 _hyg
1042 #NI 1041 56
4629 #EC 158 0 5
4630 #EA 4629 261
4631 #EA 4630 263
4632 #EA 4612 2
4633 #EA 4632 7
4634 #EA 3825 4633
4635 #EA 4634 63
4636 #EA 4265 4635
4637 #EA 3825 2
4638 #EA 4637 63
4639 #EA 4361 4638
4640 #EA 4639 4622
4641 #EA 4636 4640
4642 #EL #BI 270 261 4641
4643 #EA 4631 4642
4644 #EC 932 
4645 #EA 3784 5
4646 #EA 4645 263
4647 #EA 4265 4646
4648 #EA 4361 3919
4649 #EA 4648 4646
4650 #EA 4647 4649
4651 #EA 4644 4650
4652 #EC 973 3
4653 #EA 4652 108
4654 #EA 4653 4650
4655 #EA 4647 4646
4656 #EA 4654 4655
4657 #EA 4656 1715
4658 #EC 441 3 3
4659 #EA 4658 108
4660 #EA 4659 108
4661 #EA 4660 4649
4662 #EA 4661 4646
4663 #EA 4662 4647
4664 #EA 4653 4649
4665 #EA 4435 4646
4666 #EA 4664 4665
4667 #EA 4666 4646
4668 #EC 982 3 3
4669 #EA 4668 108
4670 #EA 4669 108
4671 #EA 4670 4648
4672 #EA 4671 4435
4673 #EA 4659 109
4674 #EA 4673 3919
4675 #EA 4674 1715
4676 #EA 4675 4361
4677 #EC 954 5
4678 #EA 4677 261
4679 #EA 4678 263
4680 #EA 4676 4679
4681 #EA 4672 4680
4682 #EA 4681 4646
4683 #EA 4667 4682
4684 #EC 992 
4685 #EA 4684 4646
4686 #EA 4683 4685
4687 #EA 4663 4686
4688 #EA 4657 4687
4689 #EC 1000 
4690 #EA 4689 4646
4691 #EA 4688 4690
4692 #EA 4651 4691
4693 #EA 4643 4692
4694 #EA 4693 7
4695 #EC 545 5
4696 #EA 4695 261
4697 #EA 4696 7
4698 #EA 4697 263
4699 #EA 4698 2
4700 #EA 4694 4699
4701 #EL #BD 1042 4593 4700
4702 #EA 4628 4701
1043 #NI 855 167775454
1044 #NS 1043 _hygCtx
1045 #NS 1044 _hyg
1046 #NI 1045 57
1047 #NI 860 167775454
1048 #NS 1047 _hygCtx
1049 #NS 1048 _hyg
1050 #NI 1049 58
1051 #NI 1041 59
4703 #EA 3796 5
4704 #EA 4703 2
4705 #EA 4618 4704
4706 #EA 4629 67
4707 #EA 4706 3953
4708 #EA 4577 95
4709 #EA 4708 95
4710 #EA 4709 95
4711 #EA 4581 95
4712 #EA 4583 68
4713 #EA 4711 4712
4714 #EA 4710 4713
4715 #EA 4714 2
4716 #EA 4715 22
4717 #EA 3805 4716
4718 #EA 4717 276
4719 #EA 4265 4718
4720 #EA 3805 2
4721 #EA 4720 276
4722 #EA 4361 4721
4723 #EA 3805 22
4724 #EA 4723 276
4725 #EA 4722 4724
4726 #EA 4719 4725
4727 #EL #BI 270 67 4726
4728 #EA 4707 4727
4729 #EA 4577 67
4730 #EA 4729 67
4731 #EA 4730 67
4732 #EA 4581 67
4733 #EA 4583 25
4734 #EA 4732 4733
4735 #EA 4731 4734
4736 #EA 4735 3953
4737 #EA 4736 21
4738 #EA 3800 4737
4739 #EA 4738 270
4740 #EA 4265 4739
4741 #EA 3800 3953
4742 #EA 4741 270
4743 #EA 4361 4742
4744 #EA 3800 21
4745 #EA 4744 270
4746 #EA 4743 4745
4747 #EA 4740 4746
4748 #EA 4644 4747
4749 #EA 4653 4747
4750 #EA 4265 110
4751 #EA 4750 110
4752 #EA 4749 4751
4753 #EA 4752 1715
4754 #EC 1001 3 3
4755 #EA 4754 108
4756 #EA 4755 108
4757 #EA 4756 4740
4758 #EA 4757 4750
4759 #EA 4758 4746
4760 #EA 4759 110
4761 #EA 4673 4739
4762 #EA 4761 110
4763 #EA 4762 4265
4764 #EC 1015 
4765 #EA 4735 5
4766 #EA 4765 21
4767 #EA 3952 4766
4768 #EA 3800 4767
4769 #EA 4768 270
4770 #EA 4764 4769
4771 #EA 1995 110
4772 #EA 3839 95
4773 #EA 3841 68
4774 #EA 4772 4773
4775 #EA 4714 7
4776 #EA 4775 22
4777 #EA 3959 4776
4778 #EA 4774 4777
4779 #EA 4778 276
4780 #EA 4779 2
4781 #EA 4771 4780
4782 #EL #BD 119 4769 4781
4783 #EA 4770 4782
4784 #EA 4763 4783
4785 #EA 4760 4784
4786 #EA 4653 4746
4787 #EA 4564 4745
4788 #EA 4786 4787
4789 #EA 4788 110
4790 #EA 4670 4743
4791 #EA 4790 4564
4792 #EA 4673 4742
4793 #EA 4792 110
4794 #EA 4793 4361
4795 #EA 4764 4742
4796 #EA 4774 3960
4797 #EA 4796 276
4798 #EA 4797 2
4799 #EA 4771 4798
4800 #EL #BD 119 4742 4799
4801 #EA 4795 4800
4802 #EA 4794 4801
4803 #EA 4791 4802
4804 #EA 4803 4745
4805 #EA 4789 4804
4806 #EC 1017 
4807 #EA 4806 4745
4808 #EA 4805 4807
4809 #EA 4785 4808
4810 #EA 4753 4809
4811 #EA 4689 110
4812 #EA 4810 4811
4813 #EA 4748 4812
4814 #EA 4728 4813
4815 #EA 4814 22
4816 #EA 4695 67
4817 #EA 4816 22
4818 #EA 4817 3953
4819 #EA 4818 2
4820 #EA 4815 4819
4821 #EL #BD 1051 4705 4820
4822 #EL #BD 1050 261 4821
4823 #EL #BD 1046 7 4822
4824 #EA 4702 4823
4825 #EA 3833 256
4826 #EA 4825 5
4827 #EA 4824 4826
4828 #EL #BI 1030 61 4827
4829 #EL #BI 270 57 4828
4830 #EL #BI 1029 55 4829
#DEF 1022 4601 4830 15
1052 #NS 1022 _simp_1
4831 #EA 4242 4590
4832 #EA 4831 4597
4833 #EP #BI 1030 61 4832
4834 #EP #BI 270 57 4833
4835 #EP #BI 1029 55 4834
4836 #EA 4284 4590
4837 #EA 4836 4597
4838 #EC 1022 4
4839 #EA 4838 7
4840 #EA 4839 5
4841 #EA 4840 2
4842 #EA 4837 4841
4843 #EL #BI 1030 61 4842
4844 #EL #BI 270 57 4843
4845 #EL #BI 1029 55 4844
#DEF 1052 4835 4845 15
1053 #NS 222 last0_cat
1054 #NS 0 xs_l
1055 #NS 0 xs_r
4846 #EC 896 0 0 0
4847 #EA 4846 1010
4848 #EA 4847 1010
4849 #EA 4848 1010
4850 #EC 901 0
4851 #EA 4850 1010
4852 #EC 930 0
4853 #EA 4852 13
4854 #EA 4851 4853
4855 #EA 4849 4854
4856 #EA 4855 7
4857 #EA 4856 5
4858 #EA 3983 4857
4859 #EA 1888 4858
4860 #EA 4859 3990
4861 #EP #BD 119 3982 4860
4862 #EP #BD 1055 1010 4861
4863 #EP #BD 1054 1010 4862
4864 #EC 18 0 0
4865 #EA 4864 13
4866 #EA 4855 2
4867 #EA 4866 7
4868 #EA 3983 4867
4869 #EA 1888 4868
4870 #EA 3983 7
4871 #EA 4869 4870
4872 #EL #BD 1054 1010 4871
4873 #EA 4865 4872
4874 #EA 1888 3990
4875 #EA 4874 3990
4876 #EA 4644 4875
4877 #EC 954 3
4878 #EA 4877 13
4879 #EA 4878 3990
4880 #EA 4876 4879
4881 #EA 4873 4880
1056 #NS 0 tl
4882 #EA 4866 21
4883 #EA 3983 4882
4884 #EA 1888 4883
4885 #EA 4884 4004
4886 #EC 955 0
4887 #EA 4855 3987
4888 #EA 4887 22
4889 #EA 3983 4888
4890 #EA 1888 4889
4891 #EA 3983 22
4892 #EA 4890 4891
4893 #EA 4886 4892
4894 #EA 4855 5
4895 #EA 4894 22
4896 #EA 3986 4895
4897 #EA 3983 4896
4898 #EA 1888 4897
4899 #EA 4898 4891
4900 #EA 4893 4899
4901 #EA 4242 4892
4902 #EA 4901 4899
4903 #EA 4063 4902
4904 #EA 4658 1010
4905 #EA 4904 108
4906 #EA 4905 4888
4907 #EA 4906 4896
1057 #NS 0 _a
4908 #EA 3983 2
4909 #EA 1888 4908
4910 #EA 3983 25
4911 #EA 4909 4910
4912 #EL #BD 1057 1010 4911
4913 #EA 4907 4912
4914 #EC 966 0
4915 #EA 4914 13
4916 #EA 4915 7
4917 #EA 4916 5
4918 #EA 4917 22
4919 #EA 4913 4918
4920 #EA 4903 4919
4921 #EA 4900 4920
4922 #EA 4886 4899
4923 #EA 3983 4895
4924 #EA 1888 4923
4925 #EA 4924 4891
4926 #EA 4922 4925
4927 #EA 4242 4899
4928 #EA 4927 4925
4929 #EA 4063 4928
4930 #EA 4658 13
4931 #EA 4930 108
4932 #EA 4931 4897
4933 #EA 4932 4923
4934 #EA 1888 2
4935 #EA 4934 4910
4936 #EL #BD 1057 13 4935
4937 #EA 4933 4936
4938 #EC 875 
4939 #EA 4938 7
4940 #EA 4939 4895
1058 #NS 0 hc
4941 #EA 3997 4895
4942 #EA 4941 3981
4943 #EA 3998 3981
4944 #EA 4444 4943
4945 #EA 3997 25
4946 #EA 4945 3981
4947 #EA 4944 4946
4948 #EC 972 0
4949 #EA 4856 25
4950 #EA 3997 4949
4951 #EA 4950 3981
4952 #EA 4948 4951
4953 #EA 4361 4943
4954 #EA 4953 4946
4955 #EA 4952 4954
4956 #EC 1052 0
4957 #EA 4956 13
4958 #EA 4957 7
4959 #EA 4958 25
4960 #EA 4955 4959
4961 #EA 4960 2
4962 #EA 4947 4961
4963 #EA 22 4962
4964 #EL #BD 1058 4942 4963
4965 #EA 4940 4964
4966 #EA 4937 4965
4967 #EA 4929 4966
4968 #EA 4926 4967
4969 #EA 4968 2
4970 #EA 4921 4969
4971 #EL #BD 514 4885 4970
4972 #EL #BD 1056 1010 4971
4973 #EL #BD 52 13 4972
4974 #EA 4881 4973
4975 #EA 4974 7
4976 #EL #BD 119 3982 4975
4977 #EL #BD 1055 1010 4976
4978 #EL #BD 1054 1010 4977
#DEF 1053 4863 4978 
1059 #NS 0 Exists
1060 #NS 1059 intro
4979 #EC 1059 1
4980 #EA 4979 21
4981 #EA 4980 7
4982 #EP #BD 119 1219 4981
4983 #EP #BD 609 5 4982
4984 #EP #BI 270 423 4983
4985 #EP #BI 3 122 4984
4986 #EP #BD 270 423 108
4987 #EP #BI 3 122 4986
#IND 2 1059 4987 1 1060 4985 4
1061 #NS 1059 casesOn
4988 #EA 4979 5
4989 #EA 4988 2
4990 #EP #BD 14 4989 108
4991 #EA 4979 7
4992 #EA 4991 5
1062 #NS 0 intro
4993 #EC 1060 1
4994 #EA 4993 25
4995 #EA 4994 22
4996 #EA 4995 5
4997 #EA 4996 2
4998 #EA 21 4997
4999 #EP #BD 119 184 4998
5000 #EP #BD 609 21 4999
5001 #EP #BD 1062 5000 96
5002 #EP #BD 14 4992 5001
5003 #EP #BI 13 4990 5002
5004 #EP #BI 270 423 5003
5005 #EP #BI 3 122 5004
1063 #NS 1059 rec
5006 #EC 1063 1
5007 #EA 5006 22
5008 #EA 5007 21
5009 #EA 5008 7
5010 #EL #BD 119 203 97
5011 #EL #BD 609 22 5010
5012 #EA 5009 5011
5013 #EA 5012 5
5014 #EL #BD 1062 5000 5013
5015 #EL #BD 14 4992 5014
5016 #EL #BI 13 4990 5015
5017 #EL #BI 270 423 5016
5018 #EL #BI 3 122 5017
#DEF 1061 5005 5018 4
1064 #NS 222 last0_ex_cat
1065 #NS 0 h1
1066 #NS 0 h2
5019 #EA 4874 7
5020 #EC 1059 3
5021 #EA 5020 1010
1067 #NS 0 xsh
5022 #EA 4866 4027
5023 #EA 3997 5022
5024 #EA 5023 21
5025 #EL #BD 1067 1010 5024
5026 #EA 5021 5025
5027 #EP #BD 1066 5019 5026
5028 #EP #BD 1065 3982 5027
5029 #EP #BD 224 1010 5028
5030 #EP #BD 22 13 5029
5031 #EA 4874 25
5032 #EA 4053 3981
5033 #EA 4866 5032
5034 #EA 3997 5033
5035 #EA 5034 21
5036 #EL #BD 1067 1010 5035
5037 #EA 5021 5036
5038 #EP #BD 1066 5031 5037
5039 #EP #BD 1065 3982 5038
5040 #EL #BD 224 1010 5039
5041 #EA 4865 5040
5042 #EA 1888 4030
5043 #EA 5042 22
5044 #EA 4064 3981
5045 #EA 4866 5044
5046 #EA 3997 5045
5047 #EA 5046 3981
5048 #EL #BD 1067 1010 5047
5049 #EA 5021 5048
5050 #EA 4026 5049
5051 #EA 5050 4034
5052 #EA 5051 5
5053 #EL #BD 1066 5043 5052
5054 #EL #BD 1065 4023 5053
5055 #EA 5041 5054
5056 #EA 4874 68
5057 #EA 3985 283
5058 #EA 5057 3981
5059 #EA 4866 5058
5060 #EA 3997 5059
5061 #EA 5060 21
5062 #EL #BD 1067 1010 5061
5063 #EA 5021 5062
5064 #EP #BD 1066 5056 5063
5065 #EP #BD 1065 3982 5064
5066 #EA 1888 4070
5067 #EA 5066 70
1068 #NI 879 1477995469
1069 #NS 1068 _hygCtx
1070 #NS 1069 _hyg
1071 #NI 1070 45
5068 #EA 3997 22
5069 #EA 5068 2
5070 #EA 3985 344
5071 #EA 5070 3981
5072 #EA 4866 5071
5073 #EA 3997 5072
5074 #EA 4053 68
5075 #EA 5073 5074
5076 #EL #BD 1067 1010 5075
5077 #EA 5021 5076
5078 #EP #BD 119 5069 5077
5079 #EL #BD 1071 1010 5078
5080 #EA 3996 5079
5081 #EA 5080 21
1072 #NI 886 1477995469
1073 #NS 1072 _hygCtx
1074 #NS 1073 _hyg
1075 #NI 1074 46
5082 #EA 4048 3981
5083 #EA 4874 344
5084 #EA 3985 2404
5085 #EA 5084 3981
5086 #EA 4866 5085
5087 #EA 3997 5086
5088 #EA 5087 21
5089 #EL #BD 1067 1010 5088
5090 #EA 5021 5089
5091 #EP #BD 1066 5083 5090
5092 #EP #BD 1065 3982 5091
5093 #EA 3978 4054
5094 #EA 5093 3981
5095 #EA 5057 7
5096 #EA 3983 5095
5097 #EA 1888 5096
5098 #EA 5097 675
5099 #EA 3985 2486
5100 #EA 5099 3981
5101 #EA 4866 5100
5102 #EA 3997 5101
5103 #EA 3985 335
5104 #EA 5103 22
5105 #EA 5102 5104
5106 #EL #BD 1067 1010 5105
5107 #EA 5021 5106
5108 #EP #BD 1066 5098 5107
5109 #EP #BD 1065 5094 5108
5110 #EP #BD 514 5092 5109
5111 #EL #BD 1056 1010 5110
5112 #EA 4013 5111
5113 #EA 5042 335
5114 #EA 3985 675
5115 #EA 5114 3981
5116 #EA 4866 5115
5117 #EA 3997 5116
5118 #EA 5117 3981
5119 #EL #BD 1067 1010 5118
5120 #EA 5021 5119
5121 #EP #BD 1066 5113 5120
5122 #EP #BD 1065 4023 5121
5123 #EA 3978 5044
5124 #EA 5123 3981
5125 #EA 3983 5032
5126 #EA 1888 5125
5127 #EA 5126 344
5128 #EA 5042 5
5129 #EA 4065 3981
5130 #EA 4866 5129
5131 #EA 3997 5130
5132 #EA 5131 3981
5133 #EL #BD 1067 1010 5132
5134 #EA 5021 5133
5135 #EP #BD 1066 5128 5134
5136 #EP #BD 1065 4023 5135
5137 #EA 3986 3981
5138 #EA 4866 5137
5139 #EA 3997 5138
5140 #EA 5139 5071
5141 #EL #BD 1067 1010 5140
5142 #EA 5021 5141
5143 #EP #BD 514 5136 5142
5144 #EL #BD 22 13 5143
5145 #EA 2437 5144
5146 #EA 5042 294
5147 #EA 5073 3981
5148 #EL #BD 1067 1010 5147
5149 #EA 5021 5148
5150 #EP #BD 1066 5146 5149
5151 #EP #BD 1065 4023 5150
5152 #EC 1060 3
5153 #EA 5152 1010
5154 #EA 5103 3981
5155 #EA 4866 5154
5156 #EA 3997 5155
5157 #EA 5156 5154
5158 #EL #BD 1067 1010 5157
5159 #EA 5153 5158
5160 #EA 5159 3981
5161 #EA 1641 1010
5162 #EA 4855 3981
5163 #EA 3985 294
5164 #EA 5163 3981
5165 #EA 5162 5164
5166 #EA 5161 5165
5167 #EA 5160 5166
5168 #EL #BD 514 5151 5167
5169 #EA 5145 5168
5170 #EA 5169 675
5171 #EA 5170 2
5172 #EA 5171 7
5173 #EL #BD 1066 5127 5172
5174 #EL #BD 1065 5124 5173
5175 #EL #BD 514 5122 5174
5176 #EA 5112 5175
5177 #EA 5176 22
5178 #EA 4086 3981
5179 #EA 5178 2
5180 #EA 5177 5179
5181 #EA 5180 21
5182 #EA 5181 7
5183 #EA 5182 5
5184 #EL #BD 1075 5082 5183
5185 #EA 5081 5184
1076 #NI 1074 58
5186 #EA 4945 4050
5187 #EA 4874 2404
5188 #EA 3985 2580
5189 #EA 5188 3981
5190 #EA 4866 5189
5191 #EA 3997 5190
5192 #EA 5191 21
5193 #EL #BD 1067 1010 5192
5194 #EA 5021 5193
5195 #EP #BD 1066 5187 5194
5196 #EP #BD 1065 3982 5195
5197 #EA 5163 5
5198 #EA 3978 5197
5199 #EA 5198 3981
5200 #EA 5103 7
5201 #EA 3983 5200
5202 #EA 1888 5201
5203 #EA 5202 2486
5204 #EA 3985 2601
5205 #EA 5204 3981
5206 #EA 4866 5205
5207 #EA 3997 5206
5208 #EA 5114 22
5209 #EA 5207 5208
5210 #EL #BD 1067 1010 5209
5211 #EA 5021 5210
5212 #EP #BD 1066 5203 5211
5213 #EP #BD 1065 5199 5212
5214 #EP #BD 514 5196 5213
5215 #EL #BD 1056 1010 5214
5216 #EA 4052 5215
5217 #EA 5066 675
5218 #EA 4014 22
5219 #EA 5102 5218
5220 #EL #BD 1067 1010 5219
5221 #EA 5021 5220
5222 #EP #BD 1066 5217 5221
5223 #EP #BD 1065 4062 5222
5224 #EA 5057 4066
5225 #EA 3978 5224
5226 #EA 5225 3981
5227 #EA 5163 4001
5228 #EA 3983 5227
5229 #EA 1888 5228
5230 #EA 5229 2404
1077 #NS 0 hne
5231 #EA 3978 5218
5232 #EA 5231 3981
5233 #EA 4078 25
5234 #EA 5233 22
5235 #EC 1061 3
5236 #EA 5235 1010
5237 #EA 5207 5074
5238 #EL #BD 1067 1010 5237
5239 #EA 5236 5238
5240 #EA 5021 5238
5241 #EA 3985 2603
5242 #EA 5241 3981
5243 #EA 4866 5242
5244 #EA 3997 5243
5245 #EA 5057 70
5246 #EA 5084 5245
5247 #EA 5244 5246
5248 #EL #BD 1067 1010 5247
5249 #EA 5021 5248
5250 #EL #BD 22 5240 5249
5251 #EA 5239 5250
5252 #EA 4064 25
5253 #EA 5070 5252
5254 #EA 3983 5253
5255 #EA 1888 5254
5256 #EA 5255 2580
5257 #EA 4948 5256
5258 #EA 3983 5252
5259 #EA 1888 5258
5260 #EA 5259 2580
5261 #EA 5257 5260
5262 #EA 4931 5254
5263 #EA 5262 5258
5264 #EA 4934 2601
5265 #EL #BD 1057 13 5264
5266 #EA 5263 5265
5267 #EA 4938 344
5268 #EA 5267 5252
5269 #EA 5268 2
5270 #EA 5266 5269
5271 #EA 5261 5270
5272 #EA 5271 5
5273 #EA 184 5272
5274 #EA 5251 5273
1078 #NS 0 hxsh
5275 #EA 3985 2657
5276 #EA 5275 3981
5277 #EA 4866 5276
5278 #EA 3997 5277
5279 #EA 5163 283
5280 #EA 5099 5279
5281 #EA 5278 5280
5282 #EL #BD 1067 1010 5281
5283 #EA 5153 5282
5284 #EA 5084 5
5285 #EA 5283 5284
5286 #EA 4894 5242
5287 #EA 5084 5286
5288 #EA 3997 5287
5289 #EA 5288 5246
5290 #EA 4644 5289
5291 #EA 4653 5289
5292 #EA 5288 5287
5293 #EA 5291 5292
5294 #EA 5293 1715
5295 #EA 4905 5246
5296 #EA 5295 5287
5297 #EA 5296 5288
5298 #EA 4904 1010
5299 #EA 5298 5245
5300 #EA 5299 5286
5301 #EA 5300 5084
5302 #EA 4040 5286
5303 #EA 5302 5245
5304 #EA 5303 2
5305 #EA 5301 5304
5306 #EA 5297 5305
5307 #EA 5294 5306
5308 #EA 4877 1010
5309 #EA 5308 5287
5310 #EA 5307 5309
5311 #EA 5290 5310
5312 #EA 5285 5311
5313 #EL #BD 1078 5237 5312
5314 #EL #BD 1067 1010 5313
5315 #EA 5274 5314
5316 #EZ 1077 5232 5234 5315
5317 #EL #BD 1066 5230 5316
5318 #EL #BD 1065 5226 5317
5319 #EL #BD 514 5223 5318
5320 #EA 5216 5319
5321 #EA 5320 68
5322 #EA 4040 68
5323 #EA 5322 3987
5324 #EA 5323 2
5325 #EA 5321 5324
5326 #EA 5325 25
5327 #EA 5326 22
5328 #EA 5327 21
5329 #EL #BD 1076 5186 5328
5330 #EL #BD 1056 1010 5329
5331 #EL #BD 83 13 5330
5332 #EA 5185 5331
5333 #EA 4033 21
5334 #EA 5332 5333
5335 #EL #BD 1066 5067 5334
5336 #EL #BD 1065 4062 5335
5337 #EL #BD 514 5065 5336
5338 #EL #BD 1056 1010 5337
5339 #EL #BD 52 13 5338
5340 #EA 5055 5339
5341 #EA 5340 7
5342 #EA 5341 5
5343 #EA 5342 2
5344 #EL #BD 1066 5019 5343
5345 #EL #BD 1065 3982 5344
5346 #EL #BD 224 1010 5345
5347 #EL #BD 22 13 5346
#DEF 1064 5030 5347 
1079 #NS 1 getLast?
1080 #NS 1079 match_1
1081 #NI 27 417363870
1082 #NS 1081 _hygCtx
1083 #NI 1082 10
1084 #NS 1083 Init
1085 #NS 1084 Data
1086 #NS 1085 List
1087 #NS 1086 Basic
1088 #NI 1087 417363870
1089 #NS 1088 _hygCtx
1090 #NS 1089 _hyg
1091 #NI 1090 21
5348 #EP #BD 1091 57 58
5349 #EA 7 263
5350 #EP #BD 370 1519 5349
5351 #EA 268 5
5352 #EA 5351 2
5353 #EA 22 5352
5354 #EP #BD 53 3794 5353
5355 #EP #BD 52 21 5354
5356 #EP #BD 51 5355 32
5357 #EP #BD 49 5350 5356
5358 #EP #BD 1091 61 5357
5359 #EP #BD 13 5348 5358
5360 #EP #BI 3 55 5359
5361 #EA 87 22
5362 #EL #BD 22 3794 203
5363 #EA 5361 5362
5364 #EA 5363 7
5365 #EA 5364 1565
1092 #NI 60 417363870
1093 #NS 1092 _hygCtx
1094 #NS 1093 _hyg
1095 #NI 1094 61
1096 #NI 69 417363870
1097 #NS 1096 _hygCtx
1098 #NS 1097 _hyg
1099 #NI 1098 62
5366 #EL #BD 1099 67 97
5367 #EL #BD 1095 22 5366
5368 #EA 5365 5367
5369 #EL #BD 51 5355 5368
5370 #EL #BD 49 5350 5369
5371 #EL #BD 1091 61 5370
5372 #EL #BD 13 5348 5371
5373 #EL #BI 3 55 5372
#DEF 1080 5360 5373 15 48
1100 #NS 1 filter
1101 #NS 1100 match_1
1102 #NI 27 2342288710
1103 #NS 1102 _hygCtx
1104 #NS 1103 _hyg
1105 #NI 1104 50
5374 #EP #BD 370 1519 1505
5375 #EP #BD 370 1519 1523
5376 #EP #BD 51 5375 32
5377 #EP #BD 49 5374 5376
5378 #EP #BD 1105 1314 5377
5379 #EP #BD 13 1521 5378
5380 #EL #BD 22 1314 203
5381 #EA 1543 5380
5382 #EA 5381 7
5383 #EA 5382 1567
5384 #EA 5383 1565
5385 #EL #BD 51 5375 5384
5386 #EL #BD 49 5374 5385
5387 #EL #BD 1105 1314 5386
5388 #EL #BD 13 1521 5387
#DEF 1101 5379 5388 15
1106 #NS 1100 _f
5389 #EP #BD 79 2 1314
1107 #NI 1104 13
5390 #EA 759 7
5391 #EL #BD 1107 8 155
5392 #EA 5390 5391
5393 #EA 5392 2
5394 #EP #BD 96 5393 155
5395 #EP #BD 1107 6 5394
5396 #EP #BD 270 5389 5395
5397 #EP #BI 3 0 5396
5398 #EC 1080 1 2
5399 #EA 5398 21
1108 #NI 1103 13
1109 #NS 1108 Init
1110 #NS 1109 Data
1111 #NS 1110 List
1112 #NS 1111 Basic
1113 #NI 1112 2342288710
1114 #NS 1113 _hygCtx
1115 #NS 1114 _hyg
1116 #NI 1115 24
1117 #NI 1104 73
5400 #EL #BD 1107 23 42
5401 #EA 799 5400
5402 #EA 5401 2
5403 #EP #BD 1117 5402 42
5404 #EL #BD 1116 155 5403
5405 #EA 5399 5404
5406 #EA 5405 5
5407 #EA 5401 779
5408 #EL #BD 1117 5407 802
5409 #EL #BD 370 1519 5408
5410 #EA 5406 5409
5411 #EL #BD 1107 42 455
5412 #EA 781 5411
5413 #EA 5412 28
5414 #EC 1101 2
5415 #EL #BD 1105 1314 631
5416 #EA 5414 5415
5417 #EA 5416 2154
5418 #EJ 86 0 5
5419 #EA 846 5418
5420 #EL #BD 370 1519 5419
5421 #EA 5417 5420
5422 #EL #BD 370 1519 5418
5423 #EA 5421 5422
5424 #EL #BD 1117 5413 5423
5425 #EL #BD 53 23 5424
5426 #EL #BD 52 21 5425
5427 #EA 5410 5426
5428 #EA 5427 2
5429 #EL #BD 96 5393 5428
5430 #EL #BD 1107 6 5429
5431 #EL #BD 270 5389 5430
5432 #EL #BI 3 0 5431
#DEF 1106 5397 5432 4
5433 #EP #BD 270 5389 9
5434 #EP #BI 3 0 5433
5435 #EA 900 5391
5436 #EA 5435 2
5437 #EC 1106 1
5438 #EA 5437 7
5439 #EA 5438 5
5440 #EA 5436 5439
5441 #EL #BD 1107 6 5440
5442 #EL #BD 270 5389 5441
5443 #EL #BI 3 0 5442
#DEF 1100 5434 5443 4
1118 #NS 823 filter_append
1119 #NS 1118 match_1_1
1120 #NS 26 Lemmas
1121 #NI 1120 1992830483
1122 #NS 1121 _hygCtx
1123 #NI 1122 32
1124 #NS 1123 Init
1125 #NS 1124 Data
1126 #NS 1125 List
1127 #NS 1126 Lemmas
1128 #NI 1127 1992830483
1129 #NS 1128 _hygCtx
1130 #NS 1129 _hyg
1131 #NI 1130 51
1132 #NI 1122 33
1133 #NS 1132 Init
1134 #NS 1133 Data
1135 #NS 1134 List
1136 #NS 1135 Lemmas
1137 #NI 1136 1992830483
1138 #NS 1137 _hygCtx
1139 #NS 1138 _hyg
1140 #NI 1139 54
5444 #EP #BD 1140 61 108
5445 #EP #BD 1131 57 5444
5446 #EP #BD 13 5445 4160
5447 #EP #BI 3 55 5446
5448 #EA 4602 25
5449 #EA 5448 90
5450 #EA 5449 21
5451 #EA 5450 93
5452 #EA 5451 100
5453 #EL #BD 51 4156 5452
5454 #EL #BD 49 4153 5453
5455 #EL #BD 1140 256 5454
5456 #EL #BD 1131 61 5455
5457 #EL #BD 13 5445 5456
5458 #EL #BI 3 55 5457
#DEF 1119 5447 5458 15
1141 #NS 1100 eq_2
5459 #EC 1100 1
5460 #EA 5459 21
5461 #EA 5460 7
5462 #EA 4341 5
5463 #EA 5462 2
5464 #EA 5461 5463
5465 #EA 4330 5464
5466 #EL #BD 1105 1314 23
5467 #EA 5414 5466
5468 #EA 5467 96
5469 #EA 821 7
5470 #EA 5459 22
5471 #EA 5470 21
5472 #EA 5471 5
5473 #EA 5469 5472
5474 #EL #BD 370 1519 5473
5475 #EA 5468 5474
5476 #EL #BD 370 1519 5472
5477 #EA 5475 5476
5478 #EA 5465 5477
5479 #EP #BD 53 8 5478
5480 #EP #BD 52 5 5479
5481 #EP #BD 270 5389 5480
5482 #EP #BI 3 0 5481
5483 #EC 81 2
5484 #EA 5483 155
5485 #EA 5484 5464
5486 #EL #BD 53 8 5485
5487 #EL #BD 52 5 5486
5488 #EL #BD 270 5389 5487
5489 #EL #BI 3 0 5488
#DEF 1141 5482 5489 4
1142 #NS 823 filter
1143 #NS 1142 match_1
1144 #NS 1143 splitter
5490 #EC 1101 4
#DEF 1144 5379 5490 15
1145 #NS 1 filter_append
1146 #NS 1145 _f
1147 #NS 1122 _hyg
1148 #NI 1147 32
5491 #EC 92 0 4
5492 #EA 5491 7
1149 #NI 1147 33
5493 #EC 1100 4
5494 #EA 5493 22
5495 #EA 5494 21
5496 #EA 4612 5
5497 #EA 5496 2
5498 #EA 5495 5497
5499 #EA 3825 5498
5500 #EA 5495 5
5501 #EA 4612 5500
5502 #EA 5495 2
5503 #EA 5501 5502
5504 #EA 5499 5503
5505 #EP #BD 1149 261 5504
5506 #EL #BD 1148 256 5505
5507 #EA 5492 5506
5508 #EA 5507 2
5509 #EA 4612 7
5510 #EA 5509 2
5511 #EA 5495 5510
5512 #EA 3825 5511
5513 #EA 5495 7
5514 #EA 4612 5513
5515 #EA 5514 5502
5516 #EA 5512 5515
5517 #EP #BD 1149 261 5516
5518 #EP #BD 96 5508 5517
5519 #EP #BD 1148 61 5518
5520 #EP #BI 270 5389 5519
5521 #EP #BI 3 55 5520
5522 #EC 1119 4
5523 #EA 5522 22
1150 #NI 1147 112
5524 #EA 5491 68
5525 #EA 914 284
5526 #EA 5493 283
5527 #EA 5526 70
5528 #EA 4577 284
5529 #EA 5528 284
5530 #EA 5529 284
5531 #EA 4581 284
5532 #EA 4583 283
5533 #EA 5531 5532
5534 #EA 5530 5533
5535 #EA 5534 5
5536 #EA 5535 2
5537 #EA 5527 5536
5538 #EA 5525 5537
5539 #EA 5527 5
5540 #EA 5534 5539
5541 #EA 5527 2
5542 #EA 5540 5541
5543 #EA 5538 5542
5544 #EP #BD 1149 282 5543
5545 #EL #BD 1148 95 5544
5546 #EA 5524 5545
5547 #EA 5546 5
5548 #EA 5493 70
5549 #EA 5548 68
5550 #EA 4577 282
5551 #EA 5550 282
5552 #EA 5551 282
5553 #EA 4581 282
5554 #EA 4583 70
5555 #EA 5553 5554
5556 #EA 5552 5555
5557 #EA 5556 7
5558 #EA 5557 5
5559 #EA 5549 5558
5560 #EA 3808 5559
5561 #EA 5549 7
5562 #EA 5556 5561
5563 #EA 5549 5
5564 #EA 5562 5563
5565 #EA 5560 5564
5566 #EP #BD 1150 5547 5565
5567 #EL #BD 1140 67 5566
5568 #EL #BD 1131 3794 5567
5569 #EA 5523 5568
5570 #EA 5569 7
5571 #EA 5570 2
1151 #NI 1147 63
5572 #EA 5491 25
5573 #EA 5556 5
5574 #EA 5573 2
5575 #EA 5549 5574
5576 #EA 3808 5575
5577 #EA 5556 5563
5578 #EA 5549 2
5579 #EA 5577 5578
5580 #EA 5576 5579
5581 #EP #BD 1149 95 5580
5582 #EL #BD 1148 67 5581
5583 #EA 5572 5582
5584 #EA 5583 270
5585 #EC 144 5
5586 #EA 5585 95
5587 #EA 5493 68
5588 #EA 5587 25
5589 #EA 4714 276
5590 #EA 5589 5
5591 #EA 5588 5590
5592 #EA 5586 5591
5593 #EL #BD 1150 5584 5592
5594 #EL #BD 1151 3794 5593
5595 #EA 5571 5594
1152 #NS 0 l₁
1153 #NS 0 l₂
5596 #EA 5491 70
5597 #EA 914 334
5598 #EA 5493 294
5599 #EA 5598 283
5600 #EA 4577 334
5601 #EA 5600 334
5602 #EA 5601 334
5603 #EA 4581 334
5604 #EA 4583 294
5605 #EA 5603 5604
5606 #EA 5602 5605
5607 #EA 5606 5
5608 #EA 5607 2
5609 #EA 5599 5608
5610 #EA 5597 5609
5611 #EA 5599 5
5612 #EA 5606 5611
5613 #EA 5599 2
5614 #EA 5612 5613
5615 #EA 5610 5614
5616 #EP #BD 1149 284 5615
5617 #EL #BD 1148 282 5616
5618 #EA 5596 5617
5619 #EA 5618 73
5620 #EA 286 21
5621 #EA 5620 7
5622 #EA 5534 5621
5623 #EA 5622 5
5624 #EA 5527 5623
5625 #EA 5525 5624
5626 #EA 5527 5621
5627 #EA 5534 5626
5628 #EA 5627 5539
5629 #EA 5625 5628
5630 #EA 4886 5629
5631 #EC 1101 5
5632 #EL #BD 1105 1314 334
5633 #EA 5631 5632
5634 #EA 5633 1114
5635 #EA 295 22
5636 #EA 5606 21
5637 #EA 5636 7
5638 #EA 5599 5637
5639 #EA 5635 5638
5640 #EL #BD 370 1519 5639
5641 #EA 5634 5640
5642 #EL #BD 370 1519 5638
5643 #EA 5641 5642
5644 #EA 5525 5643
5645 #EA 5599 21
5646 #EA 5635 5645
5647 #EL #BD 370 1519 5646
5648 #EA 5634 5647
5649 #EL #BD 370 1519 5645
5650 #EA 5648 5649
5651 #EA 5534 5650
5652 #EA 5651 5539
5653 #EA 5644 5652
5654 #EA 5630 5653
5655 #EA 4242 5629
5656 #EA 5655 5653
5657 #EA 4063 5656
5658 #EC 982 5 3
5659 #EA 5658 284
5660 #EA 5659 108
5661 #EA 5660 5625
5662 #EA 5661 5644
5663 #EC 441 5 5
5664 #EA 5663 284
5665 #EP #BD 79 284 108
5666 #EA 5664 5665
5667 #EA 5666 5624
5668 #EA 5667 5643
5669 #EA 5668 5525
5670 #EC 1141 4
5671 #EA 5670 283
5672 #EA 5671 70
5673 #EA 5672 21
5674 #EA 5534 7
5675 #EA 5674 5
5676 #EA 5673 5675
5677 #EA 5669 5676
5678 #EA 5662 5677
5679 #EA 5678 5652
5680 #EA 5657 5679
5681 #EA 5654 5680
5682 #EC 1144 0
1154 #NI 1103 50
1155 #NS 1154 Init
1156 #NS 1155 Data
1157 #NS 1156 List
1158 #NS 1157 Lemmas
1159 #NI 1158 1992830483
1160 #NS 1159 _hygCtx
1161 #NS 1160 _hyg
1162 #NI 1161 94
5683 #EA 283 22
5684 #EA 1594 5683
5685 #EA 5684 2
5686 #EA 914 336
5687 #EL #BD 1105 1314 363
5688 #EA 5631 5687
5689 #EA 294 25
5690 #EA 5688 5689
5691 #EA 345 68
5692 #EA 5493 344
5693 #EA 5692 335
5694 #EA 4577 363
5695 #EA 5694 363
5696 #EA 5695 363
5697 #EA 4581 363
5698 #EA 4583 344
5699 #EA 5697 5698
5700 #EA 5696 5699
5701 #EA 5700 25
5702 #EA 5701 22
5703 #EA 5693 5702
5704 #EA 5691 5703
5705 #EL #BD 370 1519 5704
5706 #EA 5690 5705
5707 #EL #BD 370 1519 5703
5708 #EA 5706 5707
5709 #EA 5686 5708
5710 #EA 4577 336
5711 #EA 5710 336
5712 #EA 5711 336
5713 #EA 4581 336
5714 #EA 4583 335
5715 #EA 5713 5714
5716 #EA 5712 5715
5717 #EA 5693 25
5718 #EA 5691 5717
5719 #EL #BD 370 1519 5718
5720 #EA 5690 5719
5721 #EL #BD 370 1519 5717
5722 #EA 5720 5721
5723 #EA 5716 5722
5724 #EA 5493 335
5725 #EA 5724 294
5726 #EA 5725 21
5727 #EA 5723 5726
5728 #EA 5709 5727
5729 #EP #BD 119 5685 5728
5730 #EL #BD 1162 1314 5729
5731 #EA 5682 5730
5732 #EA 5731 1114
1163 #NS 370 _@
1164 #NS 1163 Init
1165 #NS 1164 Data
1166 #NS 1165 List
1167 #NS 1166 Lemmas
1168 #NI 1167 1992830483
1169 #NS 1168 _hygCtx
1170 #NS 1169 _hyg
1171 #NI 1170 95
1172 #NI 842 1992830483
1173 #NS 1172 _hygCtx
1174 #NS 1173 _hyg
1175 #NI 1174 96
5733 #EA 5684 1468
5734 #EA 2435 1314
5735 #EA 5734 1468
1176 #NS 0 heq
1177 #NS 1176 _@
1178 #NS 1177 Init
1179 #NS 1178 Data
1180 #NS 1179 List
1181 #NS 1180 Lemmas
1182 #NI 1181 1992830483
1183 #NS 1182 _hygCtx
1184 #NS 1183 _hyg
1185 #NI 1184 93
5736 #EA 335 68
5737 #EA 1594 5736
5738 #EA 5737 2
5739 #EA 56 675
5740 #EA 914 5739
5741 #EA 56 2404
5742 #EL #BD 1105 1314 5741
5743 #EA 5631 5742
5744 #EA 5743 5
5745 #EA 69 2404
5746 #EA 5745 283
5747 #EA 5493 2404
5748 #EA 5747 675
5749 #EA 4577 5741
5750 #EA 5749 5741
5751 #EA 5750 5741
5752 #EA 4581 5741
5753 #EA 4583 2404
5754 #EA 5752 5753
5755 #EA 5751 5754
5756 #EA 5755 70
5757 #EA 5756 68
5758 #EA 5748 5757
5759 #EA 5746 5758
5760 #EL #BD 370 1519 5759
5761 #EA 5744 5760
5762 #EL #BD 370 1519 5758
5763 #EA 5761 5762
5764 #EA 5740 5763
5765 #EA 4577 5739
5766 #EA 5765 5739
5767 #EA 5766 5739
5768 #EA 4581 5739
5769 #EA 4583 675
5770 #EA 5768 5769
5771 #EA 5767 5770
5772 #EA 5748 70
5773 #EA 5746 5772
5774 #EL #BD 370 1519 5773
5775 #EA 5744 5774
5776 #EL #BD 370 1519 5772
5777 #EA 5775 5776
5778 #EA 5771 5777
5779 #EA 5493 675
5780 #EA 5779 344
5781 #EA 5780 25
5782 #EA 5778 5781
5783 #EA 5764 5782
5784 #EP #BD 1185 5738 5783
5785 #EL #BD 1105 1314 5784
5786 #EA 5735 5785
5787 #EA 1594 5689
5788 #EA 5787 1468
5789 #EA 914 363
5790 #EL #BD 1105 1314 5739
5791 #EA 5631 5790
5792 #EA 5791 1468
5793 #EA 69 675
5794 #EA 5793 70
5795 #EA 5771 68
5796 #EA 5795 25
5797 #EA 5780 5796
5798 #EA 5794 5797
5799 #EL #BD 370 1519 5798
5800 #EA 5792 5799
5801 #EL #BD 370 1519 5797
5802 #EA 5800 5801
5803 #EA 5789 5802
5804 #EA 5780 68
5805 #EA 5794 5804
5806 #EL #BD 370 1519 5805
5807 #EA 5792 5806
5808 #EL #BD 370 1519 5804
5809 #EA 5807 5808
5810 #EA 5700 5809
5811 #EA 5693 22
5812 #EA 5810 5811
5813 #EA 5803 5812
5814 #EA 4063 5813
5815 #EA 5789 5704
5816 #EA 5700 5717
5817 #EA 5816 5811
5818 #EA 5691 5817
5819 #EA 5815 5818
5820 #EA 4644 5819
5821 #EA 4653 5819
5822 #EA 5789 5818
5823 #EA 5822 5818
5824 #EA 5821 5823
5825 #EA 5824 1715
5826 #EA 5658 363
5827 #EA 5826 108
5828 #EA 5827 5815
5829 #EA 5828 5822
5830 #EA 5663 363
5831 #EP #BD 79 363 108
5832 #EA 5830 5831
5833 #EA 5832 5704
5834 #EA 5833 5818
5835 #EA 5834 5789
5836 #EA 5830 363
5837 #EA 5836 5703
5838 #EA 5837 5817
5839 #EA 5838 5691
5840 #EJ 86 0 21
5841 #EA 5840 22
5842 #EA 5839 5841
5843 #EA 5835 5842
5844 #EA 5829 5843
5845 #EA 5844 5818
5846 #EA 5825 5845
5847 #EA 4677 363
5848 #EA 5847 5818
5849 #EA 5846 5848
5850 #EA 5820 5849
5851 #EA 5814 5850
5852 #EL #BD 1185 5788 5851
5853 #EA 5786 5852
5854 #EA 5853 5689
5855 #EA 2565 1314
5856 #EA 5855 5689
5857 #EA 5856 1468
5858 #EA 5857 2
5859 #EA 5854 5858
5860 #EA 2034 5689
5861 #EA 5859 5860
5862 #EL #BD 1175 5733 5861
5863 #EL #BD 1171 1519 5862
5864 #EA 5732 5863
1186 #NI 1170 97
1187 #NI 1174 98
5865 #EA 5684 1473
5866 #EA 5734 1473
5867 #EA 5866 5785
5868 #EA 5787 1473
5869 #EA 5791 1473
5870 #EA 5869 5799
5871 #EA 5870 5801
5872 #EA 5789 5871
5873 #EA 5869 5806
5874 #EA 5873 5808
5875 #EA 5700 5874
5876 #EA 5875 5811
5877 #EA 5872 5876
5878 #EA 4063 5877
5879 #EA 5789 5703
5880 #EA 5879 5817
5881 #EA 4644 5880
5882 #EA 4653 5880
5883 #EA 5789 5817
5884 #EA 5883 5817
5885 #EA 5882 5884
5886 #EA 5885 1715
5887 #EA 5827 5879
5888 #EA 5887 5883
5889 #EA 5832 5703
5890 #EA 5889 5817
5891 #EA 5890 5789
5892 #EA 5891 5841
5893 #EA 5888 5892
5894 #EA 5893 5817
5895 #EA 5886 5894
5896 #EA 5847 5817
5897 #EA 5895 5896
5898 #EA 5881 5897
5899 #EA 5878 5898
5900 #EL #BD 1185 5868 5899
5901 #EA 5867 5900
5902 #EA 5901 5689
5903 #EA 5856 1473
5904 #EA 5903 2
5905 #EA 5902 5904
5906 #EA 5905 5860
5907 #EL #BD 1187 5865 5906
5908 #EL #BD 1186 1519 5907
5909 #EA 5864 5908
5910 #EA 2034 1114
5911 #EA 5909 5910
5912 #EA 5681 5911
5913 #EL #BD 1150 5619 5912
5914 #EL #BD 1153 95 5913
5915 #EL #BD 1152 67 5914
5916 #EL #BD 52 22 5915
5917 #EA 5595 5916
5918 #EA 5917 5
5919 #EL #BD 1149 261 5918
5920 #EL #BD 96 5508 5919
5921 #EL #BD 1148 61 5920
5922 #EL #BI 270 5389 5921
5923 #EL #BI 3 55 5922
#DEF 1146 5521 5923 15
5924 #EA 5493 21
5925 #EA 5924 7
5926 #EA 4577 261
5927 #EA 5926 261
5928 #EA 5927 261
5929 #EA 4581 261
5930 #EA 4583 21
5931 #EA 5929 5930
5932 #EA 5928 5931
5933 #EA 5932 5
5934 #EA 5933 2
5935 #EA 5925 5934
5936 #EA 3784 5935
5937 #EA 5925 5
5938 #EA 5932 5937
5939 #EA 5925 2
5940 #EA 5938 5939
5941 #EA 5936 5940
5942 #EP #BD 1153 256 5941
5943 #EP #BD 1152 61 5942
5944 #EP #BI 270 5389 5943
5945 #EP #BI 3 55 5944
5946 #EC 93 0 4
5947 #EA 5946 21
5948 #EA 5493 25
5949 #EA 5948 22
5950 #EA 4765 2
5951 #EA 5949 5950
5952 #EA 3800 5951
5953 #EA 5949 5
5954 #EA 4735 5953
5955 #EA 5949 2
5956 #EA 5954 5955
5957 #EA 5952 5956
5958 #EP #BD 1149 3794 5957
5959 #EL #BD 1148 261 5958
5960 #EA 5947 5959
5961 #EA 5960 5
5962 #EC 1146 4
5963 #EA 5962 21
5964 #EA 5963 7
5965 #EA 5961 5964
5966 #EA 5965 2
5967 #EL #BD 1149 256 5966
5968 #EL #BD 1148 61 5967
5969 #EL #BI 270 5389 5968
5970 #EL #BI 3 55 5969
#DEF 1145 5945 5970 15
1188 #NS 417 Core
1189 #NI 1188 0
1190 #NS 1189 if_neg
1191 #NS 1190 match_1_1
1192 #NI 961 3605429635
1193 #NS 1192 _hygCtx
1194 #NS 1193 _hyg
1195 #NI 1194 27
5971 #EP #BD 1195 1195 108
5972 #EA 1202 21
5973 #EA 5972 2
5974 #EA 7 5973
5975 #EP #BD 1058 7 5974
1196 #NI 1194 42
5976 #EA 1197 22
5977 #EA 5976 2
5978 #EA 21 5977
5979 #EP #BD 1196 1239 5978
5980 #EP #BD 51 5979 32
5981 #EP #BD 49 5975 5980
5982 #EP #BD 1195 1171 5981
5983 #EP #BD 13 5971 5982
5984 #EP #BI 280 108 5983
5985 #EC 275 0
5986 #EA 5985 22
5987 #EA 1170 22
5988 #EL #BD 22 5987 203
5989 #EA 5986 5988
5990 #EA 5989 7
1197 #NI 1194 46
5991 #EL #BD 1197 1215 1219
5992 #EA 5990 5991
1198 #NI 1194 47
5993 #EL #BD 1198 22 1216
5994 #EA 5992 5993
5995 #EL #BD 51 5979 5994
5996 #EL #BD 49 5975 5995
5997 #EL #BD 1195 1171 5996
5998 #EL #BD 13 5971 5997
5999 #EL #BI 280 108 5998
#DEF 1191 5984 5999 
1199 #NS 0 if_neg
1200 #NS 0 hnc
6000 #EA 124 5
6001 #EC 279 1
6002 #EA 6001 7
6003 #EA 6002 25
6004 #EA 6003 22
6005 #EA 6004 5
6006 #EA 6005 2
6007 #EA 126 6006
6008 #EA 6007 2
6009 #EP #BI 281 5 6008
6010 #EP #BI 14 2 6009
6011 #EP #BI 3 122 6010
6012 #EP #BD 1200 6000 6011
6013 #EP #BI 119 1195 6012
6014 #EP #BI 280 108 6013
6015 #EC 1191 
6016 #EA 6015 25
6017 #EA 1170 25
6018 #EA 6001 21
6019 #EA 6018 68
6020 #EA 6019 2
6021 #EA 6020 7
6022 #EA 6021 5
6023 #EA 530 6022
6024 #EA 6023 5
6025 #EL #BD 1195 6017 6024
6026 #EA 6016 6025
6027 #EA 6026 22
6028 #EA 3562 68
6029 #EA 1202 68
6030 #EA 6029 2
6031 #EA 6019 6030
6032 #EA 6031 7
6033 #EA 6032 5
6034 #EA 530 6033
6035 #EA 6034 5
6036 #EA 6028 6035
6037 #EA 6036 2
6038 #EA 6037 22
6039 #EL #BD 1058 25 6038
6040 #EA 6027 6039
6041 #EA 124 25
6042 #EA 1197 68
6043 #EA 6042 2
6044 #EA 6019 6043
6045 #EA 6044 7
6046 #EA 6045 5
6047 #EA 2294 6046
6048 #EL #BD 1196 6041 6047
6049 #EA 6040 6048
6050 #EL #BI 281 5 6049
6051 #EL #BI 14 2 6050
6052 #EL #BI 3 122 6051
6053 #EL #BD 1200 6000 6052
6054 #EL #BI 119 1195 6053
6055 #EL #BI 280 108 6054
#DEF 1199 6014 6055 4
1201 #NS 419 eq_false_of_ne_true
1202 #NS 1201 match_1_1
1203 #NI 139 2703550911
1204 #NS 1203 _hygCtx
1205 #NI 1204 14
1206 #NS 1205 Init
1207 #NS 1206 Prelude
1208 #NI 1207 2703550911
1209 #NS 1208 _hygCtx
1210 #NS 1209 _hyg
1211 #NI 1210 33
1212 #NI 1204 15
1213 #NS 1212 Init
1214 #NS 1213 Prelude
1215 #NI 1214 2703550911
1216 #NS 1215 _hygCtx
1217 #NS 1216 _hyg
1218 #NI 1217 36
6056 #EA 1594 2
6057 #EA 6056 1468
6058 #EA 124 6057
6059 #EP #BD 1218 6058 108
6060 #EP #BD 1211 1314 6059
6061 #EA 124 1668
6062 #EA 21 1468
6063 #EA 6062 2
6064 #EP #BD 119 6061 6063
1219 #NS 1204 _hyg
1220 #NI 1219 55
6065 #EA 124 1647
6066 #EA 1526 2
6067 #EP #BD 1220 6065 6066
6068 #EP #BD 51 6067 80
6069 #EP #BD 49 6064 6068
6070 #EP #BD 1218 6058 6069
6071 #EP #BD 1211 1314 6070
6072 #EP #BD 13 6060 6071
6073 #EC 350 0
6074 #EA 68 5
6075 #EA 6074 2
6076 #EP #BD 1218 6058 6075
6077 #EL #BD 22 1314 6076
6078 #EA 6073 6077
6079 #EA 6078 21
6080 #EL #BD 1218 6065 1219
6081 #EA 6079 6080
6082 #EL #BD 1218 6061 1216
6083 #EA 6081 6082
6084 #EA 6083 7
6085 #EL #BD 51 6067 6084
6086 #EL #BD 49 6064 6085
6087 #EL #BD 1218 6058 6086
6088 #EL #BD 1211 1314 6087
6089 #EL #BD 13 6060 6088
#DEF 1202 6072 6089 
1221 #NS 0 eq_false_of_ne_true
6090 #EA 1595 1473
6091 #EP #BD 79 6058 6090
6092 #EP #BI 83 1314 6091
1222 #NI 1219 14
1223 #NI 1219 15
6093 #EC 1202 
6094 #EL #BD 1218 6058 6090
6095 #EL #BD 1211 1314 6094
6096 #EA 6093 6095
6097 #EA 6096 5
6098 #EA 6097 2
6099 #EA 1995 1659
6100 #EA 2 1670
6101 #EA 6099 6100
6102 #EL #BD 119 6061 6101
6103 #EA 6098 6102
6104 #EL #BD 1220 6065 1643
6105 #EA 6103 6104
6106 #EL #BD 1223 6058 6105
6107 #EL #BD 1222 1314 6106
#DEF 1221 6092 6107 
1224 #NS 1 filter_cons_of_neg
1225 #NS 0 pa
6108 #EA 1594 96
6109 #EA 6108 1468
6110 #EA 124 6109
6111 #EA 3796 7
6112 #EA 6111 5
6113 #EA 5495 6112
6114 #EA 3825 6113
6115 #EA 6114 5500
6116 #EP #BD 1225 6110 6115
6117 #EP #BI 244 256 6116
6118 #EP #BI 52 5 6117
6119 #EP #BI 270 5389 6118
6120 #EP #BI 3 55 6119
6121 #EA 4886 6115
6122 #EL #BD 1105 1314 67
6123 #EA 5631 6122
6124 #EA 6123 32
6125 #EA 268 21
6126 #EA 5949 7
6127 #EA 6125 6126
6128 #EL #BD 370 1519 6127
6129 #EA 6124 6128
6130 #EL #BD 370 1519 6126
6131 #EA 6129 6130
6132 #EA 3825 6131
6133 #EA 6132 5500
6134 #EA 6121 6133
6135 #EA 4242 6115
6136 #EA 6135 6133
6137 #EA 4063 6136
6138 #EC 441 5 3
6139 #EA 6138 3794
6140 #EA 6139 108
6141 #EA 6140 6113
6142 #EA 6141 6131
6143 #EA 3800 2
6144 #EA 6143 6126
6145 #EL #BD 1057 3794 6144
6146 #EA 6142 6145
6147 #EA 5670 22
6148 #EA 6147 21
6149 #EA 6148 7
6150 #EA 6149 5
6151 #EA 6146 6150
6152 #EA 6137 6151
6153 #EA 6134 6152
6154 #EA 4886 6133
6155 #EA 6123 1473
6156 #EA 6155 6128
6157 #EA 6156 6130
6158 #EA 3825 6157
6159 #EA 6158 5500
6160 #EA 6154 6159
6161 #EA 4242 6133
6162 #EA 6161 6159
6163 #EA 4063 6162
6164 #EA 4658 1314
6165 #EA 6164 108
6166 #EA 6165 32
6167 #EA 6166 1473
6168 #EL #BD 1105 1314 95
6169 #EA 5631 6168
6170 #EA 6169 2
6171 #EA 274 22
6172 #EA 5588 21
6173 #EA 6171 6172
6174 #EL #BD 370 1519 6173
6175 #EA 6170 6174
6176 #EL #BD 370 1519 6172
6177 #EA 6175 6176
6178 #EA 3800 6177
6179 #EA 6178 6126
6180 #EL #BD 1057 1314 6179
6181 #EA 6167 6180
6182 #EC 1221 
6183 #EA 6182 32
6184 #EA 6183 2
6185 #EA 6181 6184
6186 #EA 6163 6185
6187 #EA 6160 6186
6188 #EA 3850 6157
6189 #EA 6187 6188
6190 #EA 6153 6189
6191 #EL #BD 1225 6110 6190
6192 #EL #BI 244 256 6191
6193 #EL #BI 52 5 6192
6194 #EL #BI 270 5389 6193
6195 #EL #BI 3 55 6194
#DEF 1224 6120 6195 15
1226 #NS 1189 Bool
1227 #NS 1226 of_not_eq_true
1228 #NS 1227 match_1_1
#DEF 1228 6072 6089 
1229 #NS 304 of_not_eq_true
1230 #NI 956 2512034514
1231 #NS 1230 _hygCtx
1232 #NS 1231 _hyg
1233 #NI 1232 20
1234 #NI 1232 21
6196 #EC 1228 
6197 #EA 6196 6095
6198 #EA 6197 5
6199 #EA 6198 2
6200 #EA 3562 1668
6201 #EA 6200 1659
6202 #EA 6201 1670
6203 #EA 6202 2
6204 #EL #BD 119 6061 6203
6205 #EA 6199 6204
6206 #EA 6205 6104
6207 #EL #BD 1234 6058 6206
6208 #EL #BD 1233 1314 6207
#DEF 1229 6092 6208 
1235 #NS 304 false_eq_true
6209 #EA 4242 1647
6210 #EA 6209 110
6211 #EA 4644 6210
6212 #EA 4653 6210
6213 #EA 4242 110
6214 #EA 6213 110
6215 #EA 6212 6214
6216 #EA 6215 1715
6217 #EA 4670 6209
6218 #EA 6217 6213
6219 #EA 4673 1647
6220 #EA 6219 110
6221 #EA 6220 4242
6222 #EA 4764 1647
6223 #EA 2042 1473
6224 #EA 6223 1468
6225 #EA 6224 2
6226 #EA 4771 6225
6227 #EL #BD 119 1647 6226
6228 #EA 6222 6227
6229 #EA 6221 6228
6230 #EA 6218 6229
6231 #EA 6230 110
6232 #EA 6216 6231
6233 #EA 4877 108
6234 #EA 6233 110
6235 #EA 6232 6234
6236 #EA 6211 6235
#DEF 1235 6210 6236 
1236 #NS 0 not_false_eq_true
6237 #EA 124 110
6238 #EA 4242 6237
6239 #EA 6238 1715
6240 #EA 4301 6237
6241 #EA 6240 4771
#DEF 1236 6239 6241 
1237 #NS 1189 if_pos
1238 #NS 1237 match_1_1
#DEF 1238 5984 5999 
1239 #NS 0 if_pos
6242 #EA 6007 5
6243 #EP #BI 281 5 6242
6244 #EP #BI 14 2 6243
6245 #EP #BI 3 122 6244
6246 #EP #BD 1058 5 6245
6247 #EP #BI 119 1195 6246
6248 #EP #BI 280 108 6247
6249 #EC 1238 
6250 #EA 6249 25
1240 #NI 961 2554475610
1241 #NS 1240 _hygCtx
1242 #NS 1241 _hyg
1243 #NI 1242 24
6251 #EA 6023 7
6252 #EL #BD 1243 6017 6251
6253 #EA 6250 6252
6254 #EA 6253 22
1244 #NI 1242 31
6255 #EA 2294 6033
6256 #EL #BD 1244 25 6255
6257 #EA 6254 6256
6258 #EA 530 6046
6259 #EA 6258 7
6260 #EA 6028 6259
6261 #EA 6260 22
6262 #EA 6261 2
6263 #EL #BD 1200 6041 6262
6264 #EA 6257 6263
6265 #EL #BI 281 5 6264
6266 #EL #BI 14 2 6265
6267 #EL #BI 3 122 6266
6268 #EL #BD 1058 5 6267
6269 #EL #BI 119 1195 6268
6270 #EL #BI 280 108 6269
#DEF 1239 6248 6270 4
1245 #NS 1 filter_cons_of_pos
6271 #EA 6111 5500
6272 #EA 6114 6271
6273 #EP #BD 1225 6109 6272
6274 #EP #BI 244 256 6273
6275 #EP #BI 52 5 6274
6276 #EP #BI 270 5389 6275
6277 #EP #BI 3 55 6276
6278 #EA 4886 6272
6279 #EA 6132 6271
6280 #EA 6278 6279
6281 #EA 4242 6272
6282 #EA 6281 6279
6283 #EA 4063 6282
6284 #EA 6143 6127
6285 #EL #BD 1057 3794 6284
6286 #EA 6142 6285
6287 #EA 6286 6150
6288 #EA 6283 6287
6289 #EA 6280 6288
6290 #EA 4886 6279
6291 #EA 6123 1468
6292 #EA 6291 6128
6293 #EA 6292 6130
6294 #EA 3825 6293
6295 #EA 6294 6271
6296 #EA 6290 6295
6297 #EA 4242 6279
6298 #EA 6297 6295
6299 #EA 4063 6298
6300 #EA 6166 1468
6301 #EA 6178 6127
6302 #EL #BD 1057 1314 6301
6303 #EA 6300 6302
6304 #EA 6303 2
6305 #EA 6299 6304
6306 #EA 6296 6305
6307 #EA 3850 6293
6308 #EA 6306 6307
6309 #EA 6289 6308
6310 #EL #BD 1225 6109 6309
6311 #EL #BI 244 256 6310
6312 #EL #BI 52 5 6311
6313 #EL #BI 270 5389 6312
6314 #EL #BI 3 55 6313
#DEF 1245 6277 6314 15
1246 #NS 1 filter_cons
6315 #EP #BD 79 7 1314
6316 #EA 5924 2
6317 #EA 6316 926
6318 #EA 3784 6317
6319 #EA 1265 261
6320 #EA 1594 2164
6321 #EA 6320 1468
6322 #EA 6319 6321
6323 #EA 3584 2164
6324 #EA 6323 1468
6325 #EA 6322 6324
6326 #EA 6316 5
6327 #EA 925 6326
6328 #EA 6325 6327
6329 #EA 6328 6326
6330 #EA 6318 6329
6331 #EP #BI 270 6315 6330
6332 #EP #BI 224 61 6331
6333 #EP #BI 22 2 6332
6334 #EP #BI 3 55 6333
6335 #EA 5985 6321
6336 #EA 1170 6321
6337 #EA 5494 5
6338 #EA 6337 3798
6339 #EA 3825 6338
6340 #EA 1265 3794
6341 #EA 1594 1047
6342 #EA 6341 1468
6343 #EA 6340 6342
6344 #EA 3584 1047
6345 #EA 6344 1468
6346 #EA 6343 6345
6347 #EA 6337 7
6348 #EA 3797 6347
6349 #EA 6346 6348
6350 #EA 6349 6347
6351 #EA 6339 6350
6352 #EL #BD 22 6336 6351
6353 #EA 6335 6352
6354 #EA 6353 6324
1247 #NI 842 3492701902
1248 #NS 1247 _hygCtx
1249 #NS 1248 _hyg
1250 #NI 1249 88
6355 #EA 124 6321
6356 #EA 4886 6351
6357 #EA 6339 6347
6358 #EA 6356 6357
6359 #EA 4242 6351
6360 #EA 6359 6357
6361 #EA 4063 6360
6362 #EA 6140 6350
6363 #EA 6362 6347
6364 #EA 6363 6339
6365 #EC 1199 5
6366 #EA 6365 6342
6367 #EA 6366 6345
6368 #EA 6367 2
6369 #EA 6368 3794
6370 #EA 6369 6348
6371 #EA 6370 6347
6372 #EA 6364 6371
6373 #EA 6361 6372
6374 #EA 6358 6373
6375 #EA 4644 6357
6376 #EA 4653 6357
6377 #EA 3825 6347
6378 #EA 6377 6347
6379 #EA 6376 6378
6380 #EA 6379 1715
6381 #EA 5658 3794
6382 #EA 6381 108
6383 #EA 6382 6339
6384 #EA 6383 6377
6385 #EA 5663 3794
6386 #EP #BD 79 3794 108
6387 #EA 6385 6386
6388 #EA 6387 6338
6389 #EA 6388 6347
6390 #EA 6389 3825
6391 #EC 1224 4
6392 #EA 6391 22
6393 #EA 6392 5
6394 #EA 6393 21
6395 #EA 6394 7
6396 #EA 124 6342
6397 #EA 4644 6396
6398 #EA 4653 6396
6399 #EA 6398 6237
6400 #EA 6399 1715
6401 #EA 4660 6342
6402 #EA 6401 110
6403 #EA 6402 124
6404 #EA 4653 6342
6405 #EA 6404 1647
6406 #EA 6405 110
6407 #EA 4668 1314
6408 #EA 6407 108
6409 #EA 6408 6341
6410 #EA 6409 1638
6411 #EP #BD 79 1314 108
6412 #EA 6164 6411
6413 #EA 6412 1047
6414 #EA 6413 1473
6415 #EA 6414 1594
6416 #EC 1229 
6417 #EA 6416 1047
6418 #EA 6417 2
6419 #EA 6415 6418
6420 #EA 6410 6419
6421 #EA 6420 1468
6422 #EA 6406 6421
6423 #EC 1235 
6424 #EA 6422 6423
6425 #EA 6403 6424
6426 #EA 6400 6425
6427 #EC 1236 
6428 #EA 6426 6427
6429 #EA 6397 6428
6430 #EA 6395 6429
6431 #EA 6390 6430
6432 #EA 6384 6431
6433 #EA 6432 6347
6434 #EA 6380 6433
6435 #EA 4677 3794
6436 #EA 6435 6347
6437 #EA 6434 6436
6438 #EA 6375 6437
6439 #EA 6374 6438
6440 #EL #BD 1250 6355 6439
6441 #EA 6354 6440
6442 #EA 6339 6348
6443 #EA 6356 6442
6444 #EA 6359 6442
6445 #EA 4063 6444
6446 #EA 6362 6348
6447 #EA 6446 6339
6448 #EC 1239 5
6449 #EA 6448 6342
6450 #EA 6449 6345
6451 #EA 6450 2
6452 #EA 6451 3794
6453 #EA 6452 6348
6454 #EA 6453 6347
6455 #EA 6447 6454
6456 #EA 6445 6455
6457 #EA 6443 6456
6458 #EA 4644 6442
6459 #EA 4653 6442
6460 #EA 3825 6348
6461 #EA 6460 6348
6462 #EA 6459 6461
6463 #EA 6462 1715
6464 #EA 6383 6460
6465 #EA 6388 6348
6466 #EA 6465 3825
6467 #EC 1245 4
6468 #EA 6467 22
6469 #EA 6468 5
6470 #EA 6469 21
6471 #EA 6470 7
6472 #EA 4644 6342
6473 #EA 6404 1668
6474 #EA 6473 1715
6475 #EA 6409 1658
6476 #EA 6413 1468
6477 #EA 6476 1594
6478 #EA 6477 2
6479 #EA 6475 6478
6480 #EA 6479 1468
6481 #EA 6474 6480
6482 #EA 4877 1314
6483 #EA 6482 1468
6484 #EA 6481 6483
6485 #EA 6472 6484
6486 #EA 6471 6485
6487 #EA 6466 6486
6488 #EA 6464 6487
6489 #EA 6488 6348
6490 #EA 6463 6489
6491 #EA 6435 6348
6492 #EA 6490 6491
6493 #EA 6458 6492
6494 #EA 6457 6493
6495 #EL #BD 1250 6321 6494
6496 #EA 6441 6495
6497 #EL #BI 270 6315 6496
6498 #EL #BI 224 61 6497
6499 #EL #BI 22 2 6498
6500 #EL #BI 3 55 6499
#DEF 1246 6334 6500 15
1251 #NS 0 Subsingleton
1252 #NS 1251 intro
1253 #NS 0 allEq
6501 #EP #BD 83 5 128
6502 #EP #BD 52 2 6501
6503 #EC 1251 1
6504 #EA 6503 5
6505 #EP #BD 1253 6502 6504
6506 #EP #BI 3 122 6505
6507 #EP #BD 3 122 108
#IND 1 1251 6507 1 1252 6506 4
1254 #NS 1251 allEq
6508 #EA 6503 2
6509 #EP #BD 83 7 712
6510 #EP #BD 52 5 6509
6511 #EP #BC 218 6508 6510
6512 #EP #BI 3 122 6511
6513 #EJ 1251 0 2
6514 #EL #BC 218 6508 6513
6515 #EL #BD 3 122 6514
#DEF 1254 6512 6515 4
1255 #NS 1251 elim
6516 #EC 1254 1
6517 #EA 6516 5
6518 #EA 6517 2
6519 #EL #BC 119 6508 6518
6520 #EL #BI 3 122 6519
#DEF 1255 6512 6520 4
1256 #NS 1189 instSubsingletonDecidable
1257 #NS 1256 match_1
#DEF 1257 5984 5999 
1258 #NS 0 instSubsingletonDecidable
6521 #EC 1251 3
6522 #EA 6521 1195
6523 #EP #BD 270 108 6522
6524 #EC 1252 3
6525 #EA 6524 1195
1259 #NI 956 2342373409
1260 #NS 1259 _hygCtx
1261 #NS 1260 _hyg
1262 #NI 1261 15
6526 #EC 1257 
6527 #EA 6526 5
1263 #NI 1260 15
1264 #NS 1263 Init
1265 #NS 1264 Core
1266 #NI 1265 2342373409
1267 #NS 1266 _hygCtx
1268 #NS 1267 _hyg
1269 #NI 1268 24
6528 #EA 1170 7
6529 #EA 1593 1235
6530 #EA 6529 5
6531 #EA 6530 2
6532 #EP #BD 83 6528 6531
6533 #EL #BD 1269 1171 6532
6534 #EA 6527 6533
6535 #EA 6534 2
1270 #NS 0 t₁
1271 #NI 1261 33
6536 #EA 6526 21
1272 #NI 1260 33
1273 #NS 1272 Init
1274 #NS 1273 Core
1275 #NI 1274 2342373409
1276 #NS 1275 _hygCtx
1277 #NS 1276 _hyg
1278 #NI 1277 42
6537 #EA 1593 5987
6538 #EA 1203 7
6539 #EA 6537 6538
6540 #EA 6539 2
6541 #EL #BD 1278 1235 6540
6542 #EA 6536 6541
6543 #EA 6542 2
1279 #NI 961 2342373409
1280 #NS 1279 _hygCtx
1281 #NS 1280 _hyg
1282 #NI 1281 49
6544 #EA 1641 5987
6545 #EA 6544 6538
6546 #EL #BD 1282 21 6545
6547 #EA 6543 6546
6548 #EA 3562 22
6549 #EA 6539 5977
6550 #EA 6548 6549
6551 #EA 6550 7
6552 #EA 6551 2
6553 #EL #BD 1003 1239 6552
6554 #EA 6547 6553
6555 #EL #BD 1271 6528 6554
6556 #EL #BD 1270 5 6555
6557 #EA 6535 6556
1283 #NI 1261 73
1284 #NI 1260 73
1285 #NS 1284 Init
1286 #NS 1285 Core
1287 #NI 1286 2342373409
1288 #NS 1287 _hygCtx
1289 #NS 1288 _hyg
1290 #NI 1289 82
6558 #EA 5976 7
6559 #EA 6537 6558
6560 #EA 6559 2
6561 #EL #BD 1290 1235 6560
6562 #EA 6536 6561
6563 #EA 6562 2
1291 #NS 0 t₂
6564 #EA 6559 1204
6565 #EA 6548 6564
6566 #EA 6565 2
6567 #EA 6566 7
6568 #EL #BD 1291 21 6567
6569 #EA 6563 6568
1292 #NI 1281 98
6570 #EA 6544 6558
6571 #EL #BD 1292 1239 6570
6572 #EA 6569 6571
6573 #EL #BD 1283 6528 6572
6574 #EL #BD 1002 6000 6573
6575 #EA 6557 6574
6576 #EL #BD 1262 1195 6575
6577 #EA 6525 6576
6578 #EL #BD 270 108 6577
#DEF 1258 6523 6578 
1293 #NS 279 congr_simp
1294 #NS 0 e_c
6579 #EA 4280 2
1295 #NS 0 e_t
6580 #EA 4385 5
6581 #EA 6580 2
1296 #NS 0 e_e
6582 #EA 125 335
6583 #EA 6582 5
6584 #EA 6583 2
6585 #EA 125 344
6586 #EA 6001 344
6587 #EA 6586 335
6588 #EA 6587 70
6589 #EA 6588 25
6590 #EA 6589 7
6591 #EA 6585 6590
6592 #EA 6586 294
6593 #EA 6592 68
6594 #EA 6593 22
6595 #EA 6594 5
6596 #EA 6591 6595
6597 #EP #BD 1296 6584 6596
6598 #EP #BD 281 294 6597
6599 #EP #BD 281 283 6598
6600 #EP #BD 1295 6581 6599
6601 #EP #BD 14 68 6600
6602 #EP #BD 14 25 6601
6603 #EP #BC 119 6528 6602
6604 #EP #BI 119 6528 6603
6605 #EP #BD 1294 6579 6604
6606 #EP #BD 280 108 6605
6607 #EP #BD 280 108 6606
6608 #EP #BI 3 122 6607
6609 #EA 4247 7
6610 #EA 4242 21
6611 #EA 6610 2
6612 #EA 125 294
6613 #EA 6612 5
6614 #EA 6613 2
6615 #EA 125 675
6616 #EA 6615 5
6617 #EA 6616 2
6618 #EA 125 2404
6619 #EA 6001 2404
6620 #EA 6619 675
6621 #EA 6620 70
6622 #EA 6621 25
6623 #EA 6622 7
6624 #EA 6618 6623
6625 #EA 6619 294
6626 #EA 6625 68
6627 #EA 6626 22
6628 #EA 6627 5
6629 #EA 6624 6628
6630 #EP #BD 1296 6617 6629
6631 #EP #BD 281 344 6630
6632 #EP #BD 281 335 6631
6633 #EP #BD 1295 6614 6632
6634 #EP #BD 14 283 6633
6635 #EP #BD 14 70 6634
6636 #EP #BC 119 6528 6635
6637 #EP #BI 119 5987 6636
6638 #EL #BD 1294 6611 6637
6639 #EL #BD 280 108 6638
6640 #EA 6609 6639
6641 #EA 2435 5987
6642 #EA 6641 5
6643 #EA 4509 5
6644 #EA 6643 2
6645 #EA 6585 5
6646 #EA 6645 2
6647 #EA 6001 675
6648 #EA 6647 344
6649 #EA 6648 283
6650 #EA 6649 25
6651 #EA 6650 7
6652 #EA 6615 6651
6653 #EA 6648 68
6654 #EA 6653 22
6655 #EA 6654 5
6656 #EA 6652 6655
6657 #EP #BD 1296 6646 6656
6658 #EP #BD 281 335 6657
6659 #EP #BD 281 294 6658
6660 #EP #BD 1295 6644 6659
6661 #EP #BD 14 70 6660
6662 #EP #BD 14 68 6661
6663 #EL #BC 119 5987 6662
6664 #EA 6642 6663
6665 #EA 1851 283
6666 #EA 6665 7
6667 #EA 6612 21
6668 #EA 6667 2
6669 #EA 6620 294
6670 #EA 6669 70
6671 #EA 6670 7
6672 #EA 6618 6671
6673 #EA 6669 22
6674 #EA 6673 5
6675 #EA 6672 6674
6676 #EP #BD 1296 6617 6675
6677 #EP #BD 281 344 6676
6678 #EP #BD 281 335 6677
6679 #EL #BD 1295 6668 6678
6680 #EL #BD 14 283 6679
6681 #EA 6666 6680
6682 #EA 1851 344
6683 #EA 6682 7
6684 #EA 6615 21
6685 #EA 6684 2
6686 #EA 6670 22
6687 #EA 6618 6686
6688 #EA 6670 5
6689 #EA 6687 6688
6690 #EL #BD 1296 6685 6689
6691 #EL #BD 281 344 6690
6692 #EA 6683 6691
6693 #EA 411 344
6694 #EA 6693 6590
6695 #EA 6692 6694
6696 #EA 6695 5
6697 #EA 6696 2
6698 #EL #BD 1296 6584 6697
6699 #EL #BD 281 294 6698
6700 #EL #BD 281 283 6699
6701 #EA 6681 6700
6702 #EA 6701 5
6703 #EA 6702 2
6704 #EL #BD 1295 6581 6703
6705 #EL #BD 14 68 6704
6706 #EL #BD 14 25 6705
6707 #EA 6664 6706
6708 #EA 6707 2
6709 #EC 1255 3
6710 #EA 6709 5987
6711 #EC 1258 
6712 #EA 6711 22
6713 #EA 6710 6712
6714 #EA 6713 5
6715 #EA 6714 2
6716 #EA 6708 6715
6717 #EL #BC 119 1235 6716
6718 #EL #BI 119 6528 6717
6719 #EA 6640 6718
6720 #EA 6719 5
6721 #EA 6720 2
6722 #EL #BD 1294 6579 6721
6723 #EL #BD 280 108 6722
6724 #EL #BD 280 108 6723
6725 #EL #BI 3 122 6724
#DEF 1293 6608 6725 4
1297 #NS 0 instDecidableTrue
6726 #EA 1170 1715
6727 #EA 1202 1715
6728 #EA 6727 4254
#DEF 1297 6726 6728 
1298 #NS 0 mt
6729 #EP #BD 137 6000 1239
6730 #EP #BD 136 4264 6729
6731 #EP #BI 83 108 6730
6732 #EP #BI 52 108 6731
1299 #NS 0 ha
6733 #EA 5 1216
6734 #EL #BD 1299 21 6733
6735 #EL #BD 137 6000 6734
6736 #EL #BD 136 4264 6735
6737 #EL #BI 83 108 6736
6738 #EL #BI 52 108 6737
#DEF 1298 6732 6738 
1300 #NS 0 instDecidableEqList
1301 #NS 1300 match_1
#DEF 1301 5360 5373 15 48
1302 #NS 1 length
1303 #NS 1302 _f
1304 #NI 139 210037673
1305 #NS 1304 _hygCtx
1306 #NS 1305 _hyg
1307 #NI 1306 9
6739 #EC 92 3 4
6740 #EA 6739 5
6741 #EL #BD 1307 61 13
6742 #EA 6740 6741
6743 #EA 6742 2
6744 #EP #BD 96 6743 13
6745 #EP #BD 1307 57 6744
6746 #EP #BI 3 55 6745
6747 #EC 1301 4 5
6748 #EA 6747 7
1308 #NI 1305 9
1309 #NS 1308 Init
1310 #NS 1309 Prelude
1311 #NI 1310 210037673
1312 #NS 1311 _hygCtx
1313 #NS 1312 _hyg
1314 #NI 1313 20
1315 #NI 1306 46
6749 #EA 6739 21
6750 #EL #BD 1307 261 13
6751 #EA 6749 6750
6752 #EA 6751 2
6753 #EP #BD 1315 6752 13
6754 #EL #BD 1314 256 6753
6755 #EA 6748 6754
6756 #EA 6755 5
6757 #EA 6751 263
6758 #EL #BD 1315 6757 1021
6759 #EL #BD 370 1519 6758
6760 #EA 6756 6759
1316 #NI 245 210037673
1317 #NS 1316 _hygCtx
1318 #NS 1317 _hyg
1319 #NI 1318 34
6761 #EA 6739 22
6762 #EL #BD 1307 3794 13
6763 #EA 6761 6762
6764 #EA 6763 4704
6765 #EA 2964 851
6766 #EA 6765 2968
6767 #EL #BD 1315 6764 6766
6768 #EL #BD 53 261 6767
6769 #EL #BD 1319 7 6768
6770 #EA 6760 6769
6771 #EA 6770 2
6772 #EL #BD 96 6743 6771
6773 #EL #BD 1307 57 6772
6774 #EL #BI 3 55 6773
#DEF 1303 6746 6774 15
6775 #EP #BD 79 57 13
6776 #EP #BI 3 55 6775
6777 #EC 93 3 4
6778 #EA 6777 5
6779 #EA 6778 6741
6780 #EA 6779 2
6781 #EC 1303 4
6782 #EA 6781 5
6783 #EA 6780 6782
6784 #EL #BD 1307 57 6783
6785 #EL #BI 3 55 6784
#DEF 1302 6776 6785 15
1320 #NS 0 LT
1321 #NS 1320 mk
1322 #NS 0 lt
6786 #EC 1320 1
6787 #EA 6786 5
6788 #EP #BD 1322 120 6787
6789 #EP #BI 3 0 6788
#IND 1 1320 12 1 1321 6789 4
1323 #NS 1320 lt
6790 #EA 6786 2
6791 #EP #BC 218 6790 1189
6792 #EP #BI 3 0 6791
6793 #EJ 1320 0 2
6794 #EL #BC 218 6790 6793
6795 #EL #BD 3 0 6794
#DEF 1323 6792 6795 4
1324 #NS 8 lt
6796 #EA 1281 1289
6797 #EA 6796 2
6798 #EL #BD 161 13 6797
6799 #EL #BD 11 13 6798
#DEF 1324 1295 6799 
1325 #NS 0 instLTNat
6800 #EC 1320 0
6801 #EA 6800 13
6802 #EC 1321 0
6803 #EA 6802 13
6804 #EC 1324 
6805 #EA 6803 6804
#DEF 1325 6801 6805 
1326 #NS 82 symm
6806 #EC 82 1
6807 #EA 6806 7
6808 #EA 6807 5
6809 #EA 6808 2
6810 #EA 6806 21
6811 #EA 6810 5
6812 #EA 6811 7
6813 #EP #BD 119 6809 6812
6814 #EP #BI 83 5 6813
6815 #EP #BI 52 2 6814
6816 #EP #BI 3 122 6815
6817 #EC 545 1
6818 #EA 6817 22
6819 #EA 6818 7
6820 #EA 6819 21
6821 #EA 6820 2
6822 #EA 5 6821
6823 #EL #BD 136 2279 6822
6824 #EL #BD 119 6809 6823
6825 #EL #BI 83 5 6824
6826 #EL #BI 52 2 6825
6827 #EL #BI 3 122 6826
#DEF 1326 6816 6827 4
1327 #NS 469 not_succ_le_self
1328 #NS 1327 match_1_1
#DEF 1328 3396 3399 
1329 #NS 299 casesOn
6828 #EA 2096 21
6829 #EA 1434 6828
6830 #EA 25 1289
6831 #EA 2102 68
6832 #EA 6831 5
6833 #EA 6832 2
6834 #EA 6830 6833
6835 #EP #BD 79 2176 6834
6836 #EP #BI 161 13 6835
6837 #EP #BD 535 6836 80
6838 #EP #BD 383 6829 6837
6839 #EP #BD 14 2128 6838
6840 #EP #BI 79 13 6839
6841 #EP #BI 13 2119 6840
6842 #EP #BI 11 13 6841
6843 #EA 2166 25
6844 #EA 6843 22
6845 #EA 6844 5
6846 #EA 1281 68
6847 #EA 6846 2
6848 #EL #BD 526 6075 44
6849 #EL #BD 79 6847 6848
6850 #EL #BI 161 13 6849
6851 #EA 6845 6850
6852 #EA 6851 21
6853 #EA 6852 7
6854 #EL #BD 535 6836 6853
6855 #EL #BD 383 6829 6854
6856 #EL #BD 14 2128 6855
6857 #EL #BI 79 13 6856
6858 #EL #BI 13 2119 6857
6859 #EL #BI 11 13 6858
#DEF 1329 6842 6859 
1330 #NS 8 noConfusionType
6860 #EP #BD 14 13 1315
6861 #EP #BD 148 122 6860
6862 #EC 312 2
6863 #EL #BD 14 13 122
6864 #EA 6862 6863
6865 #EA 6864 5
6866 #EA 6864 2
6867 #EA 6866 1158
6868 #EL #BD 11 13 21
6869 #EA 6867 6868
6870 #EA 6865 6869
6871 #EA 6865 21
1331 #NI 139 1759501723
1332 #NS 1331 _hygCtx
1333 #NS 1332 _hyg
1334 #NI 1333 7
1335 #NS 0 n_eq
6872 #EA 1888 5
6873 #EA 6872 2
6874 #EP #BD 1335 6873 25
6875 #EP #BD 1334 6874 25
6876 #EL #BD 11 13 6875
6877 #EA 6871 6876
6878 #EL #BD 11 13 6877
6879 #EA 6870 6878
6880 #EL #BD 150 13 6879
6881 #EL #BD 14 13 6880
6882 #EL #BD 148 122 6881
#DEF 1330 6861 6882 4
1336 #NS 8 noConfusion
6883 #EC 1330 1
6884 #EA 6883 21
6885 #EA 6884 7
6886 #EA 6885 5
6887 #EP #BD 374 6873 6886
6888 #EP #BI 150 13 6887
6889 #EP #BI 14 13 6888
6890 #EP #BI 148 122 6889
6891 #EA 1605 13
6892 #EA 6891 7
6893 #EA 6883 22
6894 #EA 6893 21
6895 #EA 6894 2
6896 #EL #BI 150 13 6895
6897 #EA 6892 6896
6898 #EC 312 1
6899 #EA 6893 2
6900 #EA 6899 2
6901 #EL #BI 14 13 6900
6902 #EA 6898 6901
6903 #EA 6902 7
6904 #EA 6903 1619
6905 #EA 4934 2
6906 #EP #BD 1335 6905 25
6907 #EA 2759 5
6908 #EA 2 6907
6909 #EL #BD 192 6906 6908
6910 #EL #BD 11 13 6909
6911 #EA 6904 6910
6912 #EA 6897 6911
6913 #EA 6912 5
6914 #EA 6913 2
6915 #EL #BD 374 6873 6914
6916 #EL #BI 150 13 6915
6917 #EL #BI 14 13 6916
6918 #EL #BI 148 122 6917
#DEF 1336 6890 6918 4
1337 #NS 8 not_succ_le_zero
6919 #EA 2082 1392
6920 #EA 6919 1021
6921 #EP #BD 79 6920 110
6922 #EP #BD 11 13 6921
6923 #EA 4934 1021
6924 #EA 2909 5
6925 #EP #BD 79 6924 110
6926 #EP #BD 79 6923 6925
6927 #EP #BD 161 13 6926
1338 #NI 139 1602146993
1339 #NS 1338 _hygCtx
1340 #NS 1339 _hyg
1341 #NI 1340 29
1342 #NS 0 hm
1343 #NS 0 hle
6928 #EC 1329 
6929 #EA 6928 1984
1344 #NI 1340 37
6930 #EA 1281 2577
6931 #EA 6930 2
6932 #EA 6872 1021
6933 #EP #BD 79 6932 110
6934 #EL #BD 1344 6931 6933
6935 #EL #BD 161 13 6934
6936 #EA 6929 6935
6937 #EA 6936 7
6938 #EA 6937 2
6939 #EA 1888 1984
6940 #EA 6939 1021
6941 #EC 1336 0
6942 #EA 6941 110
6943 #EA 6942 2577
6944 #EA 6943 1021
6945 #EA 6944 2
6946 #EL #BD 119 6940 6945
6947 #EA 6938 6946
1345 #NI 478 1602146993
1346 #NS 1345 _hygCtx
1347 #NS 1346 _hyg
1348 #NI 1347 56
1349 #NI 1340 57
6948 #EA 1888 1289
6949 #EA 6948 1021
6950 #EA 6942 1944
6951 #EA 6950 1021
6952 #EA 6951 2
6953 #EL #BD 119 6949 6952
6954 #EL #BD 1349 6931 6953
6955 #EL #BI 1348 13 6954
6956 #EA 6947 6955
6957 #EA 6956 5
6958 #EL #BD 1343 6924 6957
6959 #EL #BD 1342 6923 6958
6960 #EL #BD 1341 13 6959
6961 #EA 2 1021
6962 #EA 1641 13
6963 #EA 6962 1021
6964 #EA 6961 6963
6965 #EZ 176 6927 6960 6964
6966 #EL #BD 11 13 6965
#DEF 1337 6922 6966 
1350 #NS 8 pow
1351 #NS 1350 match_1
6967 #EP #BD 13 1410 3395
1352 #NI 139 427477602
1353 #NS 1352 _hygCtx
1354 #NI 1353 10
1355 #NS 1354 Init
1356 #NS 1355 Prelude
1357 #NI 1356 427477602
1358 #NS 1357 _hygCtx
1359 #NS 1358 _hyg
1360 #NI 1359 21
6968 #EA 1428 1787
6969 #EA 6968 7
6970 #EA 6969 1565
6971 #EA 6970 1791
6972 #EL #BD 51 1394 6971
6973 #EL #BD 49 3393 6972
6974 #EL #BD 1360 13 6973
6975 #EL #BD 13 1410 6974
#DEF 1351 6967 6975 15
1361 #NS 8 pred
1362 #NI 139 4130297703
1363 #NS 1362 _hygCtx
1364 #NS 1363 _hyg
1365 #NI 1364 8
6976 #EC 1351 3
1366 #NI 1363 8
1367 #NS 1366 Init
1368 #NS 1367 Prelude
1369 #NI 1368 4130297703
1370 #NS 1369 _hygCtx
1371 #NS 1370 _hyg
1372 #NI 1371 19
6977 #EL #BD 1372 13 13
6978 #EA 6976 6977
6979 #EA 6978 2
6980 #EL #BD 370 1519 1021
6981 #EA 6979 6980
6982 #EL #BD 52 13 2
6983 #EA 6981 6982
6984 #EL #BD 1365 13 6983
#DEF 1361 2894 6984 
1373 #NS 469 pred_le_pred
1374 #NS 1373 match_1_1
1375 #NI 139 148574969
1376 #NS 1375 _hygCtx
1377 #NI 1376 18
1378 #NS 1377 Init
1379 #NS 1378 Prelude
1380 #NI 1379 148574969
1381 #NS 1380 _hygCtx
1382 #NS 1381 _hyg
1383 #NI 1382 45
6985 #EP #BD 1383 13 2306
1384 #NI 1376 19
1385 #NS 1384 Init
1386 #NS 1385 Prelude
1387 #NI 1386 148574969
1388 #NS 1387 _hygCtx
1389 #NS 1388 _hyg
1390 #NI 1389 48
1391 #NI 1376 20
1392 #NS 1391 Init
1393 #NS 1392 Prelude
1394 #NI 1393 148574969
1395 #NS 1394 _hygCtx
1396 #NS 1395 _hyg
1397 #NI 1396 51
1398 #NI 337 148574969
1399 #NS 1398 _hygCtx
1400 #NS 1399 _hyg
1401 #NI 1400 61
6986 #EA 203 2
6987 #EA 2096 2
6988 #EA 6986 6987
6989 #EP #BD 1401 13 6988
1402 #NI 1400 81
6990 #EA 1281 1021
6991 #EA 6990 2
6992 #EA 68 1021
6993 #EA 6992 1289
6994 #EA 2103 5
6995 #EA 6994 2
6996 #EA 6993 6995
6997 #EP #BD 119 6991 6996
6998 #EP #BD 1402 13 6997
1403 #NI 1400 105
1404 #NI 1400 104
6999 #EA 1996 1289
7000 #EA 1288 7
7001 #EA 2102 7000
7002 #EA 7001 5
7003 #EA 7002 2
7004 #EA 6999 7003
7005 #EP #BD 119 6797 7004
7006 #EP #BD 1404 13 7005
7007 #EP #BD 1403 13 7006
7008 #EP #BD 122 7007 3653
7009 #EP #BD 51 6998 7008
7010 #EP #BD 49 6989 7009
7011 #EP #BD 1397 2304 7010
7012 #EP #BD 1390 13 7011
7013 #EP #BD 1383 13 7012
7014 #EP #BD 13 6985 7013
7015 #EA 6928 25
7016 #EA 1888 68
7017 #EA 7016 5
7018 #EA 2378 70
7019 #EA 2009 7018
7020 #EA 7019 68
7021 #EA 2250 7
7022 #EA 7020 7021
7023 #EA 7022 5
7024 #EP #BD 119 7023 2715
7025 #EP #BD 119 7017 7024
7026 #EL #BD 22 6847 7025
7027 #EL #BD 79 13 7026
7028 #EA 7015 7027
7029 #EA 7028 22
7030 #EA 7029 21
1405 #NI 450 148574969
1406 #NS 1405 _hygCtx
1407 #NS 1406 _hyg
1408 #NI 1407 126
7031 #EA 2433 25
7032 #EA 2436 68
7033 #EA 2378 5
7034 #EA 2009 7033
7035 #EA 7034 2
7036 #EA 2250 283
7037 #EA 7035 7036
7038 #EA 2096 283
7039 #EA 7037 7038
7040 #EA 2713 7
7041 #EA 7040 5
7042 #EP #BD 119 7039 7041
7043 #EP #BD 1397 2335 7042
7044 #EL #BD 1390 13 7043
7045 #EA 7032 7044
7046 #EA 2927 68
1409 #NI 1407 127
7047 #EA 2334 70
7048 #EA 2009 7047
7049 #EA 7048 2
7050 #EA 2213 70
7051 #EA 7049 7050
7052 #EA 2096 70
7053 #EA 7051 7052
7054 #EA 2480 2469
7055 #EA 7054 7038
7056 #EA 2713 294
7057 #EA 7056 2
7058 #EL #BD 1397 2469 7057
7059 #EA 7055 7058
7060 #EA 25 283
7061 #EA 7059 7060
7062 #EA 7061 5
7063 #EA 2535 2469
7064 #EA 7063 5
7065 #EA 7064 7038
7066 #EA 2539 2469
7067 #EA 7066 5
7068 #EA 7067 7038
7069 #EA 7068 2
7070 #EA 7065 7069
7071 #EA 7062 7070
7072 #EL #BD 1409 7053 7071
7073 #EL #BD 1397 7046 7072
7074 #EA 7045 7073
7075 #EA 7074 25
7076 #EA 2567 68
7077 #EA 7076 2
7078 #EA 7075 7077
7079 #EA 7078 22
7080 #EL #BD 1408 7031 7079
7081 #EA 7030 7080
1410 #NI 478 148574969
1411 #NS 1410 _hygCtx
1412 #NS 1411 _hyg
1413 #NI 1412 124
1414 #NI 583 148574969
1415 #NS 1414 _hygCtx
1416 #NS 1415 _hyg
1417 #NI 1416 125
1418 #NI 1407 129
7082 #EA 7016 1289
7083 #EA 2436 1944
7084 #EA 2385 5
7085 #EA 2009 7084
7086 #EA 7085 2
7087 #EA 2475 2577
7088 #EA 7086 7087
7089 #EA 2222 22
7090 #EA 7089 21
7091 #EA 7088 7090
7092 #EA 675 344
7093 #EA 7092 7
7094 #EA 7093 5
7095 #EP #BD 119 7091 7094
7096 #EP #BD 1397 2342 7095
7097 #EL #BD 1390 13 7096
7098 #EA 7083 7097
7099 #EA 2378 1944
1419 #NI 1407 130
7100 #EA 2341 1984
7101 #EA 2009 7100
7102 #EA 7101 2
7103 #EA 1281 294
7104 #EA 7103 1984
7105 #EA 7102 7104
7106 #EA 2102 294
7107 #EA 7106 21
7108 #EA 7107 7
7109 #EA 7105 7108
7110 #EA 2385 2577
7111 #EA 2480 7110
7112 #EA 7111 7090
7113 #EA 7092 2010
7114 #EA 7113 2
7115 #EL #BD 1397 7110 7114
7116 #EA 7112 7115
7117 #EA 1282 25
7118 #EA 2407 2641
7119 #EA 2102 5
7120 #EA 7119 68
7121 #EA 7120 2
7122 #EA 7118 7121
7123 #EP #BD 1417 7117 7122
7124 #EL #BD 22 13 7123
7125 #EA 1786 7124
7126 #EA 7125 335
7127 #EA 1281 1352
7128 #EA 7127 22
7129 #EA 4501 2
7130 #EL #BD 1417 7128 7129
7131 #EA 7126 7130
1420 #NI 1400 132
7132 #EA 1281 1392
7133 #EA 7132 25
7134 #EA 320 68
7135 #EA 7134 2
7136 #EL #BD 1417 7133 7135
7137 #EL #BD 1420 13 7136
7138 #EA 7131 7137
7139 #EA 7138 21
7140 #EA 7116 7139
7141 #EA 7140 5
7142 #EA 2535 7110
7143 #EA 7142 5
7144 #EA 7143 7090
7145 #EA 2539 7110
7146 #EA 7145 5
7147 #EA 7146 7090
7148 #EA 7147 2
7149 #EA 7144 7148
7150 #EA 7141 7149
7151 #EL #BD 1419 7109 7150
7152 #EL #BD 1397 7099 7151
7153 #EA 7098 7152
7154 #EA 7153 70
7155 #EA 2566 70
7156 #EA 7155 1944
7157 #EA 7156 2
7158 #EA 7154 7157
7159 #EA 7158 68
7160 #EL #BD 1418 7082 7159
7161 #EL #BD 1417 6847 7160
7162 #EL #BI 1413 13 7161
7163 #EA 7081 7162
7164 #EA 7163 2760
7165 #EA 2322 22
7166 #EA 2051 7165
7167 #EA 7166 21
7168 #EA 7164 7167
7169 #EL #BD 122 7007 7168
7170 #EL #BD 51 6998 7169
7171 #EL #BD 49 6989 7170
7172 #EL #BD 1397 2304 7171
7173 #EL #BD 1390 13 7172
7174 #EL #BD 1383 13 7173
7175 #EL #BD 13 6985 7174
#DEF 1374 7014 7175 
1421 #NS 469 le_trans
1422 #NS 1421 match_1_10
1423 #NI 139 2514409987
1424 #NS 1423 _hygCtx
1425 #NS 1424 _hyg
1426 #NI 1425 16
7176 #EA 2307 5
1427 #NI 1425 17
7177 #EP #BD 1427 7176 108
7178 #EP #BD 1426 7176 7177
7179 #EP #BI 192 13 7178
1428 #NS 192 _@
1429 #NS 1428 Init
1430 #NS 1429 Prelude
1431 #NI 1430 2514409987
1432 #NS 1431 _hygCtx
1433 #NS 1432 _hyg
1434 #NI 1433 46
1435 #NI 1424 16
1436 #NS 1435 Init
1437 #NS 1436 Prelude
1438 #NI 1437 2514409987
1439 #NS 1438 _hygCtx
1440 #NS 1439 _hyg
1441 #NI 1440 35
7180 #EA 2320 7
1442 #NI 1424 17
1443 #NS 1442 Init
1444 #NS 1443 Prelude
1445 #NI 1444 2514409987
1446 #NS 1445 _hygCtx
1447 #NS 1446 _hyg
1448 #NI 1447 38
7181 #EA 2320 5
7182 #EA 2334 68
7183 #EA 1029 2
7184 #EA 7183 5
7185 #EP #BD 1426 7182 7184
7186 #EL #BD 1427 2323 7185
7187 #EL #BI 192 13 7186
7188 #EA 2168 7187
7189 #EA 7188 7
7190 #EA 7189 2
7191 #EP #BD 572 7190 108
7192 #EP #BD 1448 7181 7191
7193 #EP #BD 1441 7180 7192
7194 #EP #BD 1434 13 7193
7195 #EA 2309 21
7196 #EA 2309 5
7197 #EA 70 7
7198 #EA 7197 2
7199 #EA 7198 5
7200 #EP #BD 1426 7018 7199
7201 #EL #BD 1427 2928 7200
7202 #EL #BI 192 13 7201
7203 #EA 2133 7202
7204 #EA 7203 7
7205 #EA 7204 2
7206 #EA 25 70
7207 #EA 7206 2
7208 #EA 7207 7052
7209 #EA 2171 70
7210 #EA 2385 294
7211 #EA 2256 2
7212 #EA 7211 5
7213 #EP #BD 1426 7210 7212
7214 #EL #BD 1427 2379 7213
7215 #EL #BI 192 13 7214
7216 #EA 7209 7215
7217 #EA 7208 7216
7218 #EP #BD 119 7182 7217
1449 #NI 478 2514409987
1450 #NS 1449 _hygCtx
1451 #NS 1450 _hyg
1452 #NI 1451 71
7219 #EA 7103 2
7220 #EA 2405 675
7221 #EA 675 7
7222 #EA 7221 2
7223 #EA 7222 5
7224 #EP #BD 1426 7220 7223
7225 #EL #BD 1427 2353 7224
7226 #EL #BI 192 13 7225
7227 #EA 2438 7226
7228 #EA 7227 5
7229 #EA 7228 2
7230 #EA 2512 344
7231 #EA 344 21
7232 #EA 7231 2
7233 #EA 7232 7
7234 #EP #BD 1426 7230 7233
7235 #EA 335 1984
7236 #EA 7235 22
7237 #EA 2102 675
7238 #EA 7237 21
7239 #EA 7238 7
7240 #EA 7236 7239
7241 #EA 2181 675
7242 #EA 2581 2486
7243 #EA 2486 7
7244 #EA 7243 2
7245 #EA 7244 5
7246 #EP #BD 1426 7242 7245
7247 #EL #BD 1427 2406 7246
7248 #EL #BI 192 13 7247
7249 #EA 7241 7248
7250 #EA 7249 21
7251 #EA 7250 7
7252 #EA 7251 5
7253 #EA 7252 2
7254 #EA 7240 7253
7255 #EP #BD 526 7234 7254
7256 #EP #BD 521 7229 7255
7257 #EP #BD 137 7219 7256
7258 #EP #BD 1452 13 7257
7259 #EP #BD 136 7018 7258
7260 #EA 3653 7
7261 #EP #BD 51 7259 7260
7262 #EP #BD 49 7218 7261
7263 #EP #BD 572 7205 7262
7264 #EP #BD 1448 7196 7263
7265 #EP #BD 1441 7195 7264
7266 #EP #BD 1434 13 7265
7267 #EP #BD 13 7194 7266
7268 #EP #BD 556 7179 7267
7269 #EP #BI 161 13 7268
7270 #EP #BI 11 13 7269
7271 #EA 2376 283
7272 #EA 2352 335
7273 #EA 335 7
7274 #EA 7273 2
7275 #EA 7274 5
7276 #EP #BD 1426 7272 7275
7277 #EL #BD 1427 2342 7276
7278 #EL #BI 192 13 7277
7279 #EA 7271 7278
7280 #EA 2575 7
7281 #EA 2512 294
7282 #EA 2009 7281
7283 #EA 7282 70
7284 #EA 1281 675
7285 #EA 7284 21
7286 #EA 7283 7285
7287 #EA 7286 7
7288 #EA 2691 2580
7289 #EA 2580 7
7290 #EA 7289 2
7291 #EA 7290 5
7292 #EP #BD 1426 7288 7291
7293 #EL #BD 1427 2488 7292
7294 #EL #BI 192 13 7293
7295 #EA 2485 7294
7296 #EA 7295 335
7297 #EA 7296 283
7298 #EA 2009 7297
7299 #EA 7298 70
7300 #EA 7295 22
7301 #EA 7300 21
7302 #EA 7299 7301
7303 #EA 7302 7
7304 #EA 7092 335
7305 #EA 7304 294
7306 #EA 7305 283
7307 #EP #BD 119 7303 7306
7308 #EP #BD 119 7287 7307
7309 #EP #BD 119 7280 7308
7310 #EL #BD 22 7229 7309
7311 #EL #BD 14 7219 7310
7312 #EL #BI 79 13 7311
7313 #EA 7279 7312
7314 #EA 7313 25
7315 #EA 7314 21
7316 #EA 7315 7
1453 #NI 450 2514409987
1454 #NS 1453 _hygCtx
1455 #NS 1454 _hyg
1456 #NI 1455 124
7317 #EA 1888 25
7318 #EA 7317 283
7319 #EA 2436 294
7320 #EA 2487 2404
7321 #EA 2404 7
7322 #EA 7321 2
7323 #EA 7322 5
7324 #EP #BD 1426 7320 7323
7325 #EL #BD 1427 2513 7324
7326 #EL #BI 192 13 7325
7327 #EA 2511 7326
7328 #EA 7327 5
7329 #EA 7328 2
7330 #EA 2512 7
7331 #EA 2009 7330
7332 #EA 7331 5
7333 #EA 7284 675
7334 #EA 7332 7333
7335 #EA 7334 2454
7336 #EA 7295 21
7337 #EA 7336 7
7338 #EA 2009 7337
7339 #EA 7338 5
7340 #EA 7295 2404
7341 #EA 7340 2498
7342 #EA 7339 7341
7343 #EA 2501 7294
7344 #EA 7342 7343
7345 #EA 675 22
7346 #EA 7345 335
7347 #EA 7346 21
7348 #EA 7347 7
7349 #EP #BD 119 7344 7348
7350 #EP #BD 119 7335 7349
7351 #EP #BD 572 7329 7350
7352 #EP #BD 1448 2386 7351
7353 #EL #BD 1434 13 7352
7354 #EA 7319 7353
7355 #EA 2341 294
7356 #EA 7227 335
7357 #EA 7356 2
1457 #NI 1455 125
7358 #EA 2009 2481
7359 #EA 7358 5
7360 #EA 7359 2445
7361 #EA 7360 2447
7362 #EA 2512 675
7363 #EA 2480 7362
7364 #EA 7363 2454
7365 #EA 7340 2
7366 #EA 2604 2601
7367 #EA 2601 7
7368 #EA 7367 2
7369 #EA 7368 5
7370 #EP #BD 1426 7366 7369
7371 #EL #BD 1427 2582 7370
7372 #EL #BI 192 13 7371
7373 #EA 2579 7372
7374 #EA 7373 2486
7375 #EA 7374 5
7376 #EA 2009 7375
7377 #EA 7376 2
7378 #EA 7374 2527
7379 #EA 7377 7378
7380 #EA 2171 2486
7381 #EA 7380 7372
7382 #EA 7379 7381
7383 #EA 2404 2580
7384 #EA 7383 344
7385 #EA 7384 7
7386 #EA 7385 5
7387 #EP #BD 119 7382 7386
7388 #EP #BD 572 7365 7387
7389 #EL #BD 1448 7362 7388
7390 #EA 7364 7389
7391 #EA 2403 7248
7392 #EA 7391 675
7393 #EA 7392 2454
1458 #NI 1455 127
7394 #EA 2009 7341
7395 #EA 7394 2
7396 #EA 7395 7341
7397 #EA 7396 7343
7398 #EA 2480 7378
7399 #EA 7398 7381
7400 #EA 2096 2580
7401 #EA 7384 7400
7402 #EA 7401 2
7403 #EL #BD 572 7378 7402
7404 #EA 7399 7403
7405 #EA 70 335
7406 #EA 7404 7405
7407 #EA 7406 5
7408 #EA 2535 7378
7409 #EA 7408 5
7410 #EA 7409 7381
7411 #EA 2539 7378
7412 #EA 7411 5
7413 #EA 7412 7381
7414 #EA 7413 2
7415 #EA 7410 7414
7416 #EA 7407 7415
7417 #EL #BD 1458 7397 7416
7418 #EL #BD 572 7393 7417
7419 #EA 7390 7418
7420 #EA 7419 7
7421 #EA 2535 7362
7422 #EA 7421 7
7423 #EA 7422 2454
7424 #EA 2539 7362
7425 #EA 7424 7
7426 #EA 7425 2454
7427 #EA 7426 2
7428 #EA 7423 7427
7429 #EA 7420 7428
7430 #EA 7429 5
7431 #EL #BD 1457 7361 7430
7432 #EL #BD 572 7357 7431
7433 #EL #BD 1448 7355 7432
7434 #EA 7354 7433
7435 #EA 7434 68
7436 #EA 2566 68
7437 #EA 7436 294
7438 #EA 7437 2
7439 #EA 7435 7438
7440 #EA 7439 22
7441 #EA 7440 21
7442 #EL #BD 1456 7318 7441
7443 #EA 7316 7442
1459 #NI 1451 120
1460 #NI 583 2514409987
1461 #NS 1460 _hygCtx
1462 #NS 1461 _hyg
1463 #NI 1462 121
1464 #NI 590 2514409987
1465 #NS 1464 _hygCtx
1466 #NS 1465 _hyg
1467 #NI 1466 122
1468 #NI 597 2514409987
1469 #NS 1468 _hygCtx
1470 #NS 1469 _hyg
1471 #NI 1470 123
1472 #NI 1455 129
7444 #EA 1888 294
7445 #EA 7444 1984
7446 #EA 2658 2603
7447 #EA 2603 7
7448 #EA 7447 2
7449 #EA 7448 5
7450 #EP #BD 1426 7446 7449
7451 #EL #BD 1427 2692 7450
7452 #EL #BI 192 13 7451
7453 #EA 2690 7452
7454 #EA 7453 5
7455 #EA 7454 2
7456 #EA 2691 7
7457 #EA 2009 7456
7458 #EA 7457 5
7459 #EA 1281 2601
7460 #EA 7459 2594
7461 #EA 7458 7460
7462 #EA 2617 70
7463 #EA 7462 68
7464 #EA 7461 7463
7465 #EV 20
7466 #EA 2082 7465
7467 #EV 19
7468 #EA 7466 7467
7469 #EA 7467 7
7470 #EA 7469 2
7471 #EA 7470 5
7472 #EP #BD 1426 7468 7471
7473 #EL #BD 1427 2659 7472
7474 #EL #BI 192 13 7473
7475 #EA 2656 7474
7476 #EA 7475 21
7477 #EA 7476 7
7478 #EA 2009 7477
7479 #EA 7478 5
7480 #EA 7475 2615
7481 #EA 2670 283
7482 #EA 7481 70
7483 #EA 7480 7482
7484 #EA 7479 7483
7485 #EA 2675 7474
7486 #EA 7485 283
7487 #EA 7486 70
7488 #EA 7487 68
7489 #EA 7488 25
7490 #EA 7484 7489
7491 #EA 2601 22
7492 #EA 7491 2486
7493 #EA 7492 21
7494 #EA 7493 7
7495 #EP #BD 119 7490 7494
7496 #EP #BD 119 7464 7495
7497 #EP #BD 572 7455 7496
7498 #EP #BD 1448 2488 7497
7499 #EL #BD 1434 13 7498
7500 #EA 2578 7499
7501 #EA 2405 2577
7502 #EA 7373 2010
7503 #EA 7502 2
1473 #NI 1455 130
7504 #EA 2581 2641
7505 #EA 2009 7504
7506 #EA 7505 5
7507 #EA 2593 2641
7508 #EA 7506 7507
7509 #EA 2597 68
7510 #EA 7509 25
7511 #EA 7508 7510
7512 #EA 2691 2594
7513 #EA 2480 7512
7514 #EA 7513 7463
7515 #EA 7480 2
7516 #EA 2120 2657
7517 #EA 2082 7467
7518 #EA 7517 2
7519 #EV 21
7520 #EA 2082 7519
7521 #EA 7520 7465
7522 #EA 7465 7
7523 #EA 7522 2
7524 #EA 7523 5
7525 #EP #BD 1426 7521 7524
7526 #EL #BD 1427 7518 7525
7527 #EL #BI 192 13 7526
7528 #EA 7516 7527
7529 #EA 7528 2665
7530 #EA 7529 5
7531 #EA 2009 7530
7532 #EA 7531 2
7533 #EA 2706 294
7534 #EA 7533 283
7535 #EA 7529 7534
7536 #EA 7532 7535
7537 #EA 2181 2657
7538 #EA 7537 7527
7539 #EA 7538 294
7540 #EA 7539 283
7541 #EA 7540 70
7542 #EA 7541 68
7543 #EA 7536 7542
7544 #EA 2603 2682
7545 #EA 7544 2580
7546 #EA 7545 7
7547 #EA 7546 5
7548 #EP #BD 119 7543 7547
7549 #EP #BD 572 7515 7548
7550 #EL #BD 1448 7512 7549
7551 #EA 7514 7550
7552 #EA 7517 2657
7553 #EA 2657 7
7554 #EA 7553 2
7555 #EA 7554 5
7556 #EP #BD 1426 7552 7555
7557 #EL #BD 1427 2605 7556
7558 #EL #BI 192 13 7557
7559 #EA 2602 7558
7560 #EA 7559 2594
7561 #EA 7560 7463
1474 #NI 1455 132
7562 #EA 2009 7483
7563 #EA 7562 2
7564 #EA 7563 7483
7565 #EA 7564 7489
7566 #EA 2480 7535
7567 #EA 7566 7542
7568 #EA 2102 7467
7569 #EA 7568 335
7570 #EA 7569 294
7571 #EA 7545 7570
7572 #EA 7571 2
7573 #EL #BD 572 7535 7572
7574 #EA 7567 7573
7575 #EA 335 2486
7576 #EA 7575 294
7577 #EA 7576 283
7578 #EA 7577 70
7579 #EA 7578 68
7580 #EA 7574 7579
7581 #EA 7580 5
7582 #EA 2535 7535
7583 #EA 7582 5
7584 #EA 7583 7542
7585 #EA 2539 7535
7586 #EA 7585 5
7587 #EA 7586 7542
7588 #EA 7587 2
7589 #EA 7584 7588
7590 #EA 7581 7589
7591 #EL #BD 1474 7565 7590
7592 #EL #BD 572 7561 7591
7593 #EA 7551 7592
7594 #EA 7593 7
7595 #EA 2535 7512
7596 #EA 7595 7
7597 #EA 7596 7463
7598 #EA 2539 7512
7599 #EA 7598 7
7600 #EA 7599 7463
7601 #EA 7600 2
7602 #EA 7597 7601
7603 #EA 7594 7602
7604 #EA 7603 5
7605 #EL #BD 1473 7511 7604
7606 #EL #BD 572 7503 7605
7607 #EL #BD 1448 7501 7606
7608 #EA 7500 7607
7609 #EA 7608 335
7610 #EA 2566 335
7611 #EA 7610 2577
7612 #EA 7611 2
7613 #EA 7609 7612
7614 #EA 7613 283
7615 #EA 7614 70
7616 #EL #BD 1472 7445 7615
7617 #EL #BD 1471 7234 7616
7618 #EL #BD 1467 7229 7617
7619 #EL #BD 1463 7219 7618
7620 #EL #BI 1459 13 7619
7621 #EA 7443 7620
7622 #EA 2759 25
7623 #EA 7621 7622
7624 #EA 2378 25
7625 #EA 2051 7624
7626 #EA 7625 21
7627 #EA 7623 7626
7628 #EA 2215 7278
7629 #EA 7628 25
7630 #EA 7629 21
7631 #EA 2051 7630
7632 #EA 7631 7
7633 #EA 7627 7632
7634 #EL #BD 51 7259 7633
7635 #EL #BD 49 7218 7634
7636 #EL #BD 572 7205 7635
7637 #EL #BD 1448 7196 7636
7638 #EL #BD 1441 7195 7637
7639 #EL #BD 1434 13 7638
7640 #EL #BD 13 7194 7639
7641 #EL #BD 556 7179 7640
7642 #EL #BI 161 13 7641
7643 #EL #BI 11 13 7642
#DEF 1422 7270 7643 
1475 #NS 8 le_trans
7644 #EA 2309 7
7645 #EP #BD 79 7176 7644
7646 #EP #BD 79 7176 7645
7647 #EP #BI 192 13 7646
7648 #EP #BI 161 13 7647
7649 #EP #BI 11 13 7648
7650 #EA 2322 5
7651 #EP #BD 1427 7650 108
7652 #EP #BD 1426 7165 7651
7653 #EP #BI 192 13 7652
7654 #EA 2334 7
7655 #EL #BD 1427 7650 7654
7656 #EL #BD 1426 7165 7655
7657 #EL #BI 192 13 7656
7658 #EA 2920 22
7659 #EA 32 2
7660 #EA 7659 5
7661 #EP #BD 1426 7182 7660
7662 #EL #BD 1427 2323 7661
7663 #EL #BI 192 13 7662
7664 #EA 7658 7663
7665 #EA 7664 21
7666 #EA 7665 5
7667 #EA 2341 283
7668 #EA 2154 2
7669 #EA 7668 5
7670 #EP #BD 1426 7667 7669
7671 #EL #BD 1427 2335 7670
7672 #EL #BI 192 13 7671
7673 #EA 2177 7672
7674 #EA 7673 5
7675 #EA 7674 2
7676 #EC 1422 
7677 #EA 7676 294
7678 #EA 7677 283
7679 #EA 7678 22
7680 #EP #BD 1426 7320 7275
7681 #EL #BD 1427 2513 7680
7682 #EL #BI 192 13 7681
7683 #EA 2511 7682
7684 #EA 7683 7
7685 #EA 7684 2
7686 #EA 2405 21
7687 #EL #BD 572 7685 7686
7688 #EL #BD 1448 7084 7687
7689 #EL #BD 1441 7210 7688
7690 #EL #BD 1434 13 7689
7691 #EA 7679 7690
7692 #EA 7691 21
7693 #EA 7692 2
7694 #EA 7693 7
7695 #EA 7694 5
7696 #EL #BD 119 7667 2
7697 #EA 7695 7696
7698 #EA 2475 2
7699 #EA 7683 5
7700 #EA 7699 2
7701 #EA 2258 2
7702 #EA 7701 7
7703 #EP #BD 1426 7220 7702
7704 #EA 2648 21
7705 #EA 7704 593
7706 #EL #BD 526 7703 7705
7707 #EL #BD 521 7700 7706
7708 #EL #BD 137 7698 7707
7709 #EL #BD 1452 13 7708
7710 #EL #BD 136 7667 7709
7711 #EA 7697 7710
7712 #EL #BD 1426 7018 7711
7713 #EL #BD 531 7675 7712
7714 #EL #BD 1427 2323 7713
7715 #EL #BI 192 13 7714
7716 #EA 7666 7715
7717 #EA 7716 7
7718 #EZ 556 7653 7657 7717
7719 #EL #BD 1427 7176 7718
7720 #EL #BD 1426 7176 7719
7721 #EL #BI 192 13 7720
7722 #EL #BI 161 13 7721
7723 #EL #BI 11 13 7722
#DEF 1475 7649 7723 
1476 #NS 8 le_succ
7724 #EA 2082 2
7725 #EA 7724 1392
7726 #EP #BD 11 13 7725
7727 #EA 2102 2
7728 #EA 7727 2
7729 #EA 7728 6987
7730 #EL #BD 11 13 7729
#DEF 1476 7726 7730 
1477 #NS 8 pred_le_pred
7731 #EC 1361 
7732 #EA 7731 7
7733 #EA 2082 7732
7734 #EA 7731 5
7735 #EA 7733 7734
7736 #EP #BD 79 2304 7735
7737 #EP #BI 161 13 7736
7738 #EP #BI 11 13 7737
1478 #NS 1376 _hyg
1479 #NI 1478 18
1480 #NI 1478 19
1481 #NI 1478 20
7739 #EC 1374 
7740 #EL #BD 1397 2304 7735
7741 #EL #BD 1390 13 7740
7742 #EL #BD 1383 13 7741
7743 #EA 7739 7742
7744 #EA 7743 7
7745 #EA 7744 5
7746 #EA 7745 2
7747 #EA 7731 2
7748 #EA 2096 7747
7749 #EL #BD 1401 13 7748
7750 #EA 7746 7749
7751 #EL #BD 119 6991 2
7752 #EL #BD 1402 13 7751
7753 #EA 7750 7752
7754 #EC 1475 
7755 #EA 7731 1944
7756 #EA 7754 7755
7757 #EA 1288 7755
7758 #EA 7756 7757
7759 #EA 7731 1289
7760 #EA 7758 7759
7761 #EC 1476 
7762 #EA 7761 7755
7763 #EA 7760 7762
7764 #EA 7763 2
7765 #EL #BD 119 6797 7764
7766 #EL #BD 1404 13 7765
7767 #EL #BD 1403 13 7766
7768 #EA 7753 7767
7769 #EL #BD 1481 2304 7768
7770 #EL #BD 1480 13 7769
7771 #EL #BD 1479 13 7770
#DEF 1477 7738 7771 
1482 #NS 8 le_of_succ_le_succ
7772 #EA 2082 1289
7773 #EA 7772 1392
7774 #EP #BD 79 7773 7176
7775 #EP #BI 161 13 7774
7776 #EP #BI 11 13 7775
7777 #EC 1477 
7778 #EA 7777 1289
7779 #EA 7778 1392
7780 #EL #BI 161 13 7779
7781 #EL #BI 11 13 7780
#DEF 1482 7776 7781 
1483 #NS 8 not_succ_le_self
1484 #NS 1483 _f
1485 #NI 139 2359205665
1486 #NS 1485 _hygCtx
1487 #NS 1486 _hyg
1488 #NI 1487 13
7782 #EA 6919 2
7783 #EA 124 7782
7784 #EL #BD 1488 13 7783
7785 #EA 1797 7784
7786 #EA 7785 2
7787 #EA 7772 5
7788 #EA 124 7787
7789 #EP #BD 96 7786 7788
7790 #EP #BD 1488 13 7789
7791 #EC 1328 
1489 #NI 1486 13
1490 #NS 1489 Init
1491 #NS 1490 Prelude
1492 #NI 1491 2359205665
1493 #NS 1492 _hygCtx
1494 #NS 1493 _hyg
1495 #NI 1494 24
7792 #EL #BD 1495 13 7789
7793 #EA 7791 7792
7794 #EA 7793 5
1496 #NI 1487 50
7795 #EA 7785 1021
7796 #EC 1337 
7797 #EA 7796 1021
7798 #EL #BD 1496 7795 7797
7799 #EL #BD 370 1519 7798
7800 #EA 7794 7799
7801 #EA 7785 1392
7802 #EA 1288 1289
7803 #EA 2082 7802
7804 #EA 7803 1289
7805 #EA 2964 7
7806 #EA 7805 2968
7807 #EA 2082 7806
7808 #EA 7807 7
7809 #EA 3562 7808
7810 #EA 7809 110
7811 #EC 1482 
7812 #EA 7811 7806
7813 #EA 7812 7
7814 #EA 7813 2
7815 #EA 7810 7814
7816 #EA 7815 5418
7817 #EL #BD 119 7804 7816
7818 #EL #BD 1496 7801 7817
7819 #EL #BD 11 13 7818
7820 #EA 7800 7819
7821 #EA 7820 2
7822 #EL #BD 96 7786 7821
7823 #EL #BD 1488 13 7822
#DEF 1484 7790 7823 
7824 #EP #BD 11 13 7783
7825 #EA 1832 7784
7826 #EA 7825 2
7827 #EC 1484 
7828 #EA 7826 7827
7829 #EL #BD 1488 13 7828
#DEF 1483 7824 7829 
1497 #NS 8 lt_irrefl
7830 #EC 1323 0
7831 #EA 7830 13
7832 #EC 1325 
7833 #EA 7831 7832
7834 #EA 7833 2
7835 #EA 7834 2
7836 #EA 124 7835
7837 #EP #BD 11 13 7836
7838 #EC 1483 
7839 #EA 7838 2
7840 #EL #BD 11 13 7839
#DEF 1497 7837 7840 
1498 #NS 8 ne_of_lt
7841 #EA 7833 5
7842 #EA 7841 2
7843 #EA 3977 13
7844 #EA 7843 7
7845 #EA 7844 5
7846 #EP #BD 119 7842 7845
7847 #EP #BI 83 13 7846
7848 #EP #BI 52 13 7847
1499 #NS 0 he
7849 #EA 1888 7
7850 #EA 7849 5
7851 #EA 7833 21
7852 #EA 7851 21
7853 #EA 3562 7852
7854 #EA 7853 110
7855 #EA 1886 7
1500 #NS 25 Nat
1501 #NS 1500 Basic
1502 #NI 1501 2719800311
1503 #NS 1502 _hygCtx
1504 #NS 1503 _hyg
1505 #NI 1504 30
1506 #NS 840 Nat
1507 #NS 1506 Basic
1508 #NI 1507 2719800311
1509 #NS 1508 _hygCtx
1510 #NS 1509 _hyg
1511 #NI 1510 31
7856 #EA 1888 21
7857 #EA 7856 2
7858 #EA 7841 5
7859 #EL #BD 1511 7857 7858
7860 #EL #BD 1505 13 7859
7861 #EA 7855 7860
7862 #EA 1886 21
1512 #NI 1504 28
1513 #NI 1510 29
7863 #EA 2433 2
7864 #EA 7841 22
7865 #EL #BD 1513 7863 7864
7866 #EL #BD 1512 13 7865
7867 #EA 7862 7866
7868 #EA 7867 5
7869 #EA 7868 7
7870 #EA 2566 7
7871 #EA 7870 21
7872 #EA 2566 21
7873 #EA 7872 7
7874 #EA 7873 2
7875 #EA 7871 7874
7876 #EA 7869 7875
7877 #EA 7861 7876
7878 #EA 7877 21
7879 #EA 7878 7874
7880 #EA 7854 7879
7881 #EC 1497 
7882 #EA 7881 21
7883 #EA 7880 7882
7884 #EL #BD 1499 7850 7883
7885 #EL #BD 119 7842 7884
7886 #EL #BI 83 13 7885
7887 #EL #BI 52 13 7886
#DEF 1498 7848 7887 
1514 #NS 8 ne_of_gt
7888 #EA 7834 5
7889 #EP #BD 119 7888 7845
7890 #EP #BI 83 13 7889
7891 #EP #BI 52 13 7890
7892 #EC 1326 3
7893 #EA 7892 13
7894 #EA 7893 5
7895 #EA 7894 7
7896 #EC 1498 
7897 #EA 7896 5
7898 #EA 7897 7
7899 #EA 7898 2
7900 #EA 7895 7899
7901 #EL #BD 119 7888 7900
7902 #EL #BI 83 13 7901
7903 #EL #BI 52 13 7902
#DEF 1514 7891 7903 
1515 #NS 8 le_refl
7904 #EA 7724 2
7905 #EP #BD 11 13 7904
7906 #EL #BD 11 13 6987
#DEF 1515 7905 7906 
1516 #NS 8 lt_add_one
7907 #EA 2964 2
7908 #EA 7907 2968
7909 #EA 7834 7908
7910 #EP #BD 11 13 7909
7911 #EC 1515 
7912 #EA 7911 1392
7913 #EL #BD 11 13 7912
#DEF 1516 7910 7913 
1517 #NS 8 lt_succ_self
7914 #EA 7834 1392
7915 #EP #BD 11 13 7914
7916 #EC 1516 
7917 #EA 7916 2
7918 #EL #BD 11 13 7917
#DEF 1517 7915 7918 
1518 #NS 8 succ_ne_self
7919 #EA 7843 1392
7920 #EA 7919 2
7921 #EP #BD 11 13 7920
7922 #EC 1514 
7923 #EA 7922 1392
7924 #EA 7923 2
7925 #EC 1517 
7926 #EA 7925 2
7927 #EA 7924 7926
7928 #EL #BD 11 13 7927
#DEF 1518 7921 7928 
1519 #NS 1 cons_ne_self
7929 #EA 3864 2
7930 #EP #BD 244 61 7929
7931 #EP #BD 52 2 7930
7932 #EP #BI 3 55 7931
7933 #EC 1298 
7934 #EA 919 2
7935 #EA 7933 7934
7936 #EC 1302 4
7937 #EA 7936 7
7938 #EA 7937 918
7939 #EA 1888 7938
7940 #EA 7937 2
7941 #EA 7939 7940
7942 #EA 7935 7941
7943 #EA 6138 256
7944 #EA 7943 13
7945 #EA 7944 918
7946 #EA 7945 2
7947 #EA 7946 7937
7948 #EA 7942 7947
7949 #EC 1518 
7950 #EA 7949 7940
7951 #EA 7948 7950
7952 #EL #BD 244 61 7951
7953 #EL #BD 52 2 7952
7954 #EL #BI 3 55 7953
#DEF 1519 7932 7954 15
1520 #NS 1519 _simp_1
7955 #EA 4242 7934
7956 #EA 7955 110
7957 #EP #BD 244 61 7956
7958 #EP #BD 52 2 7957
7959 #EP #BI 3 55 7958
7960 #EA 4552 7934
7961 #EC 1519 4
7962 #EA 7961 7
7963 #EA 7962 5
7964 #EA 7963 2
7965 #EA 7960 7964
7966 #EL #BD 244 61 7965
7967 #EL #BD 52 2 7966
7968 #EL #BI 3 55 7967
#DEF 1520 7959 7968 15
1521 #NS 222 last0_filter
7969 #EA 3978 5
7970 #EA 7969 3981
7971 #EA 1888 4870
7972 #EA 7971 21
1522 #NS 0 h3
7973 #EA 1594 1972
7974 #EA 7973 1468
7975 #EC 1100 0
7976 #EA 7975 13
7977 #EA 7976 21
7978 #EA 7977 22
7979 #EA 3983 7978
7980 #EA 1888 7979
7981 #EA 7980 25
7982 #EP #BD 1522 7974 7981
7983 #EP #BD 1066 7972 7982
7984 #EP #BD 1065 7970 7983
7985 #EP #BD 148 1453 7984
7986 #EP #BD 224 1010 7985
7987 #EP #BD 22 13 7986
7988 #EA 5046 25
7989 #EL #BD 1067 1010 7988
7990 #EA 5236 7989
7991 #EA 5021 7989
7992 #EA 7976 22
7993 #EA 7992 25
7994 #EA 3983 7993
7995 #EA 1888 7994
7996 #EA 7995 68
7997 #EL #BD 22 7991 7996
7998 #EA 7990 7997
7999 #EC 1064 
8000 #EA 7999 25
8001 #EA 8000 22
8002 #EA 8001 7
8003 #EA 8002 5
8004 #EA 7998 8003
8005 #EA 7976 25
8006 #EA 8005 68
8007 #EA 3983 8006
8008 #EA 1888 8007
8009 #EA 8008 70
8010 #EA 4886 8009
8011 #EA 4894 5032
8012 #EA 8005 8011
8013 #EA 3983 8012
8014 #EA 1888 8013
8015 #EA 8014 70
8016 #EA 8010 8015
8017 #EA 4242 8009
8018 #EA 8017 8015
8019 #EA 4063 8018
8020 #EA 4905 68
8021 #EA 8020 8011
8022 #EA 7976 68
8023 #EA 8022 2
8024 #EA 3983 8023
8025 #EA 1888 8024
8026 #EA 8025 283
8027 #EL #BD 1057 1010 8026
8028 #EA 8021 8027
8029 #EA 4040 8011
8030 #EA 8029 68
8031 #EA 8030 2
8032 #EA 8028 8031
8033 #EA 8019 8032
8034 #EA 8016 8033
8035 #EA 4886 8015
8036 #EA 8005 5
8037 #EA 4855 8036
8038 #EA 8005 5032
8039 #EA 8037 8038
8040 #EA 3983 8039
8041 #EA 1888 8040
8042 #EA 8041 70
8043 #EA 8035 8042
8044 #EA 4242 8015
8045 #EA 8044 8042
8046 #EA 4063 8045
8047 #EA 4905 8012
8048 #EA 8047 8039
8049 #EA 4909 283
8050 #EL #BD 1057 1010 8049
8051 #EA 8048 8050
8052 #EC 1145 0
8053 #EA 8052 13
8054 #EA 8053 25
8055 #EA 8054 5
8056 #EA 8055 5032
8057 #EA 8051 8056
8058 #EA 8046 8057
8059 #EA 8043 8058
8060 #EA 4886 8042
8061 #EC 279 3
8062 #EA 8061 1010
8063 #EA 25 70
8064 #EA 1594 8063
8065 #EA 8064 1468
8066 #EA 8062 8065
8067 #EA 3584 8063
8068 #EA 8067 1468
8069 #EA 8066 8068
8070 #EA 8005 3981
8071 #EA 4053 8070
8072 #EA 8069 8071
8073 #EA 8072 8070
8074 #EA 8037 8073
8075 #EA 3983 8074
8076 #EA 1888 8075
8077 #EA 8076 70
8078 #EA 8060 8077
8079 #EA 4242 8042
8080 #EA 8079 8077
8081 #EA 4063 8080
8082 #EA 4905 8038
8083 #EA 8082 8073
8084 #EA 8022 7
8085 #EA 4855 8084
8086 #EA 8085 2
8087 #EA 3983 8086
8088 #EA 1888 8087
8089 #EA 8088 283
8090 #EL #BD 1057 1010 8089
8091 #EA 8083 8090
8092 #EC 1246 0
8093 #EA 8092 13
8094 #EA 8093 70
8095 #EA 8094 3981
8096 #EA 8095 25
8097 #EA 8091 8096
8098 #EA 8081 8097
8099 #EA 8078 8098
8100 #EA 4886 8077
8101 #EA 8062 1668
8102 #EA 3584 1468
8103 #EA 8102 1468
8104 #EA 8101 8103
8105 #EA 8104 8071
8106 #EA 8105 8070
8107 #EA 8037 8106
8108 #EA 3983 8107
8109 #EA 1888 8108
8110 #EA 8109 70
8111 #EA 8100 8110
8112 #EA 4242 8077
8113 #EA 8112 8110
8114 #EA 4063 8113
8115 #EA 6165 8063
8116 #EA 8115 1468
8117 #EA 8062 6057
8118 #EA 3584 2
8119 #EA 8118 1468
8120 #EA 8117 8119
8121 #EA 8022 3981
8122 #EA 5057 8121
8123 #EA 8120 8122
8124 #EA 8123 8121
8125 #EA 8085 8124
8126 #EA 3983 8125
8127 #EA 1888 8126
8128 #EA 8127 283
8129 #EL #BD 1057 1314 8128
8130 #EA 8116 8129
8131 #EA 8130 7
8132 #EA 8114 8131
8133 #EA 8111 8132
8134 #EA 4886 8110
8135 #EA 8037 5032
8136 #EA 3983 8135
8137 #EA 1888 8136
8138 #EA 8137 70
8139 #EA 8134 8138
8140 #EA 4242 8110
8141 #EA 8140 8138
8142 #EA 4063 8141
8143 #EA 4668 13
8144 #EA 8143 108
8145 #EA 8144 8109
8146 #EA 8145 8137
8147 #EA 4930 1294
8148 #EA 8147 8108
8149 #EA 8148 8136
8150 #EA 8149 1888
8151 #EA 4904 13
8152 #EA 8151 8107
8153 #EA 8152 8135
8154 #EA 8153 3983
8155 #EA 5298 8106
8156 #EA 8155 5032
8157 #EA 8156 8037
8158 #EC 1293 3
8159 #EA 8158 1010
8160 #EA 8159 1668
8161 #EA 8160 1715
8162 #EA 8161 6483
8163 #EA 8162 8103
8164 #EC 1297 
8165 #EA 8163 8164
8166 #EA 8165 8071
8167 #EA 8166 5032
8168 #EA 3997 8071
8169 #EA 8168 5032
8170 #EA 4063 8169
8171 #EA 4033 5032
8172 #EA 8170 8171
8173 #EA 8167 8172
8174 #EA 8173 8070
8175 #EA 8174 3981
8176 #EA 3997 8070
8177 #EA 8176 3981
8178 #EA 4063 8177
8179 #EA 8178 4034
8180 #EA 8175 8179
8181 #EA 8157 8180
8182 #EA 8154 8181
8183 #EA 8150 8182
8184 #EA 8146 8183
8185 #EA 8184 70
8186 #EA 8142 8185
8187 #EA 8139 8186
8188 #EA 4886 8138
8189 #EA 5126 70
8190 #EA 8188 8189
8191 #EA 4242 8138
8192 #EA 8191 8189
8193 #EA 4063 8192
8194 #EA 4931 8136
8195 #EA 8194 5125
8196 #EA 4934 283
8197 #EL #BD 1057 13 8196
8198 #EA 8195 8197
8199 #EC 1053 
8200 #EA 8199 8036
8201 #EA 8200 5032
8202 #EA 3997 5032
8203 #EA 8202 3981
8204 #EA 124 8203
8205 #EA 4644 8204
8206 #EA 4653 8204
8207 #EA 8206 6237
8208 #EA 8207 1715
8209 #EA 4660 8203
8210 #EA 8209 110
8211 #EA 8210 124
8212 #EC 1520 0
8213 #EA 8212 13
8214 #EA 8213 70
8215 #EA 8214 3981
8216 #EA 8211 8215
8217 #EA 8208 8216
8218 #EA 8217 6427
8219 #EA 8205 8218
8220 #EA 8201 8219
8221 #EA 8198 8220
8222 #EA 8193 8221
8223 #EA 8190 8222
8224 #EA 2394 70
8225 #EA 4644 8224
8226 #EA 4878 70
8227 #EA 8225 8226
8228 #EA 8223 8227
8229 #EA 8187 8228
8230 #EA 8133 8229
8231 #EA 8099 8230
8232 #EA 8059 8231
8233 #EA 8034 8232
8234 #EL #BD 1078 7988 8233
8235 #EL #BD 1067 1010 8234
8236 #EA 8004 8235
8237 #EL #BD 1522 7974 8236
8238 #EL #BD 1066 7972 8237
8239 #EL #BD 1065 7970 8238
8240 #EL #BD 148 1453 8239
8241 #EL #BD 224 1010 8240
8242 #EL #BD 22 13 8241
#DEF 1521 7987 8242 
1523 #NS 0 Or
1524 #NS 1523 inl
8243 #EC 1523 
8244 #EA 8243 7
8245 #EA 8244 5
8246 #EP #BD 119 5 8245
8247 #EP #BI 83 108 8246
8248 #EP #BI 52 108 8247
1525 #NS 1523 inr
8249 #EP #BD 119 2 8245
8250 #EP #BI 83 108 8249
8251 #EP #BI 52 108 8250
#IND 2 1523 4272 2 1524 8248 1525 8251 
1526 #NS 1523 casesOn
8252 #EA 8243 5
8253 #EA 8252 2
8254 #EP #BD 14 8253 108
1527 #NS 0 inl
8255 #EC 1524 
8256 #EA 8255 22
8257 #EA 8256 21
8258 #EA 8257 2
8259 #EA 7 8258
8260 #EP #BD 119 21 8259
1528 #NS 0 inr
8261 #EC 1525 
8262 #EA 8261 25
8263 #EA 8262 22
8264 #EA 8263 2
8265 #EA 21 8264
8266 #EP #BD 119 21 8265
8267 #EP #BD 1528 8266 32
8268 #EP #BD 1527 8260 8267
8269 #EP #BD 14 8245 8268
8270 #EP #BI 13 8254 8269
8271 #EP #BI 83 108 8270
8272 #EP #BI 52 108 8271
1529 #NS 1523 rec
8273 #EC 1529 
8274 #EA 8273 25
8275 #EA 8274 22
8276 #EA 8275 21
8277 #EL #BD 119 25 1216
8278 #EA 8276 8277
8279 #EA 8278 1220
8280 #EA 8279 7
8281 #EL #BD 1528 8266 8280
8282 #EL #BD 1527 8260 8281
8283 #EL #BD 14 8245 8282
8284 #EL #BI 13 8254 8283
8285 #EL #BI 83 108 8284
8286 #EL #BI 52 108 8285
#DEF 1526 8272 8286 
1530 #NS 268 byCases
1531 #NS 1530 match_1
1532 #NS 0 dec
1533 #NS 1532 _@
1534 #NS 1533 Init
1535 #NS 1534 Core
1536 #NI 1535 1874316381
1537 #NS 1536 _hygCtx
1538 #NS 1537 _hyg
1539 #NI 1538 24
8287 #EP #BD 1539 1195 16
8288 #EP #BD 13 8287 5982
8289 #EP #BI 270 108 8288
8290 #EC 275 4
8291 #EA 8290 22
8292 #EA 8291 5988
8293 #EA 8292 7
8294 #EA 8293 5991
8295 #EA 8294 5993
8296 #EL #BD 51 5979 8295
8297 #EL #BD 49 5975 8296
8298 #EL #BD 1539 1171 8297
8299 #EL #BD 13 8287 8298
8300 #EL #BI 270 108 8299
#DEF 1531 8289 8300 15
8301 #EP #BD 79 1239 21
8302 #EP #BD 1066 8301 21
8303 #EP #BD 1065 507 8302
8304 #EP #BC 1532 1171 8303
8305 #EP #BI 1030 122 8304
8306 #EP #BI 270 108 8305
8307 #EC 1531 1
8308 #EA 8307 22
8309 #EL #BD 1539 5987 22
8310 #EA 8308 8309
8311 #EA 8310 7
8312 #EA 8311 5993
8313 #EA 8312 5991
8314 #EL #BD 1066 8301 8313
8315 #EL #BD 1065 507 8314
8316 #EL #BC 1532 1171 8315
8317 #EL #BI 1030 122 8316
8318 #EL #BI 270 108 8317
#DEF 1530 8306 8318 4
1540 #NS 268 em
1541 #NS 291 Core
1542 #NI 1541 2191930617
1543 #NS 1542 _hygCtx
1544 #NS 1543 _hyg
1545 #NI 1544 9
8319 #EA 8252 6000
8320 #EP #BC 1545 1195 8319
8321 #EP #BD 270 108 8320
8322 #EC 1530 0
8323 #EA 8322 5
8324 #EA 8323 8319
8325 #EA 8324 2
8326 #EA 8255 5
8327 #EA 8326 6000
8328 #EA 8325 8327
8329 #EA 8261 5
8330 #EA 8329 6000
8331 #EA 8328 8330
8332 #EL #BC 1545 1195 8331
8333 #EL #BD 270 108 8332
#DEF 1540 8321 8333 
1546 #NS 0 ite_congr
1547 #NS 0 s
1548 #NS 291 SimpLemmas
1549 #NI 1548 1298252226
1550 #NS 1549 _hygCtx
1551 #NS 1550 _hyg
1552 #NI 1551 24
8334 #EA 4242 70
8335 #EA 8334 68
8336 #EA 113 335
8337 #EA 8336 70
8338 #EA 8337 25
8339 #EP #BD 79 70 8338
1553 #NS 0 h₃
8340 #EA 124 283
8341 #EA 113 344
8342 #EA 8341 70
8343 #EA 8342 25
8344 #EP #BD 79 8340 8343
8345 #EC 279 4
8346 #EA 8345 344
8347 #EA 8346 335
8348 #EA 8347 22
8349 #EA 8348 283
8350 #EA 8349 70
8351 #EA 8341 8350
8352 #EA 8346 294
8353 #EA 8352 21
8354 #EA 8353 68
8355 #EA 8354 25
8356 #EA 8351 8355
8357 #EP #BD 1553 8344 8356
8358 #EP #BD 137 8339 8357
8359 #EP #BD 136 8335 8358
8360 #EP #BC 1552 6017 8359
8361 #EP #BI 1547 6017 8360
8362 #EP #BI 89 25 8361
8363 #EP #BI 4 22 8362
8364 #EP #BI 298 21 8363
8365 #EP #BI 22 7 8364
8366 #EP #BI 280 108 8365
8367 #EP #BI 83 108 8366
8368 #EP #BI 3 16 8367
8369 #EC 1526 
8370 #EA 8369 294
8371 #EA 124 294
8372 #EA 8370 8371
1554 #NS 1031 SimpLemmas
1555 #NI 1554 1298252226
1556 #NS 1555 _hygCtx
1557 #NS 1556 _hyg
1558 #NI 1557 67
8373 #EA 8243 294
8374 #EA 8373 8371
8375 #EC 80 0
8376 #EA 8243 335
8377 #EA 124 335
8378 #EA 8376 8377
8379 #EA 8375 8378
8380 #EC 1540 
8381 #EA 8380 335
8382 #EA 8381 22
8383 #EA 8379 8382
8384 #EA 8383 2
8385 #EA 113 2404
8386 #EA 8345 2404
8387 #EA 8386 675
8388 #EA 8387 68
8389 #EA 8388 335
8390 #EA 8389 294
8391 #EA 8385 8390
8392 #EA 8386 344
8393 #EA 8392 25
8394 #EA 8393 283
8395 #EA 8394 70
8396 #EA 8391 8395
8397 #EP #BD 119 8384 8396
8398 #EL #BD 1558 8374 8397
8399 #EA 8372 8398
8400 #EA 8380 294
8401 #EA 8400 21
8402 #EA 8399 8401
1559 #NI 938 1298252226
1560 #NS 1559 _hygCtx
1561 #NS 1560 _hyg
1562 #NI 1561 68
8403 #EA 8255 335
8404 #EA 8403 8377
8405 #EA 8404 2
8406 #EA 8383 8405
8407 #EA 4886 8396
8408 #EA 8391 283
8409 #EA 8407 8408
8410 #EA 4242 8396
8411 #EA 8410 8408
8412 #EA 4063 8411
8413 #EC 441 4 3
8414 #EA 8413 2404
8415 #EA 8414 108
8416 #EA 8415 8395
8417 #EA 8416 283
8418 #EA 113 2486
8419 #EA 8345 2486
8420 #EA 8419 2404
8421 #EA 8420 70
8422 #EA 8421 344
8423 #EA 8422 335
8424 #EA 8418 8423
8425 #EA 8424 2
8426 #EL #BD 1057 2404 8425
8427 #EA 8417 8426
8428 #EC 1239 4
8429 #EA 8428 344
8430 #EA 8429 25
8431 #EA 8430 5
8432 #EA 8431 2404
8433 #EA 8432 283
8434 #EA 8433 70
8435 #EA 8427 8434
8436 #EA 8412 8435
8437 #EA 8409 8436
8438 #EA 2435 108
8439 #EA 8438 344
8440 #EA 113 2580
8441 #EA 8345 2580
8442 #EA 8441 5
8443 #EA 8442 2
8444 #EA 8443 675
8445 #EA 8444 344
8446 #EA 8440 8445
8447 #EA 8446 335
8448 #EP #BI 1547 1195 8447
8449 #EL #BI 83 108 8448
8450 #EA 8439 8449
8451 #EA 1170 344
8452 #EA 8419 675
8453 #EA 8452 2
8454 #EA 8453 344
8455 #EA 8454 335
8456 #EA 8418 8455
8457 #EA 8456 294
8458 #EA 4886 8457
8459 #EA 8418 344
8460 #EA 8459 294
8461 #EA 8458 8460
8462 #EA 4242 8457
8463 #EA 8462 8460
8464 #EA 4063 8463
8465 #EA 8413 2486
8466 #EA 8465 108
8467 #EA 8466 8455
8468 #EA 8467 344
8469 #EA 8440 2
8470 #EA 8469 335
8471 #EL #BD 1057 2486 8470
8472 #EA 8468 8471
8473 #EA 8428 675
8474 #EA 8473 2
8475 #EA 8474 7
8476 #EA 8475 2486
8477 #EA 8476 344
8478 #EA 8477 335
8479 #EA 8472 8478
8480 #EA 8464 8479
8481 #EA 8461 8480
8482 #EA 8481 713
8483 #EL #BI 1547 8451 8482
8484 #EA 8450 8483
8485 #EA 8484 675
8486 #EA 4257 675
8487 #EA 8486 344
8488 #EA 8487 22
8489 #EA 8485 8488
8490 #EA 8489 68
8491 #EA 8437 8490
8492 #EL #BD 1562 8406 8491
8493 #EL #BD 119 294 8492
8494 #EA 8402 8493
1563 #NI 1561 137
8495 #EA 8261 335
8496 #EA 8495 8377
8497 #EA 8496 2
8498 #EA 8383 8497
8499 #EA 8391 70
8500 #EA 8407 8499
8501 #EA 8410 8499
8502 #EA 4063 8501
8503 #EA 8416 70
8504 #EA 8503 8426
8505 #EC 1199 4
8506 #EA 8505 344
8507 #EA 8506 25
8508 #EA 8507 5
8509 #EA 8508 2404
8510 #EA 8509 283
8511 #EA 8510 70
8512 #EA 8504 8511
8513 #EA 8502 8512
8514 #EA 8500 8513
8515 #EA 8446 294
8516 #EP #BI 1547 1195 8515
8517 #EL #BI 83 108 8516
8518 #EA 8439 8517
8519 #EA 8456 283
8520 #EA 4886 8519
8521 #EA 8418 335
8522 #EA 8521 283
8523 #EA 8520 8522
8524 #EA 4242 8519
8525 #EA 8524 8522
8526 #EA 4063 8525
8527 #EA 8467 335
8528 #EA 8469 294
8529 #EL #BD 1057 2486 8528
8530 #EA 8527 8529
8531 #EA 8505 675
8532 #EA 8531 2
8533 #EA 8532 7
8534 #EA 8533 2486
8535 #EA 8534 344
8536 #EA 8535 335
8537 #EA 8530 8536
8538 #EA 8526 8537
8539 #EA 8523 8538
8540 #EA 8539 32
8541 #EL #BI 1547 8451 8540
8542 #EA 8518 8541
8543 #EA 8542 675
8544 #EA 8543 8488
8545 #EA 8544 68
8546 #EA 8514 8545
8547 #EL #BD 1563 8498 8546
8548 #EL #BD 119 8371 8547
8549 #EA 8494 8548
8550 #EC 81 0
8551 #EA 8550 8374
8552 #EA 8551 8401
8553 #EA 8549 8552
8554 #EL #BD 1553 8344 8553
8555 #EL #BD 137 8339 8554
8556 #EL #BD 136 8335 8555
8557 #EL #BC 1552 6017 8556
8558 #EL #BI 1547 6017 8557
8559 #EL #BI 89 25 8558
8560 #EL #BI 4 22 8559
8561 #EL #BI 298 21 8560
8562 #EL #BI 22 7 8561
8563 #EL #BI 280 108 8562
8564 #EL #BI 83 108 8563
8565 #EL #BI 3 16 8564
#DEF 1546 8368 8565 15
1564 #NS 0 ite_cond_eq_true
1565 #NI 933 2043133869
1566 #NS 1565 _hygCtx
1567 #NS 1566 _hyg
1568 #NI 1567 4
8566 #EA 6610 1715
8567 #EA 6001 25
8568 #EA 8567 22
8569 #EA 8568 21
8570 #EA 8569 7
8571 #EA 8570 5
8572 #EA 2288 8571
8573 #EA 8572 7
8574 #EP #BD 119 8566 8573
8575 #EP #BD 83 21 8574
8576 #EP #BD 52 7 8575
8577 #EP #BI 1568 1195 8576
8578 #EP #BI 280 108 8577
8579 #EP #BI 3 122 8578
8580 #EA 4644 8573
8581 #EA 4653 8573
8582 #EA 2288 7
8583 #EA 8582 7
8584 #EA 8581 8583
8585 #EA 8584 1715
8586 #EC 982 1 3
8587 #EA 8586 25
8588 #EA 8587 108
8589 #EA 8588 8572
8590 #EA 8589 8582
8591 #EC 441 1 8
8592 #EA 8591 25
8593 #EP #BD 79 25 108
8594 #EA 8592 8593
8595 #EA 8594 8571
8596 #EA 8595 7
8597 #EA 8596 2288
8598 #EC 1546 1
8599 #EA 8598 25
8600 #EA 8599 22
8601 #EA 8600 1715
8602 #EA 8601 7
8603 #EA 8602 5
8604 #EA 8603 7
8605 #EA 8604 5
8606 #EA 8605 21
8607 #EA 8606 8164
8608 #EA 8607 2
8609 #EA 411 68
8610 #EA 8609 21
8611 #EL #BD 79 1715 8610
8612 #EA 8608 8611
8613 #EA 124 1715
8614 #EA 8609 7
8615 #EL #BD 79 8613 8614
8616 #EA 8612 8615
8617 #EA 8597 8616
8618 #EA 8590 8617
8619 #EA 8618 7
8620 #EA 8585 8619
8621 #EC 954 1
8622 #EA 8621 25
8623 #EA 8622 7
8624 #EA 8620 8623
8625 #EA 8580 8624
8626 #EL #BD 119 8566 8625
8627 #EL #BD 83 21 8626
8628 #EL #BD 52 7 8627
8629 #EL #BI 1568 1195 8628
8630 #EL #BI 280 108 8629
8631 #EL #BI 3 122 8630
#DEF 1564 8579 8631 4
1569 #NS 497 _simp_1
8632 #EA 4242 2084
8633 #EA 8632 1715
8634 #EP #BD 11 13 8633
8635 #EA 4301 2084
8636 #EA 3016 2
8637 #EA 8635 8636
8638 #EL #BD 11 13 8637
#DEF 1569 8634 8638 
1570 #NS 8 zero_max
8639 #EA 3617 1021
8640 #EA 8639 2
8641 #EA 1888 8640
8642 #EA 8641 2
8643 #EP #BD 52 13 8642
8644 #EA 4644 8642
8645 #EA 4653 8642
8646 #EA 8645 6905
8647 #EA 8646 1715
8648 #EA 8144 8641
8649 #EA 8648 4934
8650 #EA 8147 8640
8651 #EA 8650 2
8652 #EA 8651 1888
8653 #EC 1564 3
8654 #EA 8653 13
8655 #EA 8654 2084
8656 #EA 3611 1021
8657 #EA 8656 2
8658 #EA 8655 8657
8659 #EA 8658 2
8660 #EA 8659 1021
8661 #EC 1569 
8662 #EA 8661 2
8663 #EA 8660 8662
8664 #EA 8652 8663
8665 #EA 8649 8664
8666 #EA 8665 2
8667 #EA 8647 8666
8668 #EA 4878 2
8669 #EA 8667 8668
8670 #EA 8644 8669
8671 #EL #BD 52 13 8670
#DEF 1570 8643 8671 
1571 #NS 8 max_eq_right
8672 #EA 3617 7
8673 #EA 8672 5
8674 #EA 1888 8673
8675 #EA 8674 5
8676 #EP #BD 119 2304 8675
8677 #EP #BI 83 13 8676
8678 #EP #BI 52 13 8677
8679 #EC 1239 3
8680 #EA 8679 7176
8681 #EA 3611 7
8682 #EA 8681 5
8683 #EA 8680 8682
8684 #EA 8683 2
8685 #EA 8684 13
8686 #EA 8685 5
8687 #EA 8686 7
8688 #EL #BD 119 2304 8687
8689 #EL #BI 83 13 8688
8690 #EL #BI 52 13 8689
#DEF 1571 8678 8690 
1572 #NS 469 le_antisymm
1573 #NS 1572 match_1_1
1574 #NI 478 1392848918
1575 #NS 1574 _hygCtx
1576 #NS 1575 _hyg
1577 #NI 1576 22
1578 #NS 136 _@
1579 #NS 1578 Init
1580 #NS 1579 Prelude
1581 #NI 1580 1392848918
1582 #NS 1581 _hygCtx
1583 #NS 1582 _hyg
1584 #NI 1583 16
8691 #EA 2303 7
8692 #EP #BD 137 8691 108
8693 #EP #BD 1584 2304 8692
8694 #EP #BD 1577 13 8693
8695 #EA 2303 21
8696 #EA 2309 22
8697 #EA 22 25
8698 #EA 8697 2208
8699 #EA 8698 2
8700 #EP #BD 137 8696 8699
1585 #NI 1576 51
8701 #EA 7772 70
8702 #EA 70 1944
8703 #EA 2102 283
8704 #EA 8703 7
8705 #EA 8704 5
8706 #EA 8702 8705
8707 #EA 8706 2
8708 #EP #BD 137 8701 8707
8709 #EP #BD 119 6847 8708
8710 #EP #BD 1585 13 8709
8711 #EP #BD 51 8710 1951
8712 #EP #BD 49 8700 8711
8713 #EP #BD 137 8695 8712
8714 #EP #BD 1584 2308 8713
8715 #EP #BD 1577 13 8714
8716 #EP #BD 13 8694 8715
8717 #EP #BI 11 13 8716
8718 #EA 6928 68
8719 #EA 2341 70
8720 #EA 2009 8719
8721 #EA 8720 68
8722 #EA 7103 7
8723 #EA 8721 8722
8724 #EA 8723 5
8725 #EA 294 283
8726 #EA 8725 70
8727 #EA 8726 68
8728 #EP #BD 119 8724 8727
8729 #EP #BD 119 7017 8728
8730 #EL #BD 22 2214 8729
8731 #EL #BD 79 13 8730
8732 #EA 8718 8731
8733 #EA 8732 22
8734 #EA 8733 21
1586 #NI 450 1392848918
1587 #NS 1586 _hygCtx
1588 #NS 1587 _hyg
1589 #NI 1588 70
8735 #EA 2433 68
8736 #EA 2436 70
8737 #EA 2303 294
8738 #EA 2385 7
8739 #EA 2009 8738
8740 #EA 8739 5
8741 #EA 8740 2476
8742 #EA 8741 2478
8743 #EA 335 21
8744 #EA 8743 7
8745 #EA 8744 5
8746 #EP #BD 119 8742 8745
8747 #EP #BD 137 8737 8746
8748 #EP #BD 1584 2379 8747
8749 #EL #BD 1577 13 8748
8750 #EA 8736 8749
1590 #NI 1588 71
8751 #EA 2009 7355
8752 #EA 8751 5
8753 #EA 7103 294
8754 #EA 8752 8753
8755 #EA 2096 294
8756 #EA 8754 8755
8757 #EA 2480 2472
8758 #EA 8757 2478
8759 #EA 335 344
8760 #EA 8759 2
8761 #EA 8760 7
8762 #EL #BD 1584 2472 8761
8763 #EA 8758 8762
8764 #EA 8763 215
8765 #EA 8764 7
8766 #EA 2535 2472
8767 #EA 8766 7
8768 #EA 8767 2478
8769 #EA 2539 2472
8770 #EA 8769 7
8771 #EA 8770 2478
8772 #EA 8771 2
8773 #EA 8768 8772
8774 #EA 8765 8773
8775 #EL #BD 1590 8756 8774
8776 #EL #BD 137 2469 8775
8777 #EL #BD 1584 7047 8776
8778 #EA 8750 8777
8779 #EA 8778 25
8780 #EA 2567 70
8781 #EA 8780 2
8782 #EA 8779 8781
8783 #EA 8782 22
8784 #EA 8783 21
8785 #EL #BD 1589 8735 8784
8786 #EA 8734 8785
1591 #NI 1576 68
1592 #NI 583 1392848918
1593 #NS 1592 _hygCtx
1594 #NS 1593 _hyg
1595 #NI 1594 69
1596 #NI 1588 73
8787 #EA 2303 344
8788 #EA 7284 2010
8789 #EA 7332 8788
8790 #EA 7237 25
8791 #EA 8790 22
8792 #EA 8789 8791
8793 #EA 675 21
8794 #EA 8793 7
8795 #EA 8794 5
8796 #EP #BD 119 8792 8795
8797 #EP #BD 137 8787 8796
8798 #EP #BD 1584 2386 8797
8799 #EL #BD 1577 13 8798
8800 #EA 7083 8799
8801 #EA 2341 1944
8802 #EA 2082 1984
8803 #EA 8802 335
1597 #NI 1588 74
8804 #EA 2352 2577
8805 #EA 2009 8804
8806 #EA 8805 5
8807 #EA 2399 2577
8808 #EA 8806 8807
8809 #EA 2102 344
8810 #EA 8809 22
8811 #EA 8810 21
8812 #EA 8808 8811
8813 #EA 2512 2010
8814 #EA 2480 8813
8815 #EA 8814 8791
8816 #EA 675 2641
8817 #EA 8816 2
8818 #EA 8817 7
8819 #EL #BD 1584 8813 8818
8820 #EA 8815 8819
8821 #EA 1535 5
8822 #EA 8820 8821
8823 #EA 8822 7
8824 #EA 2535 8813
8825 #EA 8824 7
8826 #EA 8825 8791
8827 #EA 2539 8813
8828 #EA 8827 7
8829 #EA 8828 8791
8830 #EA 8829 2
8831 #EA 8826 8830
8832 #EA 8823 8831
8833 #EL #BD 1597 8812 8832
8834 #EL #BD 137 8803 8833
8835 #EL #BD 1584 8801 8834
8836 #EA 8800 8835
8837 #EA 8836 70
8838 #EA 8837 7157
8839 #EA 8838 68
8840 #EA 8839 25
8841 #EL #BD 1596 7082 8840
8842 #EL #BD 1595 2214 8841
8843 #EL #BI 1591 13 8842
8844 #EA 8786 8843
8845 #EA 8844 2760
8846 #EA 2927 22
8847 #EA 2051 8846
8848 #EA 8847 21
8849 #EA 8845 8848
8850 #EL #BD 51 8710 8849
8851 #EL #BD 49 8700 8850
8852 #EL #BD 137 8695 8851
8853 #EL #BD 1584 2308 8852
8854 #EL #BD 1577 13 8853
8855 #EL #BD 13 8694 8854
8856 #EL #BI 11 13 8855
#DEF 1573 8717 8856 
1598 #NS 8 lt_of_le_of_lt
8857 #EA 7833 7
8858 #EA 8857 5
8859 #EA 7833 22
8860 #EA 8859 7
8861 #EP #BD 137 8858 8860
8862 #EP #BD 136 7176 8861
8863 #EP #BI 192 13 8862
8864 #EP #BI 161 13 8863
8865 #EP #BI 11 13 8864
8866 #EA 7754 2577
8867 #EA 8866 1984
8868 #EA 8867 7
8869 #EA 3023 22
8870 #EA 8869 21
8871 #EA 8870 5
8872 #EA 8868 8871
8873 #EA 8872 2
8874 #EL #BD 137 8858 8873
8875 #EL #BD 136 7176 8874
8876 #EL #BI 192 13 8875
8877 #EL #BI 161 13 8876
8878 #EL #BI 11 13 8877
#DEF 1598 8865 8878 
1599 #NS 8 le_antisymm
8879 #EA 7856 7
8880 #EP #BD 137 8691 8879
8881 #EP #BD 136 2304 8880
8882 #EP #BI 161 13 8881
8883 #EP #BI 11 13 8882
8884 #EC 1573 
8885 #EA 8884 21
8886 #EA 2303 25
8887 #EA 7016 7
8888 #EL #BD 137 8886 8887
8889 #EL #BD 1584 2310 8888
8890 #EL #BD 1577 13 8889
8891 #EA 8885 8890
8892 #EA 8891 7
8893 #EA 8892 5
8894 #EA 8893 2
8895 #EA 2320 21
8896 #EA 6962 22
8897 #EL #BD 137 8895 8896
8898 #EA 8894 8897
8899 #EA 7772 25
8900 #EA 7833 68
8901 #EA 8900 68
8902 #EA 3562 8901
8903 #EA 7016 1944
8904 #EA 8902 8903
8905 #EC 1598 
8906 #EA 8905 68
8907 #EA 8906 7
8908 #EA 8907 68
8909 #EA 8908 5
8910 #EA 8909 2
8911 #EA 8904 8910
8912 #EA 7881 68
8913 #EA 8911 8912
8914 #EL #BD 137 8899 8913
8915 #EL #BD 119 2151 8914
8916 #EL #BD 1585 13 8915
8917 #EA 8898 8916
8918 #EL #BD 137 8691 8917
8919 #EL #BD 136 2304 8918
8920 #EL #BI 161 13 8919
8921 #EL #BI 11 13 8920
#DEF 1599 8883 8921 
1600 #NS 0 not_false
8922 #EA 4063 110
#DEF 1600 6237 8922 
1601 #NS 0 instDecidableFalse
8923 #EA 1170 110
8924 #EA 1197 110
8925 #EC 1600 
8926 #EA 8924 8925
#DEF 1601 8923 8926 
1602 #NS 0 ite_cond_eq_false
1603 #NI 933 2256444130
1604 #NS 1603 _hygCtx
1605 #NS 1604 _hyg
1606 #NI 1605 4
8927 #EA 6610 110
8928 #EA 8572 5
8929 #EP #BD 119 8927 8928
8930 #EP #BD 83 21 8929
8931 #EP #BD 52 7 8930
8932 #EP #BI 1606 1195 8931
8933 #EP #BI 280 108 8932
8934 #EP #BI 3 122 8933
8935 #EA 4644 8928
8936 #EA 4653 8928
8937 #EA 2289 5
8938 #EA 8936 8937
8939 #EA 8938 1715
8940 #EA 8589 2289
8941 #EA 8595 5
8942 #EA 8941 2288
8943 #EA 8600 110
8944 #EA 8943 7
8945 #EA 8944 5
8946 #EA 8945 7
8947 #EA 8946 5
8948 #EA 8947 21
8949 #EC 1601 
8950 #EA 8948 8949
8951 #EA 8950 2
8952 #EL #BD 79 110 8610
8953 #EA 8951 8952
8954 #EL #BD 79 6237 8614
8955 #EA 8953 8954
8956 #EA 8942 8955
8957 #EA 8940 8956
8958 #EA 8957 5
8959 #EA 8939 8958
8960 #EA 8622 5
8961 #EA 8959 8960
8962 #EA 8935 8961
8963 #EL #BD 119 8927 8962
8964 #EL #BD 83 21 8963
8965 #EL #BD 52 7 8964
8966 #EL #BI 1606 1195 8965
8967 #EL #BI 280 108 8966
8968 #EL #BI 3 122 8967
#DEF 1602 8934 8968 4
1607 #NS 74 casesOn
8969 #EP #BD 14 110 122
8970 #EP #BD 14 110 1219
8971 #EP #BD 13 8969 8970
8972 #EA 1681 5
8973 #EA 8972 2
8974 #EL #BD 14 110 8973
8975 #EL #BD 13 8969 8974
#DEF 1607 8971 8975 4
1608 #NS 419 Or
1609 #NS 1608 elim
1610 #NS 1609 match_1_1
1611 #NI 450 2135250727
1612 #NS 1611 _hygCtx
1613 #NS 1612 _hyg
1614 #NI 1613 23
8976 #EA 8369 25
8977 #EA 8976 22
8978 #EA 8243 25
8979 #EA 8978 22
8980 #EL #BD 22 8979 203
8981 #EA 8977 8980
8982 #EA 8981 7
8983 #EA 8982 8277
8984 #EA 8983 1220
8985 #EL #BD 51 8266 8984
8986 #EL #BD 49 8260 8985
8987 #EL #BD 1614 8245 8986
8988 #EL #BD 13 8254 8987
8989 #EL #BI 83 108 8988
8990 #EL #BI 52 108 8989
#DEF 1610 8272 8990 
1615 #NS 1523 elim
8991 #EP #BD 79 21 7
8992 #EP #BD 970 1838 21
8993 #EP #BD 969 8991 8992
8994 #EP #BD 119 8245 8993
8995 #EP #BI 280 108 8994
8996 #EP #BI 83 108 8995
8997 #EP #BI 52 108 8996
8998 #EC 1610 
8999 #EA 8998 25
9000 #EA 8999 22
9001 #EL #BD 1614 8979 22
9002 #EA 9000 9001
9003 #EA 9002 7
9004 #EA 9003 8277
9005 #EA 9004 1220
9006 #EL #BD 970 1838 9005
9007 #EL #BD 969 8991 9006
9008 #EL #BD 119 8245 9007
9009 #EL #BI 280 108 9008
9010 #EL #BI 83 108 9009
9011 #EL #BI 52 108 9010
#DEF 1615 8997 9011 
1616 #NS 0 not_or_intro
1617 #NS 0 hb
9012 #EA 8243 21
9013 #EA 9012 7
9014 #EA 124 9013
9015 #EP #BD 1617 6000 9014
9016 #EP #BD 1299 6000 9015
9017 #EP #BI 83 108 9016
9018 #EP #BI 52 108 9017
1618 #NS 24 PropLemmas
1619 #NI 1618 1295535489
1620 #NS 1619 _hygCtx
1621 #NS 1620 _hyg
1622 #NI 1621 24
9019 #EC 1615 
9020 #EA 9019 22
9021 #EA 9020 21
9022 #EA 9021 110
9023 #EA 9022 2
9024 #EA 9023 7
9025 #EA 9024 5
9026 #EL #BD 1622 9013 9025
9027 #EL #BD 1617 6000 9026
9028 #EL #BD 1299 6000 9027
9029 #EL #BI 83 108 9028
9030 #EL #BI 52 108 9029
#DEF 1616 9018 9030 
1623 #NS 0 GE
1624 #NS 1623 ge
1625 #NI 292 1058783946
1626 #NS 1625 _hygCtx
1627 #NS 1626 _hyg
1628 #NI 1627 3
9031 #EC 274 1
9032 #EA 9031 21
9033 #EA 9032 7
9034 #EA 9033 2
9035 #EA 9034 5
9036 #EL #BD 83 7 9035
9037 #EL #BD 52 5 9036
9038 #EL #BC 1628 1187 9037
9039 #EL #BI 3 0 9038
#DEF 1624 1191 9039 4
1629 #NS 819 Nat
1630 #NS 1629 Basic
1631 #NI 1630 0
1632 #NS 1631 Nat
1633 #NS 1632 le_total
1634 #NS 1633 match_1_1
1635 #NI 1501 477940745
1636 #NS 1635 _hygCtx
1637 #NS 1636 _hyg
1638 #NI 1637 26
9040 #EA 8243 7842
9041 #EC 1624 0
9042 #EA 9041 13
9043 #EA 9042 2081
9044 #EA 9043 5
9045 #EA 9044 2
9046 #EA 9040 9045
9047 #EP #BD 1638 9046 108
9048 #EA 8243 8858
9049 #EA 9043 7
9050 #EA 9049 5
9051 #EA 9048 9050
9052 #EA 7851 7
9053 #EA 8859 21
9054 #EA 8255 9053
9055 #EA 9043 22
9056 #EA 9055 21
9057 #EA 9054 9056
9058 #EA 9057 2
9059 #EA 7 9058
9060 #EP #BD 119 9052 9059
9061 #EA 7833 25
9062 #EA 9061 22
9063 #EA 8261 9062
9064 #EA 9043 25
9065 #EA 9064 22
9066 #EA 9063 9065
9067 #EA 9066 2
9068 #EA 21 9067
9069 #EP #BD 119 9056 9068
9070 #EP #BD 51 9069 32
9071 #EP #BD 49 9060 9070
9072 #EP #BD 1638 9051 9071
9073 #EP #BD 13 9047 9072
9074 #EP #BD 11 13 9073
9075 #EP #BD 161 13 9074
9076 #EA 8369 9062
9077 #EA 9076 9065
9078 #EA 8243 9062
9079 #EA 9078 9065
9080 #EL #BD 22 9079 203
9081 #EA 9077 9080
9082 #EA 9081 7
1639 #NI 1507 477940745
1640 #NS 1639 _hygCtx
1641 #NS 1640 _hyg
1642 #NI 1641 48
9083 #EL #BD 1642 9062 1216
9084 #EA 9082 9083
1643 #NI 1641 49
9085 #EL #BD 1643 9065 1219
9086 #EA 9084 9085
9087 #EL #BD 51 9069 9086
9088 #EL #BD 49 9060 9087
9089 #EL #BD 1638 9051 9088
9090 #EL #BD 13 9047 9089
9091 #EL #BD 11 13 9090
9092 #EL #BD 161 13 9091
#DEF 1634 9075 9092 
1644 #NS 469 lt_or_ge
1645 #NS 1644 match_1_5
#DEF 1645 1785 1796 
1646 #NS 1644 match_1_3
#DEF 1646 9075 9092 
1647 #NS 8 le_succ_of_le
9093 #EA 2307 1289
9094 #EP #BD 119 2304 9093
9095 #EP #BI 161 13 9094
9096 #EP #BI 11 13 9095
9097 #EA 2102 7
9098 #EA 9097 5
9099 #EA 9098 2
9100 #EL #BD 119 2304 9099
9101 #EL #BI 161 13 9100
9102 #EL #BI 11 13 9101
#DEF 1647 9096 9102 
1648 #NS 1644 match_1_1
1649 #NI 139 3672051305
1650 #NS 1649 _hygCtx
1651 #NS 1650 _hyg
1652 #NI 1651 66
9103 #EA 4934 5
9104 #EA 8243 9103
9105 #EA 9104 7888
9106 #EP #BD 1652 9105 108
9107 #EA 6872 7
9108 #EA 8243 9107
9109 #EA 7841 7
9110 #EA 9108 9109
9111 #EA 7849 21
9112 #EA 7856 22
9113 #EA 8255 9112
9114 #EA 7851 22
9115 #EA 9113 9114
9116 #EA 9115 2
9117 #EA 7 9116
9118 #EP #BD 1065 9111 9117
9119 #EA 8261 7031
9120 #EA 8859 25
9121 #EA 9119 9120
9122 #EA 9121 2
9123 #EA 21 9122
9124 #EP #BD 1065 9114 9123
9125 #EP #BD 51 9124 32
9126 #EP #BD 49 9118 9125
9127 #EP #BD 1652 9110 9126
9128 #EP #BD 13 9106 9127
9129 #EP #BD 161 13 9128
9130 #EP #BD 11 13 9129
9131 #EA 8369 7031
9132 #EA 9131 9120
9133 #EA 8243 7031
9134 #EA 9133 9120
9135 #EL #BD 22 9134 203
9136 #EA 9132 9135
9137 #EA 9136 7
1653 #NI 450 3672051305
1654 #NS 1653 _hygCtx
1655 #NS 1654 _hyg
1656 #NI 1655 92
9138 #EL #BD 1656 7031 1216
9139 #EA 9137 9138
1657 #NI 1655 93
9140 #EL #BD 1657 9120 1219
9141 #EA 9139 9140
9142 #EL #BD 51 9124 9141
9143 #EL #BD 49 9118 9142
9144 #EL #BD 1652 9110 9143
9145 #EL #BD 13 9106 9144
9146 #EL #BD 161 13 9145
9147 #EL #BD 11 13 9146
#DEF 1648 9130 9147 
1658 #NS 469 eq_or_lt_of_le
1659 #NS 1658 match_1_3
1660 #NI 139 3439784135
1661 #NS 1660 _hygCtx
1662 #NI 1661 20
1663 #NS 1662 Init
1664 #NS 1663 Prelude
1665 #NI 1664 3439784135
1666 #NS 1665 _hygCtx
1667 #NS 1666 _hyg
1668 #NI 1667 47
1669 #NI 1661 21
1670 #NS 1669 Init
1671 #NS 1670 Prelude
1672 #NI 1671 3439784135
1673 #NS 1672 _hygCtx
1674 #NS 1673 _hyg
1675 #NI 1674 50
1676 #NI 1661 22
1677 #NS 1676 Init
1678 #NS 1677 Prelude
1679 #NI 1678 3439784135
1680 #NS 1679 _hygCtx
1681 #NS 1680 _hyg
1682 #NI 1681 53
1683 #NS 1661 _hyg
1684 #NI 1683 63
9148 #EA 2082 1352
9149 #EA 9148 1352
9150 #EA 1718 1352
9151 #EA 9150 2
9152 #EP #BD 1684 9149 9151
1685 #NI 337 3439784135
1686 #NS 1685 _hygCtx
1687 #NS 1686 _hyg
1688 #NI 1687 80
1689 #NI 1683 81
9153 #EA 9148 1392
9154 #EA 68 1352
9155 #EA 9154 1289
9156 #EA 9155 2
9157 #EP #BD 1689 9153 9156
9158 #EP #BD 1688 13 9157
1690 #NI 1687 103
9159 #EA 6919 1352
9160 #EA 1436 1352
9161 #EA 9160 2
9162 #EP #BD 119 9159 9161
9163 #EP #BD 1690 13 9162
9164 #EA 294 1944
9165 #EA 9164 1289
9166 #EA 9165 2
9167 #EP #BD 119 7773 9166
9168 #EP #BD 161 13 9167
9169 #EP #BD 11 13 9168
9170 #EA 70 68
9171 #EA 9170 25
9172 #EA 9171 22
9173 #EP #BD 371 9169 9172
9174 #EP #BD 122 9163 9173
9175 #EP #BD 51 9158 9174
9176 #EP #BD 49 9152 9175
9177 #EP #BD 1682 2304 9176
9178 #EP #BD 1675 13 9177
9179 #EP #BD 1668 13 9178
9180 #EP #BD 13 6985 9179
9181 #EA 7724 68
9182 #EA 2343 70
9183 #EA 9182 2
9184 #EP #BD 1682 9181 9183
9185 #EL #BD 22 13 9184
9186 #EA 1786 9185
9187 #EA 9186 68
9188 #EA 9148 25
9189 #EA 9148 2
9190 #EA 335 1352
9191 #EA 9190 5
9192 #EA 9191 2
9193 #EP #BD 1682 9189 9192
9194 #EL #BD 22 13 9193
9195 #EA 1786 9194
9196 #EA 9195 68
9197 #EL #BD 1682 9149 43
9198 #EA 9196 9197
1691 #NI 1687 183
9199 #EL #BD 1682 9153 2324
9200 #EL #BD 1691 13 9199
9201 #EA 9198 9200
9202 #EA 9201 2
9203 #EL #BD 1682 9188 9202
9204 #EA 9187 9203
1692 #NI 1687 182
9205 #EA 6919 68
9206 #EA 2909 2
9207 #EA 344 1984
9208 #EA 9207 5
9209 #EA 9208 2
9210 #EP #BD 1682 9206 9209
9211 #EL #BD 22 13 9210
9212 #EA 1786 9211
9213 #EA 9212 70
9214 #EA 7772 1352
9215 #EA 713 2
9216 #EL #BD 1682 9214 9215
9217 #EA 9213 9216
1693 #NI 1687 184
9218 #EA 2909 1392
9219 #EL #BD 1682 9218 2064
9220 #EL #BD 1693 13 9219
9221 #EA 9217 9220
9222 #EA 9221 2
9223 #EL #BD 1682 9205 9222
9224 #EL #BD 1692 13 9223
9225 #EA 9204 9224
9226 #EA 9225 22
9227 #EL #BD 371 9169 9226
9228 #EL #BD 122 9163 9227
9229 #EL #BD 51 9158 9228
9230 #EL #BD 49 9152 9229
9231 #EL #BD 1682 2304 9230
9232 #EL #BD 1675 13 9231
9233 #EL #BD 1668 13 9232
9234 #EL #BD 13 6985 9233
#DEF 1659 9180 9234 
1694 #NS 1658 match_1_1
1695 #NI 1683 140
9235 #EA 8243 6873
9236 #EA 9235 7842
9237 #EP #BD 1695 9236 108
9238 #EA 8243 7850
9239 #EA 9238 8858
9240 #EA 2433 21
9241 #EA 8255 9240
9242 #EA 9241 9053
9243 #EA 9242 2
9244 #EA 7 9243
9245 #EP #BD 119 8879 9244
9246 #EA 7317 22
9247 #EA 8261 9246
9248 #EA 9247 9062
9249 #EA 9248 2
9250 #EA 21 9249
9251 #EP #BD 119 9053 9250
9252 #EP #BD 51 9251 32
9253 #EP #BD 49 9245 9252
9254 #EP #BD 1695 9239 9253
9255 #EP #BD 13 9237 9254
9256 #EP #BD 161 13 9255
9257 #EP #BD 11 13 9256
9258 #EA 8369 9246
9259 #EA 9258 9062
9260 #EA 8243 9246
9261 #EA 9260 9062
9262 #EL #BD 22 9261 203
9263 #EA 9259 9262
9264 #EA 9263 7
1696 #NI 450 3439784135
1697 #NS 1696 _hygCtx
1698 #NS 1697 _hyg
1699 #NI 1698 168
9265 #EL #BD 1699 9246 1216
9266 #EA 9264 9265
1700 #NI 1698 169
9267 #EL #BD 1700 9062 1219
9268 #EA 9266 9267
9269 #EL #BD 51 9251 9268
9270 #EL #BD 49 9245 9269
9271 #EL #BD 1695 9239 9270
9272 #EL #BD 13 9237 9271
9273 #EL #BD 161 13 9272
9274 #EL #BD 11 13 9273
#DEF 1694 9257 9274 
1701 #NS 8 eq_or_lt_of_le
1702 #NS 1701 _f
1703 #NI 1683 20
1704 #NI 1683 21
1705 #NI 1683 22
9275 #EP #BD 1705 2304 9239
9276 #EP #BD 1704 13 9275
9277 #EL #BD 1703 13 9276
9278 #EA 1797 9277
9279 #EA 9278 2
9280 #EA 7856 5
9281 #EA 8243 9280
9282 #EA 7851 5
9283 #EA 9281 9282
9284 #EP #BD 1705 2308 9283
9285 #EP #BD 1704 13 9284
9286 #EP #BD 96 9279 9285
9287 #EP #BD 1703 13 9286
9288 #EC 1659 
1706 #NI 1683 185
9289 #EA 9278 7
9290 #EA 8243 8879
9291 #EA 9290 9052
9292 #EP #BD 1706 9289 9291
9293 #EL #BD 1682 2304 9292
9294 #EL #BD 1675 13 9293
9295 #EL #BD 1668 13 9294
9296 #EA 9288 9295
9297 #EA 9296 21
9298 #EA 9297 5
9299 #EA 9298 2
9300 #EA 9278 1352
9301 #EA 1888 1352
9302 #EA 9301 1352
9303 #EA 8255 9302
9304 #EA 7833 1352
9305 #EA 9304 1352
9306 #EA 9303 9305
9307 #EA 6962 1352
9308 #EA 9306 9307
9309 #EL #BD 1706 9300 9308
9310 #EL #BD 1684 9149 9309
9311 #EA 9299 9310
9312 #EA 9301 1944
9313 #EA 8261 9312
9314 #EA 9304 1944
9315 #EA 9313 9314
9316 #EA 3023 1352
9317 #EA 9316 7
9318 #EA 9317 3017
9319 #EA 9315 9318
9320 #EL #BD 1706 9300 9319
9321 #EL #BD 1689 9153 9320
9322 #EL #BD 1688 13 9321
9323 #EA 9311 9322
9324 #EA 9278 1289
9325 #EA 2909 1352
9326 #EA 3562 9325
9327 #EA 1888 1944
9328 #EA 9327 1352
9329 #EA 8243 9328
9330 #EA 7833 1944
9331 #EA 9330 1352
9332 #EA 9329 9331
9333 #EA 9326 9332
9334 #EA 9333 5
9335 #EA 7796 7
9336 #EA 9334 9335
9337 #EL #BD 1706 9324 9336
9338 #EL #BD 119 9159 9337
9339 #EL #BD 1690 13 9338
9340 #EA 9323 9339
9341 #EA 9278 1944
9342 #EA 7811 21
9343 #EA 9342 7
9344 #EA 9343 5
9345 #EC 1694 
9346 #EA 9345 22
9347 #EA 9346 21
9348 #EA 8243 9240
9349 #EA 9348 9053
9350 #EA 1888 2010
9351 #EA 9350 2577
9352 #EA 8243 9351
9353 #EA 7833 2010
9354 #EA 9353 2577
9355 #EA 9352 9354
9356 #EL #BD 1695 9349 9355
9357 #EA 9347 9356
9358 #EA 5418 21
9359 #EA 9358 2
9360 #EA 9357 9359
9361 #EA 8255 9351
9362 #EA 9361 9354
9363 #EA 1886 25
1707 #NI 1683 153
1708 #NI 1698 154
9364 #EA 7016 2
9365 #EA 1888 2594
9366 #EA 9365 1289
9367 #EL #BD 1708 9364 9366
9368 #EL #BD 1707 13 9367
9369 #EA 9363 9368
9370 #EA 6962 2010
9371 #EA 9369 9370
9372 #EA 9371 22
9373 #EA 9372 2
9374 #EA 9362 9373
9375 #EL #BD 119 9240 9374
9376 #EA 9360 9375
9377 #EA 8261 9351
9378 #EA 9377 9354
9379 #EA 2964 25
9380 #EA 9379 2968
9381 #EA 3023 9380
9382 #EA 9381 22
9383 #EA 9382 2
9384 #EA 9378 9383
9385 #EL #BD 119 9053 9384
9386 #EA 9376 9385
9387 #EZ 176 7180 9344 9386
9388 #EL #BD 1706 9341 9387
9389 #EL #BD 119 7773 9388
9390 #EL #BD 161 13 9389
9391 #EL #BD 11 13 9390
9392 #EA 9340 9391
9393 #EA 9392 7
9394 #EL #BD 1705 2308 9393
9395 #EL #BD 1704 13 9394
9396 #EL #BD 96 9279 9395
9397 #EL #BD 1703 13 9396
#DEF 1702 9287 9397 
9398 #EP #BI 11 13 9276
9399 #EA 1832 9277
9400 #EA 9399 7
9401 #EC 1702 
9402 #EA 9400 9401
9403 #EA 9402 5
9404 #EA 9403 2
9405 #EL #BD 1705 2304 9404
9406 #EL #BD 1704 13 9405
9407 #EL #BD 1703 13 9406
#DEF 1701 9398 9407 
1709 #NS 8 lt_or_ge
1710 #NS 1709 _f
9408 #EA 8857 2
9409 #EA 8243 9408
9410 #EA 9049 2
9411 #EA 9409 9410
9412 #EL #BD 161 13 9411
9413 #EA 1797 9412
9414 #EA 9413 2
9415 #EP #BD 96 9414 9051
9416 #EP #BD 161 13 9415
9417 #EP #BD 11 13 9416
9418 #EC 1645 
1711 #NI 478 3672051305
1712 #NS 1711 _hygCtx
1713 #NS 1712 _hyg
1714 #NI 1713 18
1715 #NI 1651 101
9419 #EA 8859 2
9420 #EA 8243 9419
9421 #EA 9055 2
9422 #EA 9420 9421
9423 #EL #BD 161 13 9422
9424 #EA 1797 9423
9425 #EA 9424 2
9426 #EA 8859 5
9427 #EA 8243 9426
9428 #EA 9055 5
9429 #EA 9427 9428
9430 #EP #BD 1715 9425 9429
9431 #EL #BD 1714 13 9430
9432 #EA 9418 9431
9433 #EA 9432 5
9434 #EA 9424 1352
9435 #EA 8859 1352
9436 #EA 8261 9435
9437 #EA 9055 1352
9438 #EA 9436 9437
9439 #EA 3016 22
9440 #EA 9438 9439
9441 #EL #BD 1715 9434 9440
9442 #EL #BD 370 1519 9441
9443 #EA 9433 9442
9444 #EA 9424 1392
9445 #EC 1646 
9446 #EA 9445 22
9447 #EA 9446 5
1716 #NI 1651 40
9448 #EA 9061 1944
9449 #EA 8243 9448
9450 #EA 9064 1944
9451 #EA 9449 9450
9452 #EL #BD 1716 9429 9451
9453 #EA 9447 9452
9454 #EA 9453 851
9455 #EA 8255 9448
9456 #EA 9455 9450
9457 #EC 1647 
9458 #EA 9457 2010
9459 #EA 9458 7
9460 #EA 9459 2
9461 #EA 9456 9460
9462 #EL #BD 119 9426 9461
9463 #EA 9454 9462
9464 #EC 1648 
9465 #EA 9464 25
9466 #EA 9465 7
9467 #EA 7849 25
9468 #EA 8243 9467
9469 #EA 8857 25
9470 #EA 9468 9469
9471 #EA 8900 1984
9472 #EA 8243 9471
9473 #EA 9043 68
9474 #EA 9473 1984
9475 #EA 9472 9474
9476 #EL #BD 1652 9470 9475
9477 #EA 9466 9476
9478 #EC 1701 
9479 #EA 9478 7
9480 #EA 9479 25
9481 #EA 9480 2
9482 #EA 9477 9481
9483 #EA 8255 9471
9484 #EA 9483 9474
1717 #NI 1651 80
1718 #NI 1655 81
9485 #EA 7841 2010
9486 #EL #BD 1718 7863 9485
9487 #EL #BD 1717 13 9486
9488 #EA 7862 9487
9489 #EA 7911 1984
9490 #EA 9488 9489
9491 #EA 9490 68
9492 #EA 9491 2
9493 #EA 9484 9492
9494 #EL #BD 1065 9467 9493
9495 #EA 9482 9494
9496 #EA 8261 9471
9497 #EA 9496 9474
9498 #EA 9497 2
9499 #EL #BD 1065 9469 9498
9500 #EA 9495 9499
9501 #EL #BD 119 9428 9500
9502 #EA 9463 9501
9503 #EL #BD 1715 9444 9502
9504 #EL #BD 161 13 9503
9505 #EA 9443 9504
9506 #EA 9505 2
9507 #EL #BD 96 9414 9506
9508 #EL #BD 161 13 9507
9509 #EL #BD 11 13 9508
#DEF 1710 9417 9509 
9510 #EP #BD 161 13 9046
9511 #EP #BD 11 13 9510
9512 #EA 1832 9412
9513 #EA 9512 2
9514 #EC 1710 
9515 #EA 9514 5
9516 #EA 9513 9515
9517 #EL #BD 161 13 9516
9518 #EL #BD 11 13 9517
#DEF 1709 9511 9518 
1719 #NS 8 le_of_succ_le
9519 #EA 7772 2
9520 #EP #BD 119 9519 7176
9521 #EP #BI 161 13 9520
9522 #EP #BI 11 13 9521
9523 #EA 7754 7
9524 #EA 9523 1944
9525 #EA 9524 5
9526 #EA 7761 7
9527 #EA 9525 9526
9528 #EA 9527 2
9529 #EL #BD 119 9519 9528
9530 #EL #BI 161 13 9529
9531 #EL #BI 11 13 9530
#DEF 1719 9522 9531 
1720 #NS 8 le_of_lt
9532 #EP #BD 79 7842 7176
9533 #EP #BI 161 13 9532
9534 #EP #BI 11 13 9533
9535 #EC 1719 
9536 #EA 9535 5
9537 #EA 9536 2
9538 #EL #BI 161 13 9537
9539 #EL #BI 11 13 9538
#DEF 1720 9534 9539 
1721 #NS 8 le_total
9540 #EA 8243 2304
9541 #EA 7724 5
9542 #EA 9540 9541
9543 #EP #BD 11 13 9542
9544 #EP #BD 161 13 9543
9545 #EC 1634 
9546 #EA 9545 5
9547 #EA 9546 2
9548 #EA 8243 7176
9549 #EA 9548 8691
9550 #EL #BD 1638 9046 9549
9551 #EA 9547 9550
9552 #EC 1709 
9553 #EA 9552 5
9554 #EA 9553 2
9555 #EA 9551 9554
9556 #EA 8255 7176
9557 #EA 9556 8691
9558 #EC 1720 
9559 #EA 9558 7
9560 #EA 9559 5
9561 #EA 9560 2
9562 #EA 9557 9561
9563 #EL #BD 119 7842 9562
9564 #EA 9555 9563
9565 #EA 8261 7176
9566 #EA 9565 8691
9567 #EA 9566 2
9568 #EL #BD 119 9045 9567
9569 #EA 9564 9568
9570 #EL #BD 11 13 9569
9571 #EL #BD 161 13 9570
#DEF 1721 9544 9571 
1722 #NS 8 max_comm
9572 #EA 1888 3619
9573 #EA 3617 2
9574 #EA 9573 5
9575 #EA 9572 9574
9576 #EP #BD 83 13 9575
9577 #EP #BD 52 13 9576
9578 #EA 4063 9575
9579 #EC 303 0
9580 #EA 8061 13
9581 #EA 9580 2304
9582 #EA 3611 5
9583 #EA 9582 2
9584 #EA 9581 9583
9585 #EA 9584 2
9586 #EA 9585 5
9587 #EA 1888 9586
9588 #EA 9580 9541
9589 #EA 3611 2
9590 #EA 9589 5
9591 #EA 9588 9590
9592 #EA 9591 5
9593 #EA 9592 2
9594 #EA 9587 9593
9595 #EA 9579 9594
9596 #EA 9595 2304
9597 #EA 9596 9583
9598 #EA 9580 7176
9599 #EA 9598 8682
9600 #EA 9599 5
9601 #EA 9600 7
9602 #EA 1888 9601
9603 #EA 9580 8691
9604 #EA 9582 7
9605 #EA 9603 9604
9606 #EA 9605 7
9607 #EA 9606 5
9608 #EA 9602 9607
9609 #EA 9579 9608
9610 #EA 9609 8691
9611 #EA 9610 9604
9612 #EA 9580 7180
9613 #EA 3611 21
9614 #EA 9613 7
9615 #EA 9612 9614
9616 #EA 9615 7
9617 #EA 9616 21
9618 #EA 1888 9617
9619 #EA 2307 21
9620 #EA 9580 9619
9621 #EA 8681 21
9622 #EA 9620 9621
9623 #EA 9622 21
9624 #EA 9623 7
9625 #EA 9618 9624
9626 #EA 4886 9625
9627 #EA 9626 9111
9628 #EA 4242 9625
9629 #EA 9628 9111
9630 #EA 4063 9629
9631 #EA 4754 13
9632 #EA 9631 108
9633 #EA 9632 9618
9634 #EA 9633 7849
9635 #EA 9634 9624
9636 #EA 9635 21
9637 #EA 8147 9617
9638 #EA 9637 7
9639 #EA 9638 1888
9640 #EA 8654 7180
9641 #EA 9640 9614
9642 #EA 9641 7
9643 #EA 9642 21
9644 #EA 4301 7180
9645 #EA 9644 5
9646 #EA 9643 9645
9647 #EA 9639 9646
9648 #EA 9636 9647
9649 #EA 8654 9619
9650 #EA 9649 9621
9651 #EA 9650 21
9652 #EA 9651 7
9653 #EA 4301 9619
9654 #EA 9653 2
9655 #EA 9652 9654
9656 #EA 9648 9655
9657 #EA 9630 9656
9658 #EA 9627 9657
9659 #EC 1599 
9660 #EA 9659 7
9661 #EA 9660 21
9662 #EA 9661 2
9663 #EA 9662 5
9664 #EA 9658 9663
9665 #EL #BD 137 8691 9664
9666 #EA 9611 9665
9667 #EA 124 8691
9668 #EA 4644 9625
9669 #EA 4653 9625
9670 #EA 7849 7
9671 #EA 9669 9670
9672 #EA 9671 1715
9673 #EA 9635 7
9674 #EA 9673 9647
9675 #EC 1602 3
9676 #EA 9675 13
9677 #EA 9676 9619
9678 #EA 9677 9621
9679 #EA 9678 21
9680 #EA 9679 7
9681 #EA 4552 9619
9682 #EA 9681 2
9683 #EA 9680 9682
9684 #EA 9674 9683
9685 #EA 9672 9684
9686 #EA 4878 7
9687 #EA 9685 9686
9688 #EA 9668 9687
9689 #EL #BD 137 9667 9688
9690 #EA 9666 9689
9691 #EL #BD 136 2304 9690
9692 #EA 9597 9691
9693 #EA 124 2304
9694 #EA 7856 21
9695 #EA 9669 9694
9696 #EA 9695 1715
9697 #EA 9633 7856
9698 #EA 9697 9624
9699 #EA 9698 21
9700 #EA 9637 21
9701 #EA 9700 1888
9702 #EA 9676 7180
9703 #EA 9702 9614
9704 #EA 9703 7
9705 #EA 9704 21
9706 #EA 4552 7180
9707 #EA 9706 5
9708 #EA 9705 9707
9709 #EA 9701 9708
9710 #EA 9699 9709
9711 #EA 9710 9655
9712 #EA 9696 9711
9713 #EA 4878 21
9714 #EA 9712 9713
9715 #EA 9668 9714
9716 #EL #BD 137 8691 9715
9717 #EA 9611 9716
9718 #EA 9626 8879
9719 #EA 9628 8879
9720 #EA 4063 9719
9721 #EA 9698 7
9722 #EA 9721 9709
9723 #EA 9722 9683
9724 #EA 9720 9723
9725 #EA 9718 9724
9726 #EC 1607 0
1723 #NS 1032 Nat
1724 #NS 1723 MinMax
1725 #NI 1724 3765606443
1726 #NS 1725 _hygCtx
1727 #NS 1726 _hyg
1728 #NI 1727 149
9727 #EA 8375 110
9728 #EC 1616 
9729 #EA 9728 7195
9730 #EA 2320 22
9731 #EA 9729 9730
9732 #EA 9731 7
9733 #EA 9732 5
9734 #EC 1721 
9735 #EA 9734 22
9736 #EA 9735 21
9737 #EA 9733 9736
9738 #EA 9727 9737
9739 #EA 9738 2
9740 #EP #BD 119 9739 9246
9741 #EL #BD 1728 110 9740
9742 #EA 9726 9741
9743 #EA 9728 7180
9744 #EA 9743 9619
9745 #EA 9744 5
9746 #EA 9745 2
9747 #EA 9734 21
9748 #EA 9747 7
9749 #EA 9746 9748
9750 #EA 9742 9749
9751 #EA 8550 110
9752 #EA 9751 9749
9753 #EA 9750 9752
9754 #EA 9725 9753
9755 #EL #BD 137 9667 9754
9756 #EA 9717 9755
9757 #EL #BD 136 9693 9756
9758 #EA 9692 9757
9759 #EA 9578 9758
9760 #EL #BD 83 13 9759
9761 #EL #BD 52 13 9760
#DEF 1722 9577 9761 
1729 #NS 8 max_eq_left
9762 #EA 8674 7
9763 #EP #BD 119 9541 9762
9764 #EP #BI 83 13 9763
9765 #EP #BI 52 13 9764
9766 #EA 3618 7
9767 #EA 1886 9766
1730 #NS 1500 MinMax
1731 #NI 1730 3177916863
1732 #NS 1731 _hygCtx
1733 #NS 1732 _hyg
1734 #NI 1733 20
1735 #NS 1506 MinMax
1736 #NI 1735 3177916863
1737 #NS 1736 _hygCtx
1738 #NS 1737 _hyg
1739 #NI 1738 21
9768 #EA 8672 21
9769 #EA 1888 9768
9770 #EA 9769 2
9771 #EA 6872 22
9772 #EL #BD 1739 9770 9771
9773 #EL #BD 1734 13 9772
9774 #EA 9767 9773
9775 #EC 1571 
9776 #EA 9775 5
9777 #EA 9776 7
9778 #EA 9777 2
9779 #EA 9774 9778
9780 #EA 9779 8673
9781 #EC 1722 
9782 #EA 9781 5
9783 #EA 9782 7
9784 #EA 9780 9783
9785 #EL #BD 119 9541 9784
9786 #EL #BI 83 13 9785
9787 #EL #BI 52 13 9786
#DEF 1729 9765 9787 
1740 #NS 1629 Lemmas
1741 #NI 1740 0
1742 #NS 1741 Nat
1743 #NS 1742 max_assoc
1744 #NS 1743 match_1_1
1745 #NS 1500 Lemmas
1746 #NI 1745 1340184461
1747 #NS 1746 _hygCtx
1748 #NI 1747 24
1749 #NS 1748 Init
1750 #NS 1749 Data
1751 #NS 1750 Nat
1752 #NS 1751 Lemmas
1753 #NI 1752 1340184461
1754 #NS 1753 _hygCtx
1755 #NS 1754 _hyg
1756 #NI 1755 51
9788 #EP #BD 1756 13 1295
1757 #NI 1747 25
1758 #NS 1757 Init
1759 #NS 1758 Data
1760 #NS 1759 Nat
1761 #NS 1760 Lemmas
1762 #NI 1761 1340184461
1763 #NS 1762 _hygCtx
1764 #NS 1763 _hyg
1765 #NI 1764 54
1766 #NI 1747 26
1767 #NS 1766 Init
1768 #NS 1767 Data
1769 #NS 1768 Nat
1770 #NS 1769 Lemmas
1771 #NI 1770 1340184461
1772 #NS 1771 _hygCtx
1773 #NS 1772 _hyg
1774 #NI 1773 57
1775 #NS 1747 _hyg
1776 #NI 1775 70
1777 #NI 1775 69
9789 #EP #BD 1777 13 1937
9790 #EP #BD 1776 13 9789
1778 #NI 1775 84
1779 #NI 1775 83
9791 #EA 6074 1021
9792 #EA 9791 2
9793 #EP #BD 1779 13 9792
9794 #EP #BD 1778 13 9793
1780 #NI 1775 98
1781 #NI 1775 97
9795 #EA 321 1021
9796 #EP #BD 1781 13 9795
9797 #EP #BD 1780 13 9796
1782 #NS 336 Data
1783 #NS 1782 Nat
1784 #NS 1783 Lemmas
1785 #NI 1784 1340184461
1786 #NS 1785 _hygCtx
1787 #NS 1786 _hyg
1788 #NI 1787 126
1789 #NI 1787 125
1790 #NI 1787 124
9798 #EA 9165 1392
9799 #EP #BD 1790 13 9798
9800 #EP #BD 1789 13 9799
9801 #EP #BD 1788 13 9800
9802 #EP #BD 371 9801 9172
9803 #EP #BD 122 9797 9802
9804 #EP #BD 51 9794 9803
9805 #EP #BD 49 9790 9804
9806 #EP #BD 1774 13 9805
9807 #EP #BD 1765 13 9806
9808 #EP #BD 1756 13 9807
9809 #EP #BD 13 9788 9808
9810 #EA 283 2
9811 #EA 9810 68
9812 #EA 9811 25
9813 #EL #BD 22 13 9812
9814 #EA 1786 9813
9815 #EA 9814 68
9816 #EA 1858 22
9817 #EA 9815 9816
1791 #NI 1787 143
9818 #EA 294 1289
9819 #EA 9818 2
9820 #EA 9819 68
9821 #EL #BD 22 13 9820
9822 #EA 1786 9821
9823 #EA 9822 68
9824 #EA 1393 25
9825 #EA 9823 9824
1792 #NI 1787 144
9826 #EA 335 1944
9827 #EA 9826 1289
9828 #EA 9827 2
9829 #EL #BD 22 13 9828
9830 #EA 1786 9829
9831 #EA 9830 68
9832 #EA 21 1289
9833 #EA 9832 1392
9834 #EA 9831 9833
1793 #NI 1787 145
9835 #EL #BD 1793 13 2187
9836 #EA 9834 9835
9837 #EL #BD 1792 13 9836
9838 #EA 9825 9837
9839 #EL #BD 1791 13 9838
9840 #EA 9817 9839
9841 #EL #BD 371 9801 9840
9842 #EL #BD 122 9797 9841
9843 #EL #BD 51 9794 9842
9844 #EL #BD 49 9790 9843
9845 #EL #BD 1774 13 9844
9846 #EL #BD 1765 13 9845
9847 #EL #BD 1756 13 9846
9848 #EL #BD 13 9788 9847
#DEF 1744 9809 9848 
1794 #NS 8 decEq
1795 #NS 1794 match_1
1796 #NI 139 18944136
1797 #NS 1796 _hygCtx
1798 #NS 1797 _hyg
1799 #NI 1798 21
9849 #EP #BD 119 6057 1505
9850 #EP #BD 119 6090 1523
9851 #EP #BD 51 9850 32
9852 #EP #BD 49 9849 9851
9853 #EP #BD 1799 1314 9852
9854 #EP #BD 13 1521 9853
9855 #EA 1594 22
9856 #EA 9855 2
9857 #EP #BD 119 9856 6074
9858 #EL #BD 22 1314 9857
9859 #EA 1543 9858
9860 #EA 9859 2
9861 #EA 9860 5
9862 #EA 9861 7
9863 #EL #BD 1799 1314 9862
9864 #EA 9863 7
9865 #EA 2034 7
9866 #EA 9864 9865
9867 #EL #BD 51 9850 9866
9868 #EL #BD 49 9849 9867
9869 #EL #BD 1799 1314 9868
9870 #EL #BD 13 1521 9869
#DEF 1795 9854 9870 15
1800 #NS 469 eq_of_beq_eq_true
1801 #NS 1800 match_1_1
1802 #NI 139 4204574704
1803 #NS 1802 _hygCtx
1804 #NI 1803 16
1805 #NS 1804 Init
1806 #NS 1805 Prelude
1807 #NI 1806 4204574704
1808 #NS 1807 _hygCtx
1809 #NS 1808 _hyg
1810 #NI 1809 43
1811 #NI 1803 17
1812 #NS 1811 Init
1813 #NS 1812 Prelude
1814 #NI 1813 4204574704
1815 #NS 1814 _hygCtx
1816 #NS 1815 _hyg
1817 #NI 1816 46
1818 #NI 1803 18
1819 #NS 1818 Init
1820 #NS 1819 Prelude
1821 #NI 1820 4204574704
1822 #NS 1821 _hygCtx
1823 #NS 1822 _hyg
1824 #NI 1823 49
9871 #EA 1810 2
9872 #EA 1594 9871
9873 #EA 9872 1468
9874 #EP #BD 1824 9873 108
9875 #EP #BD 1817 13 9874
9876 #EP #BD 1810 13 9875
1825 #NS 1803 _hyg
1826 #NI 1825 59
9877 #EA 1803 1352
9878 #EA 9877 1352
9879 #EA 1594 9878
9880 #EA 9879 1468
9881 #EP #BD 1826 9880 9151
1827 #NI 337 4204574704
1828 #NS 1827 _hygCtx
1829 #NS 1828 _hyg
1830 #NI 1829 74
9882 #EA 9877 1392
9883 #EA 1594 9882
9884 #EA 9883 1468
9885 #EP #BD 119 9884 9156
9886 #EP #BD 1830 13 9885
1831 #NI 1829 90
9887 #EA 1803 1392
9888 #EA 9887 1352
9889 #EA 1594 9888
9890 #EA 9889 1468
9891 #EP #BD 119 9890 9161
9892 #EP #BD 1831 13 9891
9893 #EA 1803 1289
9894 #EA 9893 1392
9895 #EA 1594 9894
9896 #EA 9895 1468
9897 #EP #BD 119 9896 9166
9898 #EP #BD 161 13 9897
9899 #EP #BD 11 13 9898
9900 #EP #BD 371 9899 9172
9901 #EP #BD 122 9892 9900
9902 #EP #BD 51 9886 9901
9903 #EP #BD 49 9881 9902
9904 #EP #BD 1824 9873 9903
9905 #EP #BD 1817 13 9904
9906 #EP #BD 1810 13 9905
9907 #EP #BD 13 9876 9906
9908 #EA 1804 68
9909 #EA 1594 9908
9910 #EA 9909 1468
9911 #EP #BD 1824 9910 9183
9912 #EL #BD 22 13 9911
9913 #EA 1786 9912
9914 #EA 9913 68
9915 #EA 9877 25
9916 #EA 1594 9915
9917 #EA 9916 1468
9918 #EA 9877 2
9919 #EA 1594 9918
9920 #EA 9919 1468
9921 #EP #BD 1824 9920 9192
9922 #EL #BD 22 13 9921
9923 #EA 1786 9922
9924 #EA 9923 68
9925 #EL #BD 1824 9880 43
9926 #EA 9924 9925
1832 #NI 1829 142
9927 #EL #BD 1824 9884 2324
9928 #EL #BD 1832 13 9927
9929 #EA 9926 9928
9930 #EA 9929 2
9931 #EL #BD 1824 9917 9930
9932 #EA 9914 9931
1833 #NI 1829 141
9933 #EA 9887 68
9934 #EA 1594 9933
9935 #EA 9934 1468
9936 #EA 1803 1944
9937 #EA 9936 2
9938 #EA 1594 9937
9939 #EA 9938 1468
9940 #EP #BD 1824 9939 9209
9941 #EL #BD 22 13 9940
9942 #EA 1786 9941
9943 #EA 9942 70
9944 #EA 9893 1352
9945 #EA 1594 9944
9946 #EA 9945 1468
9947 #EL #BD 1824 9946 9215
9948 #EA 9943 9947
1834 #NI 1829 143
9949 #EA 9936 1392
9950 #EA 1594 9949
9951 #EA 9950 1468
9952 #EL #BD 1824 9951 2064
9953 #EL #BD 1834 13 9952
9954 #EA 9948 9953
9955 #EA 9954 2
9956 #EL #BD 1824 9935 9955
9957 #EL #BD 1833 13 9956
9958 #EA 9932 9957
9959 #EA 9958 22
9960 #EL #BD 371 9899 9959
9961 #EL #BD 122 9892 9960
9962 #EL #BD 51 9886 9961
9963 #EL #BD 49 9881 9962
9964 #EL #BD 1824 9873 9963
9965 #EL #BD 1817 13 9964
9966 #EL #BD 1810 13 9965
9967 #EL #BD 13 9876 9966
#DEF 1801 9907 9967 
1835 #NS 8 eq_of_beq_eq_true
1836 #NS 1835 _f
1837 #NI 1825 16
1838 #NI 1825 17
1839 #NI 1825 18
9968 #EP #BD 1839 9873 7850
9969 #EP #BD 1838 13 9968
9970 #EL #BD 1837 13 9969
9971 #EA 1797 9970
9972 #EA 9971 2
9973 #EA 1803 7
9974 #EA 9973 2
9975 #EA 1594 9974
9976 #EA 9975 1468
9977 #EP #BD 1839 9976 9280
9978 #EP #BD 1838 13 9977
9979 #EP #BD 96 9972 9978
9980 #EP #BD 1837 13 9979
9981 #EC 1801 
1840 #NI 1825 144
9982 #EA 9971 7
9983 #EP #BD 1840 9982 8879
9984 #EL #BD 1824 9873 9983
9985 #EL #BD 1817 13 9984
9986 #EL #BD 1810 13 9985
9987 #EA 9981 9986
9988 #EA 9987 21
9989 #EA 9988 5
9990 #EA 9989 2
9991 #EA 9971 1352
9992 #EL #BD 1840 9991 9307
9993 #EL #BD 1826 9880 9992
9994 #EA 9990 9993
9995 #EA 1649 9312
9996 #EA 9877 1944
9997 #EA 9995 9996
9998 #EA 9997 1468
9999 #EA 9998 5
10000 #EL #BD 1840 9991 9999
10001 #EL #BD 119 9884 10000
10002 #EL #BD 1830 13 10001
10003 #EA 9994 10002
10004 #EA 9971 1289
10005 #EA 1649 9328
10006 #EA 9936 1352
10007 #EA 10005 10006
10008 #EA 10007 1468
10009 #EA 10008 5
10010 #EL #BD 1840 10004 10009
10011 #EL #BD 119 9890 10010
10012 #EL #BD 1831 13 10011
10013 #EA 10003 10012
10014 #EA 9971 1944
10015 #EA 1803 21
10016 #EA 10015 7
10017 #EA 1594 10016
10018 #EA 10017 1468
10019 #EZ 176 9240 9359 9373
10020 #EZ 176 10018 5 10019
10021 #EL #BD 1840 10014 10020
10022 #EL #BD 119 9896 10021
10023 #EL #BD 161 13 10022
10024 #EL #BD 11 13 10023
10025 #EA 10013 10024
10026 #EA 10025 7
10027 #EL #BD 1839 9976 10026
10028 #EL #BD 1838 13 10027
10029 #EL #BD 96 9972 10028
10030 #EL #BD 1837 13 10029
#DEF 1836 9980 10030 
10031 #EP #BI 11 13 9969
10032 #EA 1832 9970
10033 #EA 10032 7
10034 #EC 1836 
10035 #EA 10033 10034
10036 #EA 10035 5
10037 #EA 10036 2
10038 #EL #BD 1839 9873 10037
10039 #EL #BD 1838 13 10038
10040 #EL #BD 1837 13 10039
#DEF 1835 10031 10040 
1841 #NS 469 ne_of_beq_eq_false
1842 #NS 1841 match_1_1
1843 #NI 139 2553121238
1844 #NS 1843 _hygCtx
1845 #NI 1844 19
1846 #NS 1845 Init
1847 #NS 1846 Prelude
1848 #NI 1847 2553121238
1849 #NS 1848 _hygCtx
1850 #NS 1849 _hyg
1851 #NI 1850 54
1852 #NI 1844 20
1853 #NS 1852 Init
1854 #NS 1853 Prelude
1855 #NI 1854 2553121238
1856 #NS 1855 _hygCtx
1857 #NS 1856 _hyg
1858 #NI 1857 57
1859 #NI 1844 21
1860 #NS 1859 Init
1861 #NS 1860 Prelude
1862 #NI 1861 2553121238
1863 #NS 1862 _hygCtx
1864 #NS 1863 _hyg
1865 #NI 1864 60
10041 #EA 9872 1473
1866 #NI 1844 22
1867 #NS 1866 Init
1868 #NS 1867 Prelude
1869 #NI 1868 2553121238
1870 #NS 1869 _hygCtx
1871 #NS 1870 _hyg
1872 #NI 1871 63
10042 #EP #BD 1872 7850 108
10043 #EP #BD 1865 10041 10042
10044 #EP #BD 1858 13 10043
10045 #EP #BD 1851 13 10044
10046 #EA 9879 1473
1873 #NS 1844 _hyg
1874 #NI 1873 75
10047 #EA 9154 1352
10048 #EA 10047 5
10049 #EA 10048 2
10050 #EP #BD 1874 9302 10049
10051 #EP #BD 136 10046 10050
1875 #NI 337 2553121238
1876 #NS 1875 _hygCtx
1877 #NS 1876 _hyg
1878 #NI 1877 95
1879 #NI 1873 96
10052 #EA 9883 1473
10053 #EA 9301 1289
10054 #EA 283 1352
10055 #EA 10054 1944
10056 #EA 10055 5
10057 #EA 10056 2
10058 #EP #BD 137 10053 10057
10059 #EP #BD 1879 10052 10058
10060 #EP #BD 1878 13 10059
1880 #NI 1877 116
1881 #NI 1873 117
10061 #EA 9889 1473
10062 #EA 6948 1352
10063 #EA 9164 1352
10064 #EA 10063 5
10065 #EA 10064 2
10066 #EP #BD 137 10062 10065
10067 #EP #BD 1881 10061 10066
10068 #EP #BD 1880 13 10067
10069 #EA 9895 1473
10070 #EA 9327 1289
10071 #EA 9207 1944
10072 #EA 10071 5
10073 #EA 10072 2
10074 #EP #BD 137 10070 10073
10075 #EP #BD 136 10069 10074
10076 #EP #BD 161 13 10075
10077 #EP #BD 11 13 10076
10078 #EA 283 70
10079 #EA 10078 68
10080 #EA 10079 25
10081 #EA 10080 22
10082 #EP #BD 371 10077 10081
10083 #EP #BD 122 10068 10082
10084 #EP #BD 51 10060 10083
10085 #EP #BD 49 10051 10084
10086 #EP #BD 1872 7850 10085
10087 #EP #BD 1865 10041 10086
10088 #EP #BD 1858 13 10087
10089 #EP #BD 1851 13 10088
10090 #EP #BD 13 10045 10089
10091 #EA 1804 70
10092 #EA 1594 10091
10093 #EA 10092 1473
10094 #EA 6872 283
10095 #EA 344 7
10096 #EA 10095 294
10097 #EA 10096 5
10098 #EA 10097 2
10099 #EP #BD 1872 10094 10098
10100 #EP #BD 1865 10093 10099
10101 #EL #BD 22 13 10100
10102 #EA 1786 10101
10103 #EA 10102 70
10104 #EA 9877 68
10105 #EA 1594 10104
10106 #EA 10105 1473
10107 #EA 9301 70
10108 #EA 9919 1473
10109 #EA 9301 5
10110 #EA 2404 1352
10111 #EA 10110 7
10112 #EA 10111 5
10113 #EA 10112 2
10114 #EP #BD 1872 10109 10113
10115 #EP #BD 1865 10108 10114
10116 #EL #BD 22 13 10115
10117 #EA 1786 10116
10118 #EA 10117 283
10119 #EL #BD 1872 9302 321
10120 #EL #BD 1865 10046 10119
10121 #EA 10118 10120
1882 #NI 1877 179
10122 #EA 7197 5
10123 #EA 10122 2
10124 #EL #BD 1872 10053 10123
10125 #EL #BD 1865 10052 10124
10126 #EL #BD 1882 13 10125
10127 #EA 10121 10126
10128 #EA 10127 5
10129 #EA 10128 2
10130 #EL #BD 1872 10107 10129
10131 #EL #BD 1865 10106 10130
10132 #EA 10103 10131
1883 #NI 1877 178
10133 #EA 9887 70
10134 #EA 1594 10133
10135 #EA 10134 1473
10136 #EA 6948 283
10137 #EA 1803 1984
10138 #EA 10137 2
10139 #EA 1594 10138
10140 #EA 10139 1473
10141 #EA 1888 2577
10142 #EA 10141 5
10143 #EA 2486 2010
10144 #EA 10143 7
10145 #EA 10144 5
10146 #EA 10145 2
10147 #EP #BD 1872 10142 10146
10148 #EP #BD 1865 10140 10147
10149 #EL #BD 22 13 10148
10150 #EA 1786 10149
10151 #EA 10150 294
10152 #EA 1594 10006
10153 #EA 10152 1473
10154 #EA 6939 1352
10155 #EA 68 22
10156 #EA 10155 5
10157 #EA 10156 2
10158 #EL #BD 1872 10154 10157
10159 #EL #BD 1865 10153 10158
10160 #EA 10151 10159
1884 #NI 1877 180
10161 #EA 10137 1392
10162 #EA 1594 10161
10163 #EA 10162 1473
10164 #EA 10141 1289
10165 #EL #BD 1872 10164 374
10166 #EL #BD 1865 10163 10165
10167 #EL #BD 1884 13 10166
10168 #EA 10160 10167
10169 #EA 10168 5
10170 #EA 10169 2
10171 #EL #BD 1872 10136 10170
10172 #EL #BD 1865 10135 10171
10173 #EL #BD 1883 13 10172
10174 #EA 10132 10173
10175 #EA 10174 25
10176 #EA 10175 22
10177 #EL #BD 371 10077 10176
10178 #EL #BD 122 10068 10177
10179 #EL #BD 51 10060 10178
10180 #EL #BD 49 10051 10179
10181 #EL #BD 1872 7850 10180
10182 #EL #BD 1865 10041 10181
10183 #EL #BD 1858 13 10182
10184 #EL #BD 1851 13 10183
10185 #EL #BD 13 10045 10184
#DEF 1842 10090 10185 
1885 #NS 8 ne_of_beq_eq_false
1886 #NS 1885 _f
1887 #NI 1873 19
1888 #NI 1873 20
1889 #NI 1873 21
1890 #NI 1873 22
10186 #EP #BD 1890 7850 110
10187 #EP #BD 1889 10041 10186
10188 #EP #BD 1888 13 10187
10189 #EL #BD 1887 13 10188
10190 #EA 1797 10189
10191 #EA 10190 2
10192 #EA 9975 1473
10193 #EP #BD 1890 9280 110
10194 #EP #BD 1889 10192 10193
10195 #EP #BD 1888 13 10194
10196 #EP #BD 96 10191 10195
10197 #EP #BD 1887 13 10196
10198 #EC 1842 
1891 #NI 1873 181
10199 #EA 10190 21
10200 #EP #BD 1891 10199 110
10201 #EL #BD 1872 7850 10200
10202 #EL #BD 1865 10041 10201
10203 #EL #BD 1858 13 10202
10204 #EL #BD 1851 13 10203
10205 #EA 10198 10204
10206 #EA 10205 22
10207 #EA 10206 7
10208 #EA 10207 5
10209 #EA 10208 2
10210 #EA 10190 1352
10211 #EA 1650 9878
10212 #EA 10211 1473
10213 #EA 10212 7
10214 #EL #BD 1891 10210 10213
10215 #EL #BD 1874 9302 10214
10216 #EL #BD 136 10046 10215
10217 #EA 10209 10216
10218 #EA 6942 1352
10219 #EA 10218 1984
10220 #EA 10219 5
10221 #EL #BD 1891 10210 10220
10222 #EL #BD 137 10053 10221
10223 #EL #BD 1879 10052 10222
10224 #EL #BD 1878 13 10223
10225 #EA 10217 10224
10226 #EA 10190 1944
10227 #EA 6942 1984
10228 #EA 10227 1352
10229 #EA 10228 5
10230 #EL #BD 1891 10226 10229
10231 #EL #BD 137 10062 10230
10232 #EL #BD 1881 10061 10231
10233 #EL #BD 1880 13 10232
10234 #EA 10225 10233
10235 #EA 10190 1984
10236 #EA 1803 22
10237 #EA 10236 21
10238 #EA 1594 10237
10239 #EA 10238 1473
10240 #EA 6942 2010
10241 #EA 10240 2577
10242 #EA 10241 7
10243 #EA 7016 25
10244 #EA 3562 10243
10245 #EA 10244 110
10246 #EA 10245 2
10247 #EJ 86 0 7
10248 #EA 10247 25
10249 #EA 10248 5
10250 #EA 10246 10249
10251 #EL #BD 137 9246 10250
10252 #EA 10242 10251
10253 #EZ 176 10239 7 10252
10254 #EL #BD 1891 10235 10253
10255 #EL #BD 137 10070 10254
10256 #EL #BD 136 10069 10255
10257 #EL #BD 161 13 10256
10258 #EL #BD 11 13 10257
10259 #EA 10234 10258
10260 #EA 10259 21
10261 #EL #BD 1890 9280 10260
10262 #EL #BD 1889 10192 10261
10263 #EL #BD 1888 13 10262
10264 #EL #BD 96 10191 10263
10265 #EL #BD 1887 13 10264
#DEF 1886 10197 10265 
10266 #EA 124 7850
10267 #EP #BD 79 10041 10266
10268 #EP #BI 161 13 10267
10269 #EP #BI 11 13 10268
10270 #EA 1832 10189
10271 #EA 10270 21
10272 #EC 1886 
10273 #EA 10271 10272
10274 #EA 10273 7
10275 #EA 10274 5
10276 #EA 10275 2
10277 #EL #BD 1890 7850 10276
10278 #EL #BD 1889 10041 10277
10279 #EL #BD 1888 13 10278
10280 #EL #BD 1887 13 10279
#DEF 1885 10269 10280 
10281 #EA 1593 13
10282 #EA 10281 5
10283 #EA 10282 2
10284 #EA 1170 10283
10285 #EP #BD 161 13 10284
10286 #EP #BD 11 13 10285
10287 #EC 1795 3
10288 #EA 10281 7
10289 #EA 10288 5
10290 #EA 1170 10289
10291 #EL #BD 1799 1314 10290
10292 #EA 10287 10291
10293 #EA 10292 9871
10294 #EA 1202 10289
10295 #EC 1835 
10296 #EA 10295 7
10297 #EA 10296 5
10298 #EA 10297 2
10299 #EA 10294 10298
10300 #EL #BD 119 9873 10299
10301 #EA 10293 10300
10302 #EA 1197 10289
10303 #EC 1885 
10304 #EA 10303 7
10305 #EA 10304 5
10306 #EA 10305 2
10307 #EA 10302 10306
10308 #EL #BD 119 10041 10307
10309 #EA 10301 10308
10310 #EL #BD 161 13 10309
10311 #EL #BD 11 13 10310
#DEF 1794 10286 10311 
1892 #NS 0 instDecidableEqNat
10312 #EA 1676 13
10313 #EC 1794 
#DEF 1892 10312 10313 
1893 #NS 268 decide
10314 #EP #BC 119 1195 1314
10315 #EP #BD 270 108 10314
10316 #EC 275 3
10317 #EA 10316 5
1894 #NI 139 4037422846
1895 #NS 1894 _hygCtx
1896 #NS 1895 _hyg
1897 #NI 1896 7
10318 #EL #BD 1897 1171 1314
10319 #EA 10317 10318
10320 #EA 10319 2
1898 #NI 1896 12
10321 #EL #BD 1898 6000 1473
10322 #EA 10320 10321
1899 #NI 1896 19
10323 #EL #BD 1899 5 1468
10324 #EA 10322 10323
10325 #EL #BC 119 1195 10324
10326 #EL #BD 270 108 10325
#DEF 1893 10315 10326 
1900 #NS 419 of_decide_eq_true
1901 #NS 1900 match_1_1
#DEF 1901 5984 5999 
1902 #NS 419 ne_true_of_eq_false
1903 #NS 1902 match_1_1
1904 #NI 139 3968757478
1905 #NS 1904 _hygCtx
1906 #NI 1905 14
1907 #NS 1906 Init
1908 #NS 1907 Prelude
1909 #NI 1908 3968757478
1910 #NS 1909 _hygCtx
1911 #NS 1910 _hyg
1912 #NI 1911 33
1913 #NI 1905 15
1914 #NS 1913 Init
1915 #NS 1914 Prelude
1916 #NI 1915 3968757478
1917 #NS 1916 _hygCtx
1918 #NS 1917 _hyg
1919 #NI 1918 36
10327 #EA 6056 1473
10328 #EP #BD 1919 10327 108
10329 #EP #BD 1912 1314 10328
10330 #EP #BD 119 1659 6063
1920 #NS 1905 _hyg
1921 #NI 1920 52
10331 #EP #BD 1921 1639 6066
10332 #EP #BD 51 10331 80
10333 #EP #BD 49 10330 10332
10334 #EP #BD 1919 10327 10333
10335 #EP #BD 1912 1314 10334
10336 #EP #BD 13 10329 10335
10337 #EP #BD 1919 10327 6075
10338 #EL #BD 22 1314 10337
10339 #EA 6073 10338
10340 #EA 10339 21
10341 #EL #BD 1919 1639 1219
10342 #EA 10340 10341
10343 #EL #BD 1919 1659 1216
10344 #EA 10342 10343
10345 #EA 10344 7
10346 #EL #BD 51 10331 10345
10347 #EL #BD 49 10330 10346
10348 #EL #BD 1919 10327 10347
10349 #EL #BD 1912 1314 10348
10350 #EL #BD 13 10329 10349
#DEF 1903 10336 10350 
1922 #NS 0 ne_true_of_eq_false
10351 #EA 1595 1468
10352 #EA 124 10351
10353 #EP #BD 79 10327 10352
10354 #EP #BI 83 1314 10353
1923 #NI 1920 14
1924 #NI 1920 15
10355 #EC 1903 
10356 #EL #BD 1919 10327 10352
10357 #EL #BD 1912 1314 10356
10358 #EA 10355 10357
10359 #EA 10358 5
10360 #EA 10359 2
10361 #EA 1649 6061
10362 #EA 10361 1468
10363 #EA 10362 1473
10364 #EA 10363 2
10365 #EL #BD 119 1659 10364
10366 #EA 10360 10365
10367 #EL #BD 1921 1639 1654
10368 #EA 10366 10367
10369 #EL #BD 1924 10327 10368
10370 #EL #BD 1923 1314 10369
#DEF 1922 10354 10370 
1925 #NS 419 decide_eq_false
1926 #NS 1925 match_1_1
1927 #NI 139 973251453
1928 #NS 1927 _hygCtx
1929 #NI 1928 19
1930 #NS 1929 Init
1931 #NS 1930 Prelude
1932 #NI 1931 973251453
1933 #NS 1932 _hygCtx
1934 #NS 1933 _hyg
1935 #NI 1934 38
1936 #NI 1928 20
1937 #NS 1936 Init
1938 #NS 1937 Prelude
1939 #NI 1938 973251453
1940 #NS 1939 _hygCtx
1941 #NS 1940 _hyg
1942 #NI 1941 41
10371 #EP #BD 1942 6000 108
10372 #EP #BD 1935 1195 10371
10373 #EA 1202 25
10374 #EA 10373 5
10375 #EA 22 10374
10376 #EA 10375 2
10377 #EP #BD 137 1215 10376
10378 #EP #BD 136 21 10377
1943 #NI 450 973251453
1944 #NS 1943 _hygCtx
1945 #NS 1944 _hyg
1946 #NI 1945 63
1947 #NS 1928 _hyg
1948 #NI 1947 64
10379 #EA 6042 5
10380 #EA 25 10379
10381 #EA 10380 2
10382 #EP #BD 1948 6041 10381
10383 #EP #BD 1946 1215 10382
10384 #EP #BD 51 10383 80
10385 #EP #BD 49 10378 10384
10386 #EP #BD 1942 392 10385
10387 #EP #BD 1935 1171 10386
10388 #EP #BD 13 10372 10387
10389 #EP #BI 270 108 10388
10390 #EA 5985 25
10391 #EL #BD 22 6017 89
10392 #EA 10390 10391
10393 #EA 10392 21
1949 #NI 1945 72
10394 #EA 1219 21
10395 #EL #BD 1949 6041 10394
10396 #EA 10393 10395
1950 #NI 1945 73
10397 #EA 1216 21
10398 #EL #BD 1950 25 10397
10399 #EA 10396 10398
10400 #EL #BD 51 10383 10399
10401 #EL #BD 49 10378 10400
10402 #EL #BD 1942 392 10401
10403 #EL #BD 1935 1171 10402
10404 #EL #BD 13 10372 10403
10405 #EL #BI 270 108 10404
#DEF 1926 10389 10405 
1951 #NS 0 decide_eq_false
1952 #NI 292 973251453
1953 #NS 1952 _hygCtx
1954 #NS 1953 _hyg
1955 #NI 1954 7
10406 #EC 1893 
10407 #EA 10406 7
10408 #EA 10407 5
10409 #EA 1594 10408
10410 #EA 10409 1473
10411 #EP #BD 79 6000 10410
10412 #EP #BC 1955 1195 10411
10413 #EP #BI 270 108 10412
1956 #NI 1947 19
1957 #NI 1947 20
10414 #EC 1926 
10415 #EA 10414 7
10416 #EA 10406 22
10417 #EA 10416 5
10418 #EA 1594 10417
10419 #EA 10418 1473
10420 #EL #BD 1942 1239 10419
10421 #EL #BD 1935 6528 10420
10422 #EA 10415 10421
10423 #EA 10422 5
10424 #EA 10423 2
10425 #EA 1203 5
10426 #EA 10416 10425
10427 #EA 1594 10426
10428 #EA 10427 1473
10429 #EA 6548 10428
10430 #EA 10429 5
10431 #EA 10430 2
10432 #EL #BD 137 1239 10431
10433 #EL #BD 136 7 10432
10434 #EA 10424 10433
10435 #EA 5976 5
10436 #EA 10416 10435
10437 #EA 1642 10436
10438 #EL #BD 1948 1239 10437
10439 #EL #BD 1946 392 10438
10440 #EA 10434 10439
10441 #EL #BD 1957 6000 10440
10442 #EL #BD 1956 1195 10441
10443 #EL #BI 270 108 10442
#DEF 1951 10413 10443 
1958 #NS 0 of_decide_eq_true
10444 #EA 10406 5
10445 #EA 10444 2
10446 #EA 1594 10445
10447 #EA 10446 1468
10448 #EP #BD 79 10447 7
10449 #EP #BC 289 1195 10448
10450 #EP #BI 270 108 10449
10451 #EC 1901 
10452 #EA 10451 7
1959 #NI 292 1224138662
1960 #NS 1959 _hygCtx
1961 #NS 1960 _hyg
1962 #NI 1961 20
10453 #EL #BD 1962 6528 21
10454 #EA 10452 10453
10455 #EA 10454 5
10456 #EA 10455 964
10457 #EA 10406 21
10458 #EA 10457 7
10459 #EA 1594 10458
10460 #EA 10459 1468
10461 #EA 3562 10460
10462 #EA 10461 21
10463 #EA 10462 5
10464 #EC 1922 
10465 #EA 10464 10458
10466 #EC 1951 
10467 #EA 10466 21
10468 #EA 10467 7
10469 #EA 10468 2
10470 #EA 10465 10469
10471 #EA 10463 10470
10472 #EL #BD 136 392 10471
10473 #EA 10456 10472
10474 #EL #BD 119 10447 10473
10475 #EL #BC 289 1195 10474
10476 #EL #BI 270 108 10475
#DEF 1958 10450 10476 
1963 #NS 8 le_zero_eq
10477 #EA 7724 1021
10478 #EA 4242 10477
10479 #EA 10478 6923
10480 #EP #BD 52 13 10479
10481 #EA 4284 10477
10482 #EA 10481 6923
10483 #EA 4287 10477
10484 #EA 10483 6923
10485 #EA 9659 5
10486 #EA 10485 1021
10487 #EA 10486 2
10488 #EA 3016 5
10489 #EA 10487 10488
10490 #EL #BD 119 10477 10489
10491 #EA 10484 10490
10492 #EA 2303 1021
10493 #EA 4886 10492
10494 #EA 2083 1021
10495 #EA 10493 10494
10496 #EA 4242 10492
10497 #EA 10496 10494
10498 #EA 4063 10497
10499 #EA 4931 5
10500 #EA 10499 1021
10501 #EL #BD 1057 13 10477
10502 #EA 10500 10501
10503 #EA 10502 2
10504 #EA 10498 10503
10505 #EA 10495 10504
10506 #EC 1958 
10507 #EA 10506 10494
10508 #EA 8656 1021
10509 #EA 10507 10508
10510 #EA 10406 10494
10511 #EA 10510 10508
10512 #EA 1594 10511
10513 #EA 10512 1468
10514 #EA 4063 10513
10515 #EA 10514 2049
10516 #EA 10509 10515
10517 #EA 10505 10516
10518 #EL #BD 119 6923 10517
10519 #EA 10491 10518
10520 #EA 10482 10519
10521 #EL #BD 52 13 10520
#DEF 1963 10480 10521 
1964 #NS 0 implies_congr
1965 #NS 0 p₁
1966 #NS 0 p₂
1967 #NS 0 q₁
1968 #NS 0 q₂
10522 #EA 4313 7
10523 #EC 80 21
10524 #EA 10523 134
10525 #EA 10524 7
10526 #EA 10525 5
29 #US 28
10527 #EC 80 29
10528 #ES 28
10529 #EA 10527 10528
10530 #EP #BD 79 25 22
10531 #EA 10529 10530
10532 #EP #BD 79 22 21
10533 #EA 10531 10532
10534 #EP #BD 137 10526 10533
10535 #EP #BD 136 10522 10534
10536 #EP #BI 1968 134 10535
10537 #EP #BI 1967 134 10536
10538 #EP #BI 1966 122 10537
10539 #EP #BI 1965 122 10538
10540 #EC 162 0 2
10541 #EA 10540 122
10542 #EA 10541 25
1969 #NI 933 2538488762
1970 #NS 1969 _hygCtx
1971 #NS 1970 _hyg
1972 #NI 1971 32
1973 #NI 938 2538488762
1974 #NS 1973 _hygCtx
1975 #NS 1974 _hyg
1976 #NI 1975 33
10543 #EA 504 68
10544 #EA 10543 2
10545 #EP #BD 79 70 68
10546 #EA 10529 10545
10547 #EP #BD 79 5 25
10548 #EA 10546 10547
10549 #EL #BD 1976 10544 10548
10550 #EL #BD 1972 122 10549
10551 #EA 10542 10550
10552 #EC 162 0 21
10553 #EA 10552 134
10554 #EA 10553 21
1977 #NI 1971 30
1978 #NI 1975 31
10555 #EA 10524 22
10556 #EA 10555 2
10557 #EP #BD 79 70 7
10558 #EA 10546 10557
10559 #EL #BD 1978 10556 10558
10560 #EL #BD 1977 134 10559
10561 #EA 10554 10560
10562 #EC 144 29
10563 #EA 10562 10528
10564 #EA 10563 10530
10565 #EA 10561 10564
10566 #EA 10565 7
10567 #EA 10566 2
10568 #EA 10551 10567
10569 #EA 10568 22
10570 #EA 10569 5
10571 #EL #BD 137 10526 10570
10572 #EL #BD 136 10522 10571
10573 #EL #BI 1968 134 10572
10574 #EL #BI 1967 134 10573
10575 #EL #BI 1966 122 10574
10576 #EL #BI 1965 122 10575
#DEF 1964 10539 10576 4 89
1979 #NS 0 false_implies
10577 #EA 4242 1679
10578 #EA 10577 1715
10579 #EP #BD 270 108 10578
10580 #EA 4301 1679
10581 #EA 1995 2
10582 #EA 10580 10581
10583 #EL #BD 270 108 10582
#DEF 1979 10579 10583 
1980 #NS 0 Nonempty
1981 #NS 1980 intro
1982 #NS 0 val
10584 #EC 1980 1
10585 #EA 10584 5
10586 #EP #BD 1982 2 10585
10587 #EP #BI 3 122 10586
#IND 1 1980 6507 1 1981 10587 4
1983 #NS 1980 casesOn
10588 #EA 10584 2
10589 #EP #BD 14 10588 108
10590 #EC 1981 1
10591 #EA 10590 21
10592 #EA 10591 2
10593 #EA 7 10592
10594 #EP #BD 1982 7 10593
10595 #EP #BD 1062 10594 96
10596 #EP #BD 14 10585 10595
10597 #EP #BI 13 10589 10596
10598 #EP #BI 3 122 10597
1984 #NS 1980 rec
10599 #EC 1984 1
10600 #EA 10599 21
10601 #EA 10600 7
10602 #EL #BD 1982 21 1219
10603 #EA 10601 10602
10604 #EA 10603 5
10605 #EL #BD 1062 10594 10604
10606 #EL #BD 14 10585 10605
10607 #EL #BI 13 10589 10606
10608 #EL #BI 3 122 10607
#DEF 1983 10598 10608 4
1985 #NS 419 Nonempty
1986 #NS 1985 elim
1987 #NS 1986 match_1_1
1988 #NI 1580 2135250728
1989 #NS 1988 _hygCtx
1990 #NS 1989 _hyg
1991 #NI 1990 13
10609 #EC 1980 4
10610 #EA 10609 2
10611 #EP #BD 1991 10610 108
10612 #EA 10609 5
10613 #EC 1981 4
10614 #EA 10613 21
10615 #EA 10614 2
10616 #EA 7 10615
10617 #EP #BD 52 7 10616
10618 #EP #BD 49 10617 96
10619 #EP #BD 1991 10612 10618
10620 #EP #BD 13 10611 10619
10621 #EP #BI 3 16 10620
10622 #EC 1983 4
10623 #EA 10622 21
10624 #EA 10609 21
10625 #EL #BD 22 10624 184
10626 #EA 10623 10625
10627 #EA 10626 5
10628 #EA 10627 10602
10629 #EL #BD 49 10617 10628
10630 #EL #BD 1991 10612 10629
10631 #EL #BD 13 10611 10630
10632 #EL #BI 3 16 10631
#DEF 1987 10621 10632 15
1992 #NS 1980 elim
10633 #EP #BD 137 507 7
10634 #EP #BD 136 10585 10633
10635 #EP #BI 270 108 10634
10636 #EP #BI 3 122 10635
10637 #EC 1987 1
10638 #EA 10637 21
10639 #EA 10584 21
10640 #EL #BD 1991 10639 21
10641 #EA 10638 10640
10642 #EA 10641 5
10643 #EA 10642 10602
10644 #EL #BD 137 507 10643
10645 #EL #BD 136 10585 10644
10646 #EL #BI 270 108 10645
10647 #EL #BI 3 122 10646
#DEF 1992 10636 10647 4
1993 #NS 0 forall_const
1994 #NS 0 i
10648 #EA 4265 1063
10649 #EA 10648 7
10650 #EP #BC 1994 10610 10649
10651 #EP #BD 3 16 10650
10652 #EP #BI 83 108 10651
10653 #EA 4287 1063
10654 #EA 10653 7
10655 #EC 1992 4
10656 #EA 10655 5
10657 #EA 10656 7
10658 #EA 10657 2
10659 #EA 10654 10658
1995 #NI 1618 1638761690
1996 #NS 1995 _hygCtx
1997 #NS 1996 _hyg
1998 #NI 1997 29
10660 #EL #BD 1998 7 5
10661 #EL #BD 1617 7 10660
10662 #EA 10659 10661
10663 #EL #BC 1994 10610 10662
10664 #EL #BD 3 16 10663
10665 #EL #BI 83 108 10664
#DEF 1993 10652 10665 15
1999 #NS 1993 _simp_1
10666 #EA 4242 1063
10667 #EA 10666 7
10668 #EP #BC 1994 10610 10667
10669 #EP #BD 3 16 10668
10670 #EP #BI 83 108 10669
10671 #EA 4284 1063
10672 #EA 10671 7
10673 #EC 1993 4
10674 #EA 10673 7
10675 #EA 10674 5
10676 #EA 10675 2
10677 #EA 10672 10676
10678 #EL #BC 1994 10610 10677
10679 #EL #BD 3 16 10678
10680 #EL #BI 83 108 10679
#DEF 1999 10670 10680 15
2000 #NS 0 Inhabited
2001 #NS 2000 mk
2002 #NS 0 default
10681 #EC 2000 1
10682 #EA 10681 5
10683 #EP #BD 2002 2 10682
10684 #EP #BI 3 122 10683
#IND 1 2000 1497 1 2001 10684 4
2003 #NS 2000 default
10685 #EA 10681 2
10686 #EP #BC 218 10685 5
10687 #EP #BI 3 122 10686
10688 #EJ 2000 0 2
10689 #EL #BC 218 10685 10688
10690 #EL #BD 3 122 10689
#DEF 2003 10687 10690 4
2004 #NS 0 instNonemptyOfInhabited
2005 #NI 292 3898850658
2006 #NS 2005 _hygCtx
2007 #NS 2006 _hyg
2008 #NI 2007 3
10691 #EP #BC 2008 10685 10585
10692 #EP #BI 3 122 10691
10693 #EA 10590 5
10694 #EC 2003 1
10695 #EA 10694 5
10696 #EA 10695 2
10697 #EA 10693 10696
10698 #EL #BC 2008 10685 10697
10699 #EL #BI 3 122 10698
#DEF 2004 10692 10699 4
2009 #NS 0 instInhabitedTrue
2010 #NS 2009 default
#DEF 2010 1715 1820 
10700 #EC 2000 0
10701 #EA 10700 1715
10702 #EC 2001 0
10703 #EA 10702 1715
10704 #EC 2010 
10705 #EA 10703 10704
#DEF 2009 10701 10705 
2011 #NS 0 ite_eq_right_iff
2012 #NS 291 PropLemmas
2013 #NI 2012 157576787
2014 #NS 2013 _hygCtx
2015 #NS 2014 _hyg
2016 #NI 2015 8
10706 #EA 113 22
10707 #EA 8345 22
10708 #EA 10707 21
10709 #EA 10708 7
10710 #EA 10709 5
10711 #EA 10710 2
10712 #EA 10706 10711
10713 #EA 10712 2
10714 #EA 4265 10713
10715 #EA 113 25
10716 #EA 10715 7
10717 #EA 10716 5
10718 #EP #BD 79 21 10717
10719 #EA 10714 10718
10720 #EP #BI 298 21 10719
10721 #EP #BI 22 7 10720
10722 #EP #BC 2016 1195 10721
10723 #EP #BI 270 108 10722
10724 #EP #BI 3 16 10723
10725 #EA 5985 21
10726 #EA 8345 25
10727 #EA 10726 22
10728 #EA 10727 21
10729 #EA 10728 7
10730 #EA 10729 5
10731 #EA 10715 10730
10732 #EA 10731 5
10733 #EA 4265 10732
10734 #EA 113 68
10735 #EA 10734 21
10736 #EA 10735 7
10737 #EP #BD 79 22 10736
10738 #EA 10733 10737
10739 #EL #BD 22 1235 10738
10740 #EA 10725 10739
10741 #EA 10740 7
2017 #NS 449 PropLemmas
2018 #NI 2017 157576787
2019 #NS 2018 _hygCtx
2020 #NS 2019 _hyg
2021 #NI 2020 43
10742 #EA 4886 10738
10743 #EA 10715 5
10744 #EA 10743 5
10745 #EA 4265 10744
10746 #EA 10745 10737
10747 #EA 10742 10746
10748 #EA 4242 10738
10749 #EA 10748 10746
10750 #EA 4063 10749
10751 #EA 4670 10733
10752 #EA 10751 10745
10753 #EA 4673 10732
10754 #EA 10753 10744
10755 #EA 10754 4265
10756 #EC 982 4 3
10757 #EA 10756 25
10758 #EA 10757 108
10759 #EA 10758 10731
10760 #EA 10759 10743
10761 #EC 441 4 12
10762 #EA 10761 25
10763 #EA 10762 8593
10764 #EA 10763 10730
10765 #EA 10764 5
10766 #EA 10765 10715
10767 #EA 8505 22
10768 #EA 10767 21
10769 #EA 10768 2
10770 #EA 10769 25
10771 #EA 10770 7
10772 #EA 10771 5
10773 #EA 10766 10772
10774 #EA 10760 10773
10775 #EA 10774 5
10776 #EA 10755 10775
10777 #EA 10752 10776
10778 #EA 10777 10737
10779 #EA 10750 10778
10780 #EA 10747 10779
10781 #EA 4644 10746
10782 #EA 4653 10746
10783 #EA 4265 1715
10784 #EA 10783 1715
10785 #EA 10782 10784
10786 #EA 10785 1715
10787 #EA 4756 10745
10788 #EA 10787 10783
10789 #EA 10788 10737
10790 #EA 10789 1715
10791 #EA 4673 10744
10792 #EA 10791 1715
10793 #EA 10792 4265
10794 #EC 954 4
10795 #EA 10794 25
10796 #EA 10795 5
10797 #EA 10793 10796
10798 #EA 10790 10797
10799 #EA 4653 10737
10800 #EP #BD 79 110 10736
10801 #EA 10799 10800
10802 #EA 10801 1715
10803 #EC 1964 0 0
10804 #EA 10803 22
10805 #EA 10804 110
10806 #EA 10805 10717
10807 #EA 10806 10717
10808 #EA 4552 22
10809 #EA 10808 2
10810 #EA 10807 10809
10811 #EA 2033 108
10812 #EA 10811 10717
10813 #EA 10810 10812
10814 #EA 10802 10813
10815 #EC 1979 
10816 #EA 10815 10717
10817 #EA 10814 10816
10818 #EA 10798 10817
10819 #EA 10786 10818
10820 #EA 4689 1715
10821 #EA 10819 10820
10822 #EA 10781 10821
10823 #EA 10780 10822
10824 #EL #BD 2021 1239 10823
10825 #EA 10741 10824
10826 #EA 4265 10717
10827 #EA 10826 10737
10828 #EA 10742 10827
10829 #EA 10748 10827
10830 #EA 4063 10829
10831 #EA 10751 10826
10832 #EA 10753 10717
10833 #EA 10832 4265
10834 #EA 10759 10716
10835 #EA 10764 7
10836 #EA 10835 10715
10837 #EA 8428 22
10838 #EA 10837 21
10839 #EA 10838 2
10840 #EA 10839 25
10841 #EA 10840 7
10842 #EA 10841 5
10843 #EA 10836 10842
10844 #EA 10834 10843
10845 #EA 10844 5
10846 #EA 10833 10845
10847 #EA 10831 10846
10848 #EA 10847 10737
10849 #EA 10830 10848
10850 #EA 10828 10849
10851 #EA 4644 10827
10852 #EA 4653 10827
10853 #EA 10826 10717
10854 #EA 10852 10853
10855 #EA 10854 1715
10856 #EA 4660 10737
10857 #EA 10856 10717
10858 #EA 10857 10826
10859 #EP #BD 79 1715 10736
10860 #EA 10799 10859
10861 #EA 10860 10717
10862 #EA 10804 1715
10863 #EA 10862 10717
10864 #EA 10863 10717
10865 #EA 4301 22
10866 #EA 10865 2
10867 #EA 10864 10866
10868 #EA 10867 10812
10869 #EA 10861 10868
10870 #EC 1999 0
10871 #EA 10870 10717
10872 #EA 10871 1715
10873 #EC 2004 0
10874 #EA 10873 1715
10875 #EC 2009 
10876 #EA 10874 10875
10877 #EA 10872 10876
10878 #EA 10869 10877
10879 #EA 10858 10878
10880 #EA 10855 10879
10881 #EA 4689 10717
10882 #EA 10880 10881
10883 #EA 10851 10882
10884 #EA 10850 10883
10885 #EL #BD 2021 21 10884
10886 #EA 10825 10885
10887 #EL #BI 298 21 10886
10888 #EL #BI 22 7 10887
10889 #EL #BC 2016 1195 10888
10890 #EL #BI 270 108 10889
10891 #EL #BI 3 16 10890
#DEF 2011 10724 10891 15
2022 #NS 2011 _simp_1
10892 #EA 4242 10713
10893 #EA 10892 10718
10894 #EP #BI 298 21 10893
10895 #EP #BI 22 7 10894
10896 #EP #BC 2016 1195 10895
10897 #EP #BI 270 108 10896
10898 #EP #BI 3 16 10897
10899 #EA 4284 10713
10900 #EA 10899 10718
10901 #EC 2011 4
10902 #EA 10901 22
10903 #EA 10902 21
10904 #EA 10903 7
10905 #EA 10904 5
10906 #EA 10905 2
10907 #EA 10900 10906
10908 #EL #BI 298 21 10907
10909 #EL #BI 22 7 10908
10910 #EL #BC 2016 1195 10909
10911 #EL #BI 270 108 10910
10912 #EL #BI 3 16 10911
#DEF 2022 10898 10912 15
2023 #NS 0 implies_dep_congr_ctx
10913 #EA 6610 1219
10914 #EP #BD 119 21 10913
10915 #EA 4242 10530
10916 #EP #BD 119 22 1216
10917 #EA 10915 10916
10918 #EP #BD 137 10914 10917
10919 #EP #BI 1968 1188 10918
10920 #EP #BD 136 4276 10919
10921 #EP #BI 1967 108 10920
10922 #EP #BI 1966 108 10921
10923 #EP #BI 1965 108 10922
10924 #EA 4284 10530
10925 #EA 10924 10916
10926 #EA 4287 10530
10927 #EA 10926 10916
2024 #NS 0 hl
2025 #NS 0 hp₂
10928 #EA 4948 25
10929 #EA 10928 184
10930 #EA 10929 1216
10931 #EA 4886 70
10932 #EA 10931 68
10933 #EA 10932 22
10934 #EA 10933 2
10935 #EA 5 10934
10936 #EA 10930 10935
10937 #EL #BD 2025 25 10936
10938 #EL #BD 2024 10530 10937
10939 #EA 10927 10938
2026 #NS 0 hr
2027 #NS 0 hp₁
10940 #EA 4886 25
10941 #EA 4948 70
10942 #EA 10941 68
10943 #EA 10942 22
10944 #EA 10943 2
10945 #EA 21 10944
10946 #EA 10940 10945
10947 #EA 7 10944
10948 #EA 10946 10947
10949 #EA 5 10944
10950 #EA 10948 10949
10951 #EL #BD 2027 68 10950
10952 #EL #BD 2026 10916 10951
10953 #EA 10939 10952
10954 #EA 10925 10953
10955 #EL #BD 137 10914 10954
10956 #EL #BI 1968 1188 10955
10957 #EL #BD 136 4276 10956
10958 #EL #BI 1967 108 10957
10959 #EL #BI 1966 108 10958
10960 #EL #BI 1965 108 10959
#DEF 2023 10923 10960 
2028 #NS 0 implies_congr_ctx
10961 #EA 6610 7
10962 #EP #BD 79 21 10961
10963 #EA 10915 10532
10964 #EP #BD 137 10962 10963
10965 #EP #BD 136 10961 10964
10966 #EP #BI 1968 108 10965
10967 #EP #BI 1967 108 10966
10968 #EP #BI 1966 108 10967
10969 #EP #BI 1965 108 10968
10970 #EC 2023 
10971 #EA 10970 25
10972 #EA 10971 22
10973 #EA 10972 21
10974 #EA 10973 5
10975 #EL #BD 79 22 21
10976 #EA 10974 10975
10977 #EA 10976 2
10978 #EL #BD 137 10962 10977
10979 #EL #BD 136 10961 10978
10980 #EL #BI 1968 108 10979
10981 #EL #BI 1967 108 10980
10982 #EL #BI 1966 108 10981
10983 #EL #BI 1965 108 10982
#DEF 2028 10969 10983 
2029 #NS 0 implies_true
10984 #EP #BD 79 2 1715
10985 #EA 4242 10984
10986 #EA 10985 1715
10987 #EP #BD 3 122 10986
10988 #EA 4301 10984
2030 #NI 933 2303878612
2031 #NS 2030 _hygCtx
2032 #NS 2031 _hyg
2033 #NI 2032 13
10989 #EL #BD 2033 2 4254
10990 #EA 10988 10989
10991 #EL #BD 3 122 10990
#DEF 2029 10987 10991 4
2034 #NS 8 max_zero
10992 #EA 9573 1021
10993 #EA 1888 10992
10994 #EA 10993 2
10995 #EP #BD 52 13 10994
10996 #EA 4644 10994
10997 #EA 4653 10994
10998 #EA 1888 1021
10999 #EA 10998 5
11000 #EP #BD 79 6923 10999
11001 #EA 10997 11000
11002 #EA 11001 1715
11003 #EA 9580 6923
11004 #EC 1892 
11005 #EA 11004 2
11006 #EA 11005 1021
11007 #EA 11003 11006
11008 #EA 11007 1021
11009 #EA 11008 2
11010 #EA 1888 11009
11011 #EA 11010 2
11012 #EA 10997 11011
11013 #EA 11012 11000
11014 #EA 8144 10993
11015 #EA 11014 11010
11016 #EA 8147 10992
11017 #EA 11016 11009
11018 #EA 11017 1888
11019 #EC 1546 3
11020 #EA 11019 13
11021 #EA 11020 10477
11022 #EA 11021 6923
11023 #EA 11022 1021
11024 #EA 11023 2
11025 #EA 11024 1021
11026 #EA 11025 2
11027 #EA 9589 1021
11028 #EA 11026 11027
11029 #EA 11028 11006
11030 #EC 1963 
11031 #EA 11030 2
11032 #EA 11029 11031
11033 #EA 2759 1021
11034 #EL #BD 79 6923 11033
11035 #EA 11032 11034
11036 #EA 124 6923
11037 #EL #BD 79 11036 6907
11038 #EA 11035 11037
11039 #EA 11018 11038
11040 #EA 11015 11039
11041 #EA 11040 2
11042 #EA 11013 11041
11043 #EC 2022 3
11044 #EA 11043 13
11045 #EA 11044 6923
11046 #EA 11045 11006
11047 #EA 11046 1021
11048 #EA 11047 2
11049 #EA 11042 11048
11050 #EA 11002 11049
11051 #EA 4653 11000
11052 #EP #BD 79 6923 1715
11053 #EA 11051 11052
11054 #EA 11053 1715
11055 #EC 2028 
11056 #EA 11055 6923
11057 #EA 11056 6923
11058 #EA 10998 2
11059 #EA 11057 11058
11060 #EA 11059 1715
11061 #EA 10811 6923
11062 #EA 11060 11061
11063 #EA 4653 10999
11064 #EA 10998 1021
11065 #EA 11063 11064
11066 #EA 11065 1715
11067 #EA 10500 10998
11068 #EA 11067 2
11069 #EA 11066 11068
11070 #EA 4878 1021
11071 #EA 11069 11070
11072 #EL #BD 79 6923 11071
11073 #EA 11062 11072
11074 #EA 11054 11073
11075 #EC 2029 0
11076 #EA 11075 6923
11077 #EA 11074 11076
11078 #EA 11050 11077
11079 #EA 10996 11078
11080 #EL #BD 52 13 11079
#DEF 2034 10995 11080 
2035 #NS 8 succ_max_succ
11081 #EA 3617 1289
11082 #EA 11081 1392
11083 #EA 1888 11082
11084 #EA 1288 3619
11085 #EA 11083 11084
11086 #EP #BD 298 13 11085
11087 #EP #BD 22 13 11086
11088 #EA 8369 2304
11089 #EA 11088 9541
2036 #NS 1723 Lemmas
2037 #NI 2036 2537012796
2038 #NS 2037 _hygCtx
2039 #NS 2038 _hyg
2040 #NI 2039 30
11090 #EA 8375 9549
11091 #EA 9734 7
11092 #EA 11091 5
11093 #EA 11090 11092
11094 #EA 11093 2
11095 #EA 3617 1984
11096 #EA 11095 1944
11097 #EA 1888 11096
11098 #EA 3617 21
11099 #EA 11098 7
11100 #EA 1288 11099
11101 #EA 11097 11100
11102 #EP #BD 119 11094 11101
11103 #EL #BD 2040 9542 11102
11104 #EA 11089 11103
11105 #EA 9734 5
11106 #EA 11105 2
11107 #EA 11104 11106
2041 #NS 1506 Lemmas
2042 #NI 2041 2537012796
2043 #NS 2042 _hygCtx
2044 #NS 2043 _hyg
2045 #NI 2044 31
11108 #EA 9557 2
11109 #EA 11093 11108
11110 #EA 4886 11101
11111 #EA 11097 1944
11112 #EA 11110 11111
11113 #EA 4242 11101
11114 #EA 11113 11111
11115 #EA 4063 11114
11116 #EA 4931 11099
11117 #EA 11116 7
11118 #EA 3617 2577
11119 #EA 11118 1984
11120 #EA 1888 11119
11121 #EA 11120 1392
11122 #EL #BD 1057 13 11121
11123 #EA 11117 11122
11124 #EA 9775 21
11125 #EA 11124 7
11126 #EA 11125 5
11127 #EA 11123 11126
11128 #EA 11115 11127
11129 #EA 11112 11128
11130 #EA 4886 11111
11131 #EA 9327 1944
11132 #EA 11130 11131
11133 #EA 4242 11111
11134 #EA 11133 11131
11135 #EA 4063 11134
11136 #EA 4931 11096
11137 #EA 11136 1944
11138 #EA 4934 1984
11139 #EL #BD 1057 13 11138
11140 #EA 11137 11139
11141 #EA 9775 1984
11142 #EA 11141 1944
11143 #EA 3025 5
11144 #EA 11142 11143
11145 #EA 11140 11144
11146 #EA 11135 11145
11147 #EA 11132 11146
11148 #EA 2759 1944
11149 #EA 11147 11148
11150 #EA 11129 11149
11151 #EL #BD 2045 11109 11150
11152 #EL #BD 119 2304 11151
11153 #EA 11107 11152
2046 #NI 2044 66
11154 #EA 11093 9567
11155 #EA 11097 1984
11156 #EA 11110 11155
11157 #EA 11113 11155
11158 #EA 4063 11157
11159 #EA 11116 21
11160 #EA 11159 11122
11161 #EC 1729 
11162 #EA 11161 21
11163 #EA 11162 7
11164 #EA 11163 5
11165 #EA 11160 11164
11166 #EA 11158 11165
11167 #EA 11156 11166
11168 #EA 4886 11155
11169 #EA 6939 1984
11170 #EA 11168 11169
11171 #EA 4242 11155
11172 #EA 11171 11169
11173 #EA 4063 11172
11174 #EA 11136 1984
11175 #EA 4934 2577
11176 #EL #BD 1057 13 11175
11177 #EA 11174 11176
11178 #EA 11161 1984
11179 #EA 11178 1944
11180 #EA 3023 7
11181 #EA 11180 21
11182 #EA 11181 5
11183 #EA 11179 11182
11184 #EA 11177 11183
11185 #EA 11173 11184
11186 #EA 11170 11185
11187 #EA 2759 1984
11188 #EA 11186 11187
11189 #EA 11167 11188
11190 #EL #BD 2046 11154 11189
11191 #EL #BD 119 9541 11190
11192 #EA 11153 11191
11193 #EA 8550 9542
11194 #EA 11193 11106
11195 #EA 11192 11194
11196 #EL #BD 298 13 11195
11197 #EL #BD 22 13 11196
#DEF 2035 11087 11197 
2047 #NS 8 max_assoc
2048 #NS 2047 _f
2049 #NI 1775 24
2050 #NI 1775 25
2051 #NI 1775 26
11198 #EA 3617 8673
11199 #EA 11198 2
11200 #EA 1888 11199
11201 #EA 8672 3619
11202 #EA 11200 11201
11203 #EP #BD 2051 13 11202
11204 #EP #BD 2050 13 11203
11205 #EL #BD 2049 13 11204
11206 #EA 1797 11205
11207 #EA 11206 2
11208 #EA 11098 5
11209 #EA 3617 11208
11210 #EA 11209 2
11211 #EA 1888 11210
11212 #EA 11098 3619
11213 #EA 11211 11212
11214 #EP #BD 2051 13 11213
11215 #EP #BD 2050 13 11214
11216 #EP #BD 96 11207 11215
11217 #EP #BD 2049 13 11216
11218 #EC 1744 
2052 #NI 1775 242
11219 #EA 11206 7
11220 #EA 3617 11099
11221 #EA 11220 5
11222 #EA 1888 11221
11223 #EA 11098 8673
11224 #EA 11222 11223
11225 #EP #BD 2052 11219 11224
11226 #EL #BD 1774 13 11225
11227 #EL #BD 1765 13 11226
11228 #EL #BD 1756 13 11227
11229 #EA 11218 11228
11230 #EA 11229 21
11231 #EA 11230 5
11232 #EA 11231 2
11233 #EA 11206 1021
11234 #EA 8639 7
11235 #EA 3617 11234
11236 #EA 11235 5
11237 #EA 1888 11236
11238 #EA 8639 8673
11239 #EA 11237 11238
11240 #EA 4886 11239
11241 #EA 8674 11238
11242 #EA 11240 11241
11243 #EA 4242 11239
11244 #EA 11243 11241
11245 #EA 4063 11244
11246 #EA 4931 11234
11247 #EA 11246 7
11248 #EA 9573 7
11249 #EA 1888 11248
11250 #EA 8639 11099
11251 #EA 11249 11250
11252 #EL #BD 1057 13 11251
11253 #EA 11247 11252
11254 #EC 1570 
11255 #EA 11254 7
11256 #EA 11253 11255
11257 #EA 11245 11256
11258 #EA 11242 11257
11259 #EA 4886 11241
11260 #EA 8674 8673
11261 #EA 11259 11260
11262 #EA 4242 11241
11263 #EA 11262 11260
11264 #EA 4063 11263
11265 #EA 4931 11238
11266 #EA 11265 8673
11267 #EA 1888 11099
11268 #EA 11267 2
11269 #EL #BD 1057 13 11268
11270 #EA 11266 11269
11271 #EA 11254 8673
11272 #EA 11270 11271
11273 #EA 11264 11272
11274 #EA 11261 11273
11275 #EA 2759 8673
11276 #EA 11274 11275
11277 #EA 11258 11276
11278 #EL #BD 2052 11233 11277
11279 #EL #BD 1777 13 11278
11280 #EL #BD 1776 13 11279
11281 #EA 11232 11280
11282 #EA 11206 5
11283 #EA 8672 1021
11284 #EA 3617 11283
11285 #EA 11284 5
11286 #EA 1888 11285
11287 #EA 8639 5
11288 #EA 8672 11287
11289 #EA 11286 11288
11290 #EA 4886 11289
11291 #EA 11286 8673
11292 #EA 11290 11291
11293 #EA 4242 11289
11294 #EA 11293 11291
11295 #EA 4063 11294
11296 #EA 4931 11287
11297 #EA 11296 5
11298 #EA 11098 1021
11299 #EA 3617 11298
11300 #EA 11299 7
11301 #EA 1888 11300
11302 #EA 11098 2
11303 #EA 11301 11302
11304 #EL #BD 1057 13 11303
11305 #EA 11297 11304
11306 #EA 11254 5
11307 #EA 11305 11306
11308 #EA 11295 11307
11309 #EA 11292 11308
11310 #EA 4886 11291
11311 #EA 11310 11260
11312 #EA 4242 11291
11313 #EA 11312 11260
11314 #EA 4063 11313
11315 #EA 4931 11283
11316 #EA 11315 7
11317 #EA 11249 11099
11318 #EL #BD 1057 13 11317
11319 #EA 11316 11318
11320 #EC 2034 
11321 #EA 11320 7
11322 #EA 11319 11321
11323 #EA 11314 11322
11324 #EA 11311 11323
11325 #EA 11324 11275
11326 #EA 11309 11325
11327 #EL #BD 2052 11282 11326
11328 #EL #BD 1779 13 11327
11329 #EL #BD 1778 13 11328
11330 #EA 11281 11329
11331 #EA 11198 1021
11332 #EA 1888 11331
11333 #EA 3618 1021
11334 #EA 8672 11333
11335 #EA 11332 11334
11336 #EA 4886 11335
11337 #EA 8674 11334
11338 #EA 11336 11337
11339 #EA 4242 11335
11340 #EA 11339 11337
11341 #EA 4063 11340
11342 #EA 4931 11331
11343 #EA 11342 8673
11344 #EA 11098 11283
11345 #EA 4934 11344
11346 #EL #BD 1057 13 11345
11347 #EA 11343 11346
11348 #EA 11320 8673
11349 #EA 11347 11348
11350 #EA 11341 11349
11351 #EA 11338 11350
11352 #EA 4886 11337
11353 #EA 11352 11260
11354 #EA 4242 11337
11355 #EA 11354 11260
11356 #EA 4063 11355
11357 #EA 4931 11333
11358 #EA 11357 5
11359 #EA 11267 11302
11360 #EL #BD 1057 13 11359
11361 #EA 11358 11360
11362 #EA 11320 5
11363 #EA 11361 11362
11364 #EA 11356 11363
11365 #EA 11353 11364
11366 #EA 11365 11275
11367 #EA 11351 11366
11368 #EL #BD 2052 11282 11367
11369 #EL #BD 1781 13 11368
11370 #EL #BD 1780 13 11369
11371 #EA 11330 11370
11372 #EA 11206 1944
11373 #EA 3617 2969
11374 #EA 11373 7806
11375 #EA 3617 11374
11376 #EA 2964 5
11377 #EA 11376 2968
11378 #EA 11375 11377
11379 #EA 1888 11378
11380 #EA 3617 7806
11381 #EA 11380 11377
11382 #EA 11373 11381
11383 #EA 11379 11382
11384 #EA 4886 11383
11385 #EA 1288 11221
11386 #EA 1888 11385
11387 #EA 1288 11223
11388 #EA 11386 11387
11389 #EA 11384 11388
11390 #EA 4242 11383
11391 #EA 11390 11388
11392 #EA 4063 11391
11393 #EA 9632 11379
11394 #EA 11393 11386
11395 #EA 11394 11382
11396 #EA 11395 11387
11397 #EA 8147 11378
11398 #EA 11397 11385
11399 #EA 11398 1888
11400 #EA 4652 13
11401 #EA 11400 11378
11402 #EA 3617 11100
11403 #EA 11402 11377
11404 #EA 11401 11403
11405 #EA 11404 11385
11406 #EA 8143 13
11407 #EA 11406 11375
11408 #EA 11407 11402
11409 #EA 4930 14
11410 #EA 11409 11374
11411 #EA 11410 11100
11412 #EA 11411 3617
11413 #EC 2035 
11414 #EA 11413 21
11415 #EA 11414 7
11416 #EA 11412 11415
11417 #EA 11408 11416
11418 #EA 11417 11377
11419 #EA 11405 11418
11420 #EA 11413 11099
11421 #EA 11420 5
11422 #EA 11419 11421
11423 #EA 11399 11422
11424 #EA 11396 11423
11425 #EA 11400 11382
11426 #EA 1288 8673
11427 #EA 11373 11426
11428 #EA 11425 11427
11429 #EA 11428 11387
11430 #EA 4930 13
11431 #EA 11430 11381
11432 #EA 11431 11426
11433 #EA 11432 11373
11434 #EA 11413 7
11435 #EA 11434 5
11436 #EA 11433 11435
11437 #EA 11429 11436
11438 #EA 11414 8673
11439 #EA 11437 11438
11440 #EA 11424 11439
11441 #EA 11392 11440
11442 #EA 11389 11441
11443 #EA 11430 11221
11444 #EA 11443 11223
11445 #EA 11444 1288
11446 #EA 11445 3026
11447 #EA 11442 11446
11448 #EL #BD 2052 11372 11447
11449 #EL #BD 1790 13 11448
11450 #EL #BD 1789 13 11449
11451 #EL #BD 1788 13 11450
11452 #EA 11371 11451
11453 #EA 11452 7
11454 #EL #BD 2051 13 11453
11455 #EL #BD 2050 13 11454
11456 #EL #BD 96 11207 11455
11457 #EL #BD 2049 13 11456
#DEF 2048 11217 11457 
11458 #EP #BD 52 13 11204
11459 #EA 1832 11205
11460 #EA 11459 7
11461 #EC 2048 
11462 #EA 11460 11461
11463 #EA 11462 5
11464 #EA 11463 2
11465 #EL #BD 2051 13 11464
11466 #EL #BD 2050 13 11465
11467 #EL #BD 2049 13 11466
#DEF 2047 11458 11467 
2053 #NS 222 max0_cons
11468 #EC 743 
11469 #EA 11468 4050
11470 #EA 1888 11469
11471 #EA 3625 5
11472 #EA 11468 2
11473 #EA 11471 11472
11474 #EA 11470 11473
11475 #EP #BD 224 1010 11474
11476 #EP #BD 22 13 11475
11477 #EA 4063 11474
11478 #EA 3627 4050
11479 #EA 1888 11478
11480 #EA 11471 3628
11481 #EA 11479 11480
11482 #EA 4886 11481
11483 #EA 3626 5
11484 #EA 11483 2
11485 #EA 1888 11484
11486 #EA 11485 11480
11487 #EA 11482 11486
11488 #EA 4242 11481
11489 #EA 11488 11486
11490 #EA 4063 11489
11491 #EA 8144 11479
11492 #EA 11491 11485
11493 #EA 8147 11478
11494 #EA 11493 11484
11495 #EA 11494 1888
11496 #EA 4668 1010
11497 #EA 11496 13
11498 #EA 3625 1021
11499 #EA 11498 5
11500 #EA 3626 11499
11501 #EA 11497 11500
11502 #EA 11501 11483
11503 #EA 4930 1011
11504 #EA 11503 11499
11505 #EA 11504 5
11506 #EA 11505 3626
11507 #EA 11506 11306
11508 #EA 11502 11507
11509 #EA 11508 2
11510 #EA 11495 11509
11511 #EA 11492 11510
11512 #EA 11511 11480
11513 #EA 11490 11512
11514 #EA 11487 11513
11515 #EA 3626 2
11516 #EA 11515 5
11517 #EA 1888 11516
11518 #EA 3625 2
11519 #EA 3627 5
11520 #EA 11518 11519
11521 #EA 11517 11520
11522 #EP #BD 22 13 11521
11523 #EL #BD 224 1010 11522
11524 #EA 4865 11523
11525 #EA 3627 3981
11526 #EA 11518 11525
11527 #EA 4934 11526
11528 #EA 4644 11527
11529 #EA 4653 11527
11530 #EA 11529 6905
11531 #EA 11530 1715
11532 #EA 4931 11526
11533 #EA 11532 2
11534 #EA 11533 4934
11535 #EA 11161 2
11536 #EA 11535 1021
11537 #EA 4644 2084
11538 #EA 11537 8662
11539 #EA 11536 11538
11540 #EA 11534 11539
11541 #EA 11531 11540
11542 #EA 11541 8668
11543 #EA 11528 11542
11544 #EL #BD 22 13 11543
11545 #EA 11524 11544
11546 #EA 11515 4066
11547 #EA 1888 11546
11548 #EA 3627 4066
11549 #EA 11518 11548
11550 #EA 11547 11549
11551 #EA 4886 11550
11552 #EA 11518 21
11553 #EA 3626 11552
11554 #EA 11553 7
11555 #EA 1888 11554
11556 #EA 3626 21
11557 #EA 11556 7
11558 #EA 11518 11557
11559 #EA 11555 11558
11560 #EA 11551 11559
11561 #EA 4242 11550
11562 #EA 11561 11559
11563 #EA 4063 11562
11564 #EA 4931 11549
11565 #EA 11564 11558
11566 #EA 11565 11555
11567 #EA 11430 11548
11568 #EA 11567 11557
11569 #EA 11568 11518
11570 #EA 11498 21
11571 #EA 3626 11570
11572 #EA 11497 11571
11573 #EA 11572 11556
11574 #EA 11503 11570
11575 #EA 11574 21
11576 #EA 11575 3626
11577 #EA 11254 21
11578 #EA 11576 11577
11579 #EA 11573 11578
11580 #EA 11579 7
11581 #EA 11569 11580
11582 #EA 11566 11581
11583 #EA 11563 11582
11584 #EA 11560 11583
11585 #EA 4886 11559
11586 #EA 3625 11552
11587 #EA 3627 7
11588 #EA 11586 11587
11589 #EA 1888 11588
11590 #EA 11589 11558
11591 #EA 11585 11590
11592 #EA 4242 11559
11593 #EA 11592 11590
11594 #EA 4063 11593
11595 #EA 4931 11554
11596 #EA 11595 11588
11597 #EA 3626 22
11598 #EA 11597 21
11599 #EA 11471 11598
11600 #EA 4934 11599
11601 #EL #BD 1057 13 11600
11602 #EA 11596 11601
11603 #EA 5 11552
11604 #EA 11602 11603
11605 #EA 11594 11604
11606 #EA 11591 11605
11607 #EA 4886 11590
11608 #EA 3625 21
11609 #EA 11608 11587
11610 #EA 11518 11609
11611 #EA 11589 11610
11612 #EA 11607 11611
11613 #EA 4242 11590
11614 #EA 11613 11611
11615 #EA 4063 11614
11616 #EA 4931 11557
11617 #EA 11616 11609
11618 #EA 11471 22
11619 #EA 3625 11618
11620 #EA 3627 21
11621 #EA 11619 11620
11622 #EA 1888 11621
11623 #EA 11471 2
11624 #EA 11622 11623
11625 #EL #BD 1057 13 11624
11626 #EA 11617 11625
11627 #EA 11626 1047
11628 #EA 11615 11627
11629 #EA 11612 11628
11630 #EC 2047 
11631 #EA 11630 2
11632 #EA 11631 21
11633 #EA 11632 11587
11634 #EA 11629 11633
11635 #EA 11606 11634
11636 #EA 11584 11635
11637 #EL #BD 22 13 11636
11638 #EL #BD 514 11522 11637
11639 #EL #BD 1056 1010 11638
11640 #EL #BD 52 13 11639
11641 #EA 11545 11640
11642 #EA 11641 2
11643 #EA 11642 5
11644 #EA 11514 11643
11645 #EA 11477 11644
11646 #EL #BD 224 1010 11645
11647 #EL #BD 22 13 11646
#DEF 2053 11476 11647 
2054 #NS 0 Std
2055 #NS 2054 Refl
2056 #NS 2055 mk
11648 #EA 1219 2
11649 #EP #BD 52 5 11648
11650 #EC 2055 1
11651 #EA 11650 7
11652 #EA 11651 5
11653 #EP #BD 383 11649 11652
11654 #EP #BI 273 120 11653
11655 #EP #BI 3 122 11654
11656 #EP #BD 273 120 108
11657 #EP #BI 3 122 11656
#IND 2 2055 11657 1 2056 11655 4
2057 #NS 2055 refl
11658 #EA 11650 5
11659 #EA 11658 2
11660 #EA 1216 2
11661 #EP #BD 52 7 11660
11662 #EP #BC 218 11659 11661
11663 #EP #BI 273 120 11662
11664 #EP #BI 3 122 11663
11665 #EJ 2055 0 2
11666 #EL #BC 218 11659 11665
11667 #EL #BD 273 120 11666
11668 #EL #BD 3 122 11667
#DEF 2057 11664 11668 4
2058 #NS 819 Order
2059 #NS 2058 Lemmas
2060 #NI 2059 0
2061 #NS 2060 Std
2062 #NS 2061 le_refl
2063 #NS 2062 _simp_1_1
11669 #EA 4242 11660
11670 #EA 11669 1715
11671 #EP #BD 52 7 11670
11672 #EP #BC 218 11659 11671
11673 #EP #BI 273 120 11672
11674 #EP #BI 3 122 11673
11675 #EA 4301 11660
11676 #EC 2057 1
11677 #EA 11676 21
11678 #EA 11677 7
11679 #EA 11678 5
11680 #EA 11679 2
11681 #EA 11675 11680
11682 #EL #BD 52 7 11681
11683 #EL #BC 218 11659 11682
11684 #EL #BI 273 120 11683
11685 #EL #BI 3 122 11684
#DEF 2063 11674 11685 4
2064 #NS 2054 le_refl
2065 #NS 291 Data
2066 #NS 2065 Order
2067 #NS 2066 Lemmas
2068 #NI 2067 1173711369
2069 #NS 2068 _hygCtx
2070 #NS 2069 _hyg
2071 #NI 2070 3
2072 #NI 2070 6
11686 #EC 2055 2
11687 #EA 11686 5
2073 #NS 0 x1
2074 #NS 2073 _@
2075 #NS 2074 Init
2076 #NS 2075 Data
2077 #NS 2076 Order
2078 #NS 2077 Lemmas
2079 #NI 2078 1173711369
2080 #NS 2079 _hygCtx
2081 #NS 2080 _hyg
2082 #NI 2081 11
2083 #NS 0 x2
2084 #NS 2083 _@
2085 #NS 2084 Init
2086 #NS 2085 Data
2087 #NS 2086 Order
2088 #NS 2087 Lemmas
2089 #NI 2088 1173711369
2090 #NS 2089 _hygCtx
2091 #NS 2090 _hyg
2092 #NI 2091 11
11688 #EA 9033 5
11689 #EA 11688 2
11690 #EL #BD 2092 7 11689
11691 #EL #BD 2082 5 11690
11692 #EA 11687 11691
11693 #EA 9034 2
11694 #EP #BD 52 7 11693
11695 #EP #BC 2072 11692 11694
11696 #EP #BC 2071 1187 11695
11697 #EP #BI 3 0 11696
11698 #EA 4644 11693
11699 #EC 2063 2
11700 #EA 11699 21
11701 #EA 11700 9033
11702 #EA 11701 5
11703 #EA 11702 2
11704 #EA 11698 11703
11705 #EL #BD 52 7 11704
11706 #EL #BC 2072 11692 11705
11707 #EL #BC 2071 1187 11706
11708 #EL #BI 3 0 11707
#DEF 2064 11697 11708 4
2093 #NS 2064 _simp_1
11709 #EA 4242 11693
11710 #EA 11709 1715
11711 #EP #BD 52 7 11710
11712 #EP #BC 2072 11692 11711
11713 #EP #BC 2071 1187 11712
11714 #EP #BI 3 0 11713
11715 #EA 4301 11693
11716 #EC 2064 1
11717 #EA 11716 21
11718 #EA 11717 7
11719 #EA 11718 5
11720 #EA 11719 2
11721 #EA 11715 11720
11722 #EL #BD 52 7 11721
11723 #EL #BC 2072 11692 11722
11724 #EL #BC 2071 1187 11723
11725 #EL #BI 3 0 11724
#DEF 2093 11714 11725 4
2094 #NS 2054 IsPreorder
2095 #NS 2094 mk
2096 #NS 2066 Classes
2097 #NI 2096 3671837007
2098 #NS 2097 _hygCtx
2099 #NS 2098 _hyg
2100 #NI 2099 3
2101 #NS 0 le_refl
11726 #EA 9031 7
11727 #EA 11726 5
11728 #EA 11727 2
11729 #EA 11728 2
11730 #EP #BD 52 5 11729
2102 #NS 0 le_trans
11731 #EA 9031 25
11732 #EA 11731 22
11733 #EA 11732 7
11734 #EA 11733 5
11735 #EA 9031 68
11736 #EA 11735 25
11737 #EA 11736 7
11738 #EA 11737 5
11739 #EA 9031 70
11740 #EA 11739 68
11741 #EA 11740 22
11742 #EA 11741 7
11743 #EP #BD 79 11738 11742
11744 #EP #BD 79 11734 11743
11745 #EP #BD 280 22 11744
11746 #EP #BD 83 21 11745
11747 #EP #BD 52 7 11746
11748 #EC 2094 1
11749 #EA 11748 21
11750 #EA 11749 7
11751 #EP #BD 2102 11747 11750
11752 #EP #BD 2101 11730 11751
11753 #EP #BC 2100 1187 11752
11754 #EP #BI 3 0 11753
11755 #EP #BC 2100 1187 108
11756 #EP #BD 3 0 11755
#IND 2 2094 11756 1 2095 11754 4
2103 #NS 2094 le_refl
11757 #EA 11748 5
11758 #EA 11757 2
11759 #EP #BC 218 11758 11694
11760 #EP #BI 2100 1187 11759
11761 #EP #BI 3 0 11760
11762 #EJ 2094 0 2
11763 #EL #BC 218 11758 11762
11764 #EL #BI 2100 1187 11763
11765 #EL #BD 3 0 11764
#DEF 2103 11761 11765 4
2104 #NS 2054 instReflLeOfIsPreorder
2105 #NI 2067 957266754
2106 #NS 2105 _hygCtx
2107 #NS 2106 _hyg
2108 #NI 2107 3
2109 #NI 2107 6
11766 #EA 11686 7
2110 #NI 2078 957266754
2111 #NS 2110 _hygCtx
2112 #NS 2111 _hyg
2113 #NI 2112 13
2114 #NI 2088 957266754
2115 #NS 2114 _hygCtx
2116 #NS 2115 _hyg
2117 #NI 2116 13
11767 #EA 9031 22
11768 #EA 11767 21
11769 #EA 11768 5
11770 #EA 11769 2
11771 #EL #BD 2117 21 11770
11772 #EL #BD 2113 7 11771
11773 #EA 11766 11772
11774 #EP #BC 2109 11758 11773
11775 #EP #BC 2108 1187 11774
11776 #EP #BI 3 0 11775
11777 #EC 2056 2
11778 #EA 11777 7
11779 #EA 11778 11772
11780 #EC 2103 1
11781 #EA 11780 7
11782 #EA 11781 5
11783 #EA 11782 2
11784 #EA 11779 11783
11785 #EL #BC 2109 11758 11784
11786 #EL #BC 2108 1187 11785
11787 #EL #BI 3 0 11786
#DEF 2104 11776 11787 4
2118 #NS 2054 IsLinearPreorder
2119 #NS 2118 mk
2120 #NI 2096 1822583122
2121 #NS 2120 _hygCtx
2122 #NS 2121 _hyg
2123 #NI 2122 3
2124 #NS 0 toIsPreorder
2125 #NS 0 le_total
11788 #EA 8243 11770
11789 #EA 11768 2
11790 #EA 11789 5
11791 #EA 11788 11790
11792 #EP #BD 83 21 11791
11793 #EP #BD 52 7 11792
11794 #EC 2118 1
11795 #EA 11794 21
11796 #EA 11795 7
11797 #EP #BD 2125 11793 11796
11798 #EP #BC 2124 11758 11797
11799 #EP #BC 2123 1187 11798
11800 #EP #BI 3 0 11799
#IND 2 2118 11756 1 2119 11800 4
2126 #NS 2118 toIsPreorder
11801 #EA 11794 5
11802 #EA 11801 2
11803 #EA 11748 7
11804 #EA 11803 5
11805 #EP #BC 218 11802 11804
11806 #EP #BI 2123 1187 11805
11807 #EP #BI 3 0 11806
11808 #EJ 2118 0 2
11809 #EL #BC 218 11802 11808
11810 #EL #BI 2123 1187 11809
11811 #EL #BD 3 0 11810
#DEF 2126 11807 11811 4
2127 #NS 2054 IsPartialOrder
2128 #NS 2127 mk
2129 #NI 2096 569721259
2130 #NS 2129 _hygCtx
2131 #NS 2130 _hyg
2132 #NI 2131 3
2133 #NS 0 le_antisymm
11812 #EA 11732 5
11813 #EA 11812 7
11814 #EA 503 68
11815 #EA 11814 21
11816 #EA 11815 7
11817 #EP #BD 79 11813 11816
11818 #EP #BD 79 11770 11817
11819 #EP #BD 83 21 11818
11820 #EP #BD 52 7 11819
11821 #EC 2127 1
11822 #EA 11821 21
11823 #EA 11822 7
11824 #EP #BD 2133 11820 11823
11825 #EP #BC 2124 11758 11824
11826 #EP #BC 2132 1187 11825
11827 #EP #BI 3 0 11826
#IND 2 2127 11756 1 2128 11827 4
2134 #NS 2054 IsLinearOrder
2135 #NS 2134 mk
2136 #NI 2096 355461848
2137 #NS 2136 _hygCtx
2138 #NS 2137 _hyg
2139 #NI 2138 3
2140 #NS 0 toIsPartialOrder
11828 #EA 11821 5
11829 #EA 11828 2
11830 #EC 2134 1
11831 #EA 11830 21
11832 #EA 11831 7
11833 #EP #BD 2125 11793 11832
11834 #EP #BC 2140 11829 11833
11835 #EP #BC 2139 1187 11834
11836 #EP #BI 3 0 11835
#IND 2 2134 11756 1 2135 11836 4
2141 #NS 2127 toIsPreorder
11837 #EP #BC 218 11829 11804
11838 #EP #BI 2132 1187 11837
11839 #EP #BI 3 0 11838
11840 #EJ 2127 0 2
11841 #EL #BC 218 11829 11840
11842 #EL #BI 2132 1187 11841
11843 #EL #BD 3 0 11842
#DEF 2141 11839 11843 4
2142 #NS 2134 toIsPartialOrder
11844 #EA 11830 5
11845 #EA 11844 2
11846 #EA 11821 7
11847 #EA 11846 5
11848 #EP #BC 218 11845 11847
11849 #EP #BI 2139 1187 11848
11850 #EP #BI 3 0 11849
11851 #EJ 2134 0 2
11852 #EL #BC 218 11845 11851
11853 #EL #BI 2139 1187 11852
11854 #EL #BD 3 0 11853
#DEF 2142 11850 11854 4
2143 #NS 2134 le_total
11855 #EP #BC 218 11845 11793
11856 #EP #BI 2139 1187 11855
11857 #EP #BI 3 0 11856
11858 #EJ 2134 1 2
11859 #EL #BC 218 11845 11858
11860 #EL #BI 2139 1187 11859
11861 #EL #BD 3 0 11860
#DEF 2143 11857 11861 4
2144 #NS 2134 toIsLinearPreorder
11862 #EA 11794 7
11863 #EA 11862 5
11864 #EP #BC 218 11845 11863
11865 #EP #BC 2139 1187 11864
11866 #EP #BI 3 0 11865
11867 #EC 2119 1
11868 #EA 11867 7
11869 #EA 11868 5
11870 #EC 2141 1
11871 #EA 11870 7
11872 #EA 11871 5
11873 #EC 2142 1
11874 #EA 11873 7
11875 #EA 11874 5
11876 #EA 11875 2
11877 #EA 11872 11876
11878 #EA 11869 11877
11879 #EC 2143 1
11880 #EA 11879 7
11881 #EA 11880 5
11882 #EA 11881 2
11883 #EA 11878 11882
11884 #EL #BD 218 11845 11883
11885 #EL #BC 2139 1187 11884
11886 #EL #BD 3 0 11885
#DEF 2144 11866 11886 4
2145 #NS 0 Array
2146 #NS 2145 mk
2147 #NS 0 toList
11887 #EC 2145 1
11888 #EA 11887 5
11889 #EP #BD 2147 3 11888
11890 #EP #BI 3 0 11889
#IND 1 2145 12 1 2146 11890 4
2148 #NS 0 Fin
2149 #NS 2148 mk
2150 #NS 0 isLt
11891 #EC 2148 
11892 #EA 11891 7
11893 #EP #BD 2150 7888 11892
11894 #EP #BD 1982 13 11893
11895 #EP #BI 11 13 11894
11896 #EP #BD 11 13 15
#IND 1 2148 11896 1 2149 11895 
2151 #NS 0 HPow
2152 #NS 2151 mk
2153 #NS 0 hPow
11897 #EC 2151 1 7 24
11898 #EA 11897 21
11899 #EA 11898 7
11900 #EA 11899 5
11901 #EP #BD 2153 2786 11900
11902 #EP #BI 608 2785 11901
11903 #EP #BI 88 1062 11902
11904 #EP #BI 3 0 11903
#IND 3 2151 2798 1 2152 11904 4 89 609
2154 #NS 2151 hPow
11905 #EA 11897 7
11906 #EA 11905 5
11907 #EA 11906 2
11908 #EP #BC 218 11907 2802
11909 #EP #BI 608 2785 11908
11910 #EP #BI 88 1062 11909
11911 #EP #BI 3 0 11910
11912 #EJ 2151 0 2
11913 #EL #BC 218 11907 11912
11914 #EL #BI 608 2785 11913
11915 #EL #BD 88 1062 11914
11916 #EL #BD 3 0 11915
#DEF 2154 11911 11916 4 89 609
2155 #NS 0 Pow
2156 #NS 2155 mk
2157 #NS 0 pow
11917 #EC 2155 1 7
11918 #EA 11917 7
11919 #EA 11918 5
11920 #EP #BD 2157 1064 11919
11921 #EP #BI 88 1062 11920
11922 #EP #BI 3 0 11921
11923 #ES 22
11924 #EP #BD 88 1062 11923
11925 #EP #BD 3 0 11924
#IND 2 2155 11925 1 2156 11922 4 89
2158 #NS 2155 pow
11926 #EA 11917 5
11927 #EA 11926 2
11928 #EP #BD 79 7 22
11929 #EP #BD 79 7 11928
11930 #EP #BC 218 11927 11929
11931 #EP #BI 88 1062 11930
11932 #EP #BI 3 0 11931
11933 #EJ 2155 0 2
11934 #EL #BC 218 11927 11933
11935 #EL #BD 88 1062 11934
11936 #EL #BD 3 0 11935
#DEF 2158 11932 11936 4 89
2159 #NS 0 instHPow
30 #US 6
11937 #ES 30
2160 #NI 292 3805852345
2161 #NS 2160 _hygCtx
2162 #NS 2161 _hyg
2163 #NI 2162 9
11938 #EC 2155 4 6
11939 #EA 11938 5
11940 #EA 11939 2
11941 #EC 2151 4 6 4
11942 #EA 11941 7
11943 #EA 11942 5
11944 #EA 11943 7
11945 #EP #BC 2163 11940 11944
11946 #EP #BI 88 11937 11945
11947 #EP #BI 3 55 11946
11948 #EC 2152 4 6 4
11949 #EA 11948 7
11950 #EA 11949 5
11951 #EA 11950 7
11952 #EC 2158 4 6
11953 #EA 11952 22
11954 #EA 11953 21
11955 #EA 11954 7
11956 #EA 11955 5
11957 #EA 11956 2
11958 #EL #BD 83 7 11957
11959 #EL #BD 52 7 11958
11960 #EA 11951 11959
11961 #EL #BC 2163 11940 11960
11962 #EL #BI 88 11937 11961
11963 #EL #BI 3 55 11962
#DEF 2159 11947 11963 15 48
2164 #NS 0 NatPow
2165 #NS 2164 mk
11964 #EP #BD 79 13 7
11965 #EP #BD 79 2 11964
11966 #EC 2164 1
11967 #EA 11966 5
11968 #EP #BD 2157 11965 11967
11969 #EP #BI 3 0 11968
#IND 1 2164 12 1 2165 11969 4
2166 #NS 2164 pow
11970 #EA 11966 2
11971 #EP #BD 79 13 21
11972 #EP #BD 79 5 11971
11973 #EP #BC 218 11970 11972
11974 #EP #BI 3 0 11973
11975 #EJ 2164 0 2
11976 #EL #BC 218 11970 11975
11977 #EL #BD 3 0 11976
#DEF 2166 11974 11977 4
2167 #NS 0 instPowNat
2168 #NI 292 3231272351
2169 #NS 2168 _hygCtx
2170 #NS 2169 _hyg
2171 #NI 2170 5
11978 #EC 2164 4
11979 #EA 11978 2
11980 #EC 2155 4 0
11981 #EA 11980 5
11982 #EA 11981 13
11983 #EP #BC 2171 11979 11982
11984 #EP #BI 3 55 11983
11985 #EC 2156 4 0
11986 #EA 11985 5
11987 #EA 11986 13
11988 #EC 2166 4
11989 #EA 11988 21
11990 #EA 11989 7
11991 #EA 11990 5
11992 #EA 11991 2
11993 #EL #BD 11 13 11992
11994 #EL #BD 52 5 11993
11995 #EA 11987 11994
11996 #EL #BC 2171 11979 11995
11997 #EL #BI 3 55 11996
#DEF 2167 11984 11997 15
2172 #NS 8 mul
2173 #NS 2172 match_1
2174 #NI 139 2075127268
2175 #NS 2174 _hygCtx
2176 #NI 2175 13
2177 #NS 2176 Init
2178 #NS 2177 Prelude
2179 #NI 2178 2075127268
2180 #NS 2179 _hygCtx
2181 #NS 2180 _hyg
2182 #NI 2181 32
2183 #NI 2175 14
2184 #NS 2183 Init
2185 #NS 2184 Prelude
2186 #NI 2185 2075127268
2187 #NS 2186 _hygCtx
2188 #NS 2187 _hyg
2189 #NI 2188 35
2190 #NS 2175 _hyg
2191 #NI 2190 41
11998 #EA 184 1021
11999 #EP #BD 2191 13 11998
12000 #EP #BD 49 11999 2849
12001 #EP #BD 2189 13 12000
12002 #EP #BD 2182 13 12001
12003 #EP #BD 13 1411 12002
12004 #EL #BD 49 11999 2862
12005 #EL #BD 2189 13 12004
12006 #EL #BD 2182 13 12005
12007 #EL #BD 13 1411 12006
#DEF 2173 12003 12007 15
2192 #NS 2172 _f
2193 #NI 2190 14
2194 #NI 2190 13
12008 #EC 2173 3
12009 #EA 12008 2875
12010 #EA 12009 2
12011 #EA 12010 7
2195 #NI 2190 67
12012 #EA 2868 1021
12013 #EL #BD 2195 12012 1021
12014 #EL #BD 2191 13 12013
12015 #EA 12011 12014
12016 #EA 2907 2884
12017 #EA 12016 7
12018 #EL #BD 2195 2883 12017
12019 #EL #BD 83 13 12018
12020 #EL #BD 52 13 12019
12021 #EA 12015 12020
12022 #EA 12021 5
12023 #EL #BD 2194 13 12022
12024 #EL #BD 96 2869 12023
12025 #EL #BD 2193 13 12024
#DEF 2192 2871 12025 
12026 #EC 2192 
12027 #EA 2897 12026
12028 #EA 12027 5
12029 #EL #BD 2193 13 12028
12030 #EL #BD 2194 13 12029
#DEF 2172 2895 12030 
2196 #NS 1350 _f
2197 #NS 1353 _hyg
2198 #NI 2197 10
12031 #EA 1452 6977
12032 #EA 12031 2
12033 #EP #BD 96 12032 13
12034 #EP #BD 2198 13 12033
12035 #EP #BD 161 13 12034
12036 #EL #BD 1360 13 12033
12037 #EA 6976 12036
12038 #EA 12037 5
2199 #NI 2197 41
12039 #EA 12031 1021
12040 #EL #BD 2199 12039 2968
12041 #EL #BD 370 1519 12040
12042 #EA 12038 12041
12043 #EA 12031 1392
12044 #EC 2172 
12045 #EA 12044 851
12046 #EA 12045 22
12047 #EL #BD 2199 12043 12046
12048 #EL #BD 11 13 12047
12049 #EA 12042 12048
12050 #EA 12049 2
12051 #EL #BD 96 12032 12050
12052 #EL #BD 2198 13 12051
12053 #EL #BD 161 13 12052
#DEF 2196 12035 12053 
12054 #EA 1489 6977
12055 #EA 12054 2
12056 #EC 2196 
12057 #EA 12056 5
12058 #EA 12055 12057
12059 #EL #BD 2198 13 12058
12060 #EL #BD 161 13 12059
#DEF 1350 2895 12060 
2200 #NS 0 instNatPowNat
12061 #EC 2164 0
12062 #EA 12061 13
12063 #EC 2165 0
12064 #EA 12063 13
12065 #EC 1350 
12066 #EA 12064 12065
#DEF 2200 12062 12066 
2201 #NS 0 BitVec
2202 #NS 2201 ofFin
2203 #NS 0 toFin
12067 #EC 2154 0 0 0
12068 #EA 12067 13
12069 #EA 12068 13
12070 #EA 12069 13
12071 #EC 2159 0 0
12072 #EA 12071 13
12073 #EA 12072 13
12074 #EC 2167 0
12075 #EA 12074 13
12076 #EC 2200 
12077 #EA 12075 12076
12078 #EA 12073 12077
12079 #EA 12070 12078
12080 #ELN 2
12081 #EA 1016 12080
12082 #EA 1019 12080
12083 #EA 12081 12082
12084 #EA 12079 12083
12085 #EA 12084 2
12086 #EA 11891 12085
12087 #EC 2201 
12088 #EA 12087 5
12089 #EP #BD 2203 12086 12088
12090 #EP #BI 609 13 12089
#IND 1 2201 11896 1 2202 12090 
2204 #NS 0 UInt8
2205 #NS 2204 ofBitVec
2206 #NS 0 toBitVec
12091 #ELN 8
12092 #EA 1016 12091
12093 #EA 1019 12091
12094 #EA 12092 12093
12095 #EA 12087 12094
12096 #EC 2204 
12097 #EP #BD 2206 12095 12096
#IND 0 2204 15 1 2205 12097 
2207 #NS 0 ByteArray
2208 #NS 2207 mk
2209 #NS 0 data
12098 #EC 2145 0
12099 #EA 12098 12096
12100 #EC 2207 
12101 #EP #BD 2209 12099 12100
#IND 0 2207 15 1 2208 12101 
2210 #NS 0 UInt32
2211 #NS 2210 ofBitVec
12102 #ELN 32
12103 #EA 1016 12102
12104 #EA 1019 12102
12105 #EA 12103 12104
12106 #EA 12087 12105
12107 #EC 2210 
12108 #EP #BD 2206 12106 12107
#IND 0 2210 15 1 2211 12108 
2212 #NS 8 isValidChar
12109 #ELN 55296
12110 #EA 1016 12109
12111 #EA 1019 12109
12112 #EA 12110 12111
12113 #EA 7834 12112
12114 #EA 8243 12113
12115 #ELN 57343
12116 #EA 1016 12115
12117 #EA 1019 12115
12118 #EA 12116 12117
12119 #EA 7833 12118
12120 #EA 12119 2
12121 #EA 4361 12120
12122 #ELN 1114112
12123 #EA 1016 12122
12124 #EA 1019 12122
12125 #EA 12123 12124
12126 #EA 7834 12125
12127 #EA 12121 12126
12128 #EA 12114 12127
12129 #EL #BD 11 13 12128
#DEF 2212 1294 12129 
2213 #NS 2148 val
12130 #EA 11891 2
12131 #EP #BD 218 12130 13
12132 #EP #BI 11 13 12131
12133 #EJ 2148 0 2
12134 #EL #BD 218 12130 12133
12135 #EL #BD 11 13 12134
#DEF 2213 12132 12135 
2214 #NS 2201 toFin
12136 #EA 12087 2
12137 #EA 12084 5
12138 #EA 11891 12137
12139 #EP #BD 218 12136 12138
12140 #EP #BI 609 13 12139
12141 #EJ 2201 0 2
12142 #EL #BD 218 12136 12141
12143 #EL #BD 609 13 12142
#DEF 2214 12140 12143 
2215 #NS 2201 toNat
12144 #EP #BD 22 12136 13
12145 #EP #BI 609 13 12144
12146 #EC 2213 
12147 #EA 12146 12137
12148 #EC 2214 
12149 #EA 12148 5
12150 #EA 12149 2
12151 #EA 12147 12150
12152 #EL #BD 22 12136 12151
12153 #EL #BI 609 13 12152
#DEF 2215 12145 12153 
2216 #NS 2210 toBitVec
12154 #EP #BD 218 12107 12106
12155 #EJ 2210 0 2
12156 #EL #BD 218 12107 12155
#DEF 2216 12154 12156 
2217 #NS 2210 toNat
12157 #EP #BD 11 12107 13
12158 #EC 2215 
12159 #EA 12158 12105
12160 #EC 2216 
12161 #EA 12160 2
12162 #EA 12159 12161
12163 #EL #BD 11 12107 12162
#DEF 2217 12157 12163 
2218 #NS 2210 isValidChar
12164 #EP #BD 11 12107 108
12165 #EC 2212 
12166 #EC 2217 
12167 #EA 12166 2
12168 #EA 12165 12167
12169 #EL #BD 11 12107 12168
#DEF 2218 12164 12169 
2219 #NS 0 Char
2220 #NS 2219 mk
2221 #NS 0 valid
12170 #EC 2218 
12171 #EA 12170 2
12172 #EC 2219 
12173 #EP #BD 2221 12171 12172
12174 #EP #BD 1982 12107 12173
#IND 0 2219 15 1 2220 12174 
2222 #NS 1 toByteArray
2223 #NS 2222 match_1
2224 #NI 139 4011339995
2225 #NS 2224 _hygCtx
2226 #NI 2225 7
2227 #NS 2226 Init
2228 #NS 2227 Prelude
2229 #NI 2228 4011339995
2230 #NS 2229 _hygCtx
2231 #NS 2230 _hyg
2232 #NI 2231 30
12175 #EA 1009 12096
2233 #NI 2225 8
2234 #NS 2233 Init
2235 #NS 2234 Prelude
2236 #NI 2235 4011339995
2237 #NS 2236 _hygCtx
2238 #NS 2237 _hyg
2239 #NI 2238 33
12176 #EP #BD 2239 12100 16
12177 #EP #BD 2232 12175 12176
12178 #EA 3980 12096
12179 #EA 21 12178
12180 #EA 12179 2
12181 #EP #BD 273 12100 12180
12182 #EA 3984 12096
12183 #EA 12182 7
12184 #EA 12183 5
12185 #EA 68 12184
12186 #EA 12185 2
12187 #EP #BD 273 12100 12186
12188 #EP #BD 924 12175 12187
12189 #EP #BD 83 12096 12188
12190 #EP #BD 51 12189 80
12191 #EP #BD 49 12181 12190
12192 #EP #BD 2239 12100 12191
12193 #EP #BD 2232 12175 12192
12194 #EP #BD 13 12177 12193
12195 #EC 12 4 0
12196 #EA 12195 12096
12197 #EL #BD 22 12175 89
12198 #EA 12196 12197
12199 #EA 12198 21
12200 #EA 12199 93
2240 #NI 245 4011339995
2241 #NS 2240 _hygCtx
2242 #NS 2241 _hyg
2243 #NI 2242 63
2244 #NI 250 4011339995
2245 #NS 2244 _hygCtx
2246 #NS 2245 _hyg
2247 #NI 2246 64
12201 #EL #BD 2247 12175 98
12202 #EL #BD 2243 12096 12201
12203 #EA 12200 12202
12204 #EL #BD 51 12189 12203
12205 #EL #BD 49 12181 12204
12206 #EL #BD 2239 12100 12205
12207 #EL #BD 2232 12175 12206
12208 #EL #BD 13 12177 12207
#DEF 2223 12194 12208 15
2248 #NS 2207 casesOn
12209 #EP #BD 14 12100 122
2249 #NS 0 mk
12210 #EC 2208 
12211 #EA 12210 2
12212 #EA 7 12211
12213 #EP #BD 2209 12099 12212
12214 #EP #BD 2249 12213 96
12215 #EP #BD 14 12100 12214
12216 #EP #BI 13 12209 12215
2250 #NS 2207 rec
12217 #EC 2250 1
12218 #EA 12217 7
12219 #EL #BD 2209 12099 1219
12220 #EA 12218 12219
12221 #EA 12220 5
12222 #EL #BD 2249 12213 12221
12223 #EL #BD 14 12100 12222
12224 #EL #BI 13 12209 12223
#DEF 2248 12216 12224 4
2251 #NS 2207 push
2252 #NS 2251 match_1
2253 #NI 139 1061955011
2254 #NS 2253 _hygCtx
2255 #NI 2254 7
2256 #NS 2255 Init
2257 #NS 2256 Prelude
2258 #NI 2257 1061955011
2259 #NS 2258 _hygCtx
2260 #NS 2259 _hyg
2261 #NI 2260 26
2262 #NI 2254 8
2263 #NS 2262 Init
2264 #NS 2263 Prelude
2265 #NI 2264 1061955011
2266 #NS 2265 _hygCtx
2267 #NS 2266 _hyg
2268 #NI 2267 29
12225 #EP #BD 2268 12096 16
12226 #EP #BD 2261 12100 12225
12227 #EA 12210 5
12228 #EA 22 12227
12229 #EA 12228 2
12230 #EP #BD 83 12096 12229
12231 #EP #BD 924 12099 12230
12232 #EP #BD 49 12231 44
12233 #EP #BD 2268 12096 12232
12234 #EP #BD 2261 12100 12233
12235 #EP #BD 13 12226 12234
12236 #EC 2248 4
12237 #EA 203 7
12238 #EL #BD 22 12100 12237
12239 #EA 12236 12238
12240 #EA 12239 7
2269 #NS 2209 _@
2270 #NS 2269 Init
2271 #NS 2270 Prelude
2272 #NI 2271 1061955011
2273 #NS 2272 _hygCtx
2274 #NS 2273 _hyg
2275 #NI 2274 45
12241 #EA 1219 7
12242 #EL #BD 2275 12099 12241
12243 #EA 12240 12242
12244 #EL #BD 49 12231 12243
12245 #EL #BD 2268 12096 12244
12246 #EL #BD 2261 12100 12245
12247 #EL #BD 13 12226 12246
#DEF 2252 12235 12247 15
2276 #NS 1 concat
2277 #NS 2276 match_1
#DEF 2277 86 107 15 48
2278 #NS 2276 _f
2279 #NI 139 2376136994
2280 #NS 2279 _hygCtx
2281 #NS 2280 _hyg
2282 #NI 2281 10
2283 #NI 2281 11
12248 #EP #BD 2283 7 155
12249 #EL #BD 2282 6 12248
12250 #EA 760 12249
12251 #EA 12250 2
12252 #EP #BD 96 12251 12248
12253 #EP #BD 2282 3 12252
12254 #EP #BI 3 0 12253
12255 #EC 2277 1 2
12256 #EA 12255 21
2284 #NI 2280 10
2285 #NS 2284 Init
2286 #NS 2285 Prelude
2287 #NI 2286 2376136994
2288 #NS 2287 _hygCtx
2289 #NS 2288 _hyg
2290 #NI 2289 29
2291 #NI 2280 11
2292 #NS 2291 Init
2293 #NS 2292 Prelude
2294 #NI 2293 2376136994
2295 #NS 2294 _hygCtx
2296 #NS 2295 _hyg
2297 #NI 2296 32
2298 #NI 2281 67
12257 #EP #BD 2283 68 631
12258 #EL #BD 2282 42 12257
12259 #EA 781 12258
12260 #EA 12259 5
12261 #EP #BD 2298 12260 455
12262 #EL #BD 2297 22 12261
12263 #EL #BD 2290 155 12262
12264 #EA 12256 12263
12265 #EA 12264 7
12266 #EA 12265 2
12267 #EP #BD 2283 25 455
12268 #EL #BD 2282 23 12267
12269 #EA 799 12268
12270 #EA 12269 779
12271 #EL #BD 2298 12270 826
12272 #EL #BD 83 21 12271
12273 #EA 12266 12272
12274 #EP #BD 2283 70 452
12275 #EL #BD 2282 455 12274
12276 #EA 3716 12275
12277 #EA 12276 212
12278 #EA 846 1478
12279 #EL #BD 2298 12277 12278
12280 #EL #BD 83 25 12279
12281 #EL #BD 53 23 12280
12282 #EL #BD 52 21 12281
12283 #EA 12273 12282
12284 #EA 12283 5
12285 #EL #BD 2283 7 12284
12286 #EL #BD 96 12251 12285
12287 #EL #BD 2282 3 12286
12288 #EL #BI 3 0 12287
#DEF 2278 12254 12288 4
12289 #EP #BD 79 5 8
12290 #EP #BD 79 3 12289
12291 #EP #BI 3 0 12290
12292 #EP #BD 2283 21 23
12293 #EL #BD 2282 8 12292
12294 #EA 900 12293
12295 #EA 12294 5
12296 #EC 2278 1
12297 #EA 12296 7
12298 #EA 12295 12297
12299 #EA 12298 2
12300 #EL #BD 2283 5 12299
12301 #EL #BD 2282 3 12300
12302 #EL #BI 3 0 12301
#DEF 2276 12291 12302 4
2299 #NS 2145 toList
12303 #EA 11887 2
12304 #EP #BD 218 12303 6
12305 #EP #BI 3 0 12304
12306 #EJ 2145 0 2
12307 #EL #BD 218 12303 12306
12308 #EL #BD 3 0 12307
#DEF 2299 12305 12308 4
2300 #NS 2145 push
12309 #EA 11887 7
12310 #EP #BD 89 5 12309
12311 #EP #BD 52 12303 12310
12312 #EP #BI 3 0 12311
12313 #EC 2146 1
12314 #EA 12313 7
12315 #EC 2276 1
12316 #EA 12315 7
12317 #EC 2299 1
12318 #EA 12317 7
12319 #EA 12318 5
12320 #EA 12316 12319
12321 #EA 12320 2
12322 #EA 12314 12321
12323 #EL #BD 89 5 12322
12324 #EL #BD 52 12303 12323
12325 #EL #BI 3 0 12324
#DEF 2300 12312 12325 4
12326 #EP #BD 79 12096 12100
12327 #EP #BD 79 12100 12326
2301 #NS 2254 _hyg
2302 #NI 2301 7
2303 #NI 2301 8
12328 #EC 2252 3
12329 #EL #BD 2268 12096 12100
12330 #EL #BD 2261 12100 12329
12331 #EA 12328 12330
12332 #EA 12331 5
12333 #EA 12332 2
12334 #EC 2300 0
12335 #EA 12334 12096
12336 #EA 12335 5
12337 #EA 12336 2
12338 #EA 12210 12337
12339 #EL #BD 83 12096 12338
12340 #EL #BD 924 12099 12339
12341 #EA 12333 12340
12342 #EL #BD 2303 12096 12341
12343 #EL #BD 2302 12100 12342
#DEF 2251 12327 12343 
2304 #NS 2222 loop
2305 #NS 2304 _f
2306 #NS 2225 _hyg
2307 #NI 2306 7
12344 #EC 92 3 0
12345 #EA 12344 12096
2308 #NI 2306 8
12346 #EP #BD 2308 12100 12100
12347 #EL #BD 2307 12175 12346
12348 #EA 12345 12347
12349 #EA 12348 2
12350 #EP #BD 96 12349 12346
12351 #EP #BD 2307 12175 12350
12352 #EC 2223 3
2309 #NI 2306 65
12353 #EA 12348 5
12354 #EP #BD 2309 12353 12100
12355 #EL #BD 2239 12100 12354
12356 #EL #BD 2232 12175 12355
12357 #EA 12352 12356
12358 #EA 12357 7
12359 #EA 12358 2
12360 #EA 12348 12178
12361 #EL #BD 2309 12360 5
12362 #EL #BD 273 12100 12361
12363 #EA 12359 12362
12364 #EA 12348 12184
12365 #EC 2251 
12366 #EA 12365 5
12367 #EA 12366 21
12368 #EA 851 12367
12369 #EL #BD 2309 12364 12368
12370 #EL #BD 273 12100 12369
12371 #EL #BD 924 12175 12370
12372 #EL #BD 83 12096 12371
12373 #EA 12363 12372
12374 #EA 12373 5
12375 #EL #BD 2308 12100 12374
12376 #EL #BD 96 12349 12375
12377 #EL #BD 2307 12175 12376
#DEF 2305 12351 12377 
12378 #EP #BD 2307 12175 12346
12379 #EC 93 3 0
12380 #EA 12379 12096
12381 #EA 12380 12347
12382 #EA 12381 5
12383 #EC 2305 
12384 #EA 12382 12383
12385 #EA 12384 2
12386 #EL #BD 2308 12100 12385
12387 #EL #BD 2307 12175 12386
#DEF 2304 12378 12387 
2310 #NS 2145 emptyWithCapacity
12388 #EP #BD 280 13 11888
12389 #EP #BI 3 0 12388
12390 #EA 12313 5
12391 #EA 12390 894
12392 #EL #BD 280 13 12391
12393 #EL #BI 3 0 12392
#DEF 2310 12389 12393 4
2311 #NS 2145 empty
12394 #EP #BI 3 0 12303
12395 #EC 2310 1
12396 #EA 12395 2
12397 #EA 1015 13
12398 #EA 12397 1017
12399 #EA 12398 1020
12400 #EA 12396 12399
12401 #EL #BI 3 0 12400
#DEF 2311 12394 12401 4
2312 #NS 2207 emptyWithCapacity
12402 #EP #BD 280 13 12100
12403 #EC 2311 0
12404 #EA 12403 12096
12405 #EA 12210 12404
12406 #EL #BD 280 13 12405
#DEF 2312 12402 12406 
2313 #NS 2207 empty
12407 #EC 2312 
12408 #EA 12407 12399
#DEF 2313 12100 12408 
12409 #EP #BD 924 12175 12100
12410 #EC 2304 
12411 #EA 12410 2
12412 #EC 2313 
12413 #EA 12411 12412
12414 #EL #BD 924 12175 12413
#DEF 2222 12409 12414 
2314 #NS 1 flatten
2315 #NS 2314 match_1
2316 #NI 139 2116375929
2317 #NS 2316 _hygCtx
2318 #NI 2317 16
2319 #NS 2318 Init
2320 #NS 2319 Prelude
2321 #NI 2320 2116375929
2322 #NS 2321 _hygCtx
2323 #NS 2322 _hyg
2324 #NI 2323 27
12415 #EA 56 57
12416 #EP #BD 2324 12415 58
12417 #EA 56 61
12418 #EA 62 261
12419 #EA 7 12418
12420 #EP #BD 370 1519 12419
2325 #NS 0 L
12421 #EA 56 3794
12422 #EA 69 67
12423 #EA 12422 5
12424 #EA 12423 2
12425 #EA 22 12424
12426 #EP #BD 2325 12421 12425
12427 #EP #BD 244 261 12426
12428 #EP #BD 51 12427 32
12429 #EP #BD 49 12420 12428
12430 #EP #BD 2324 12417 12429
12431 #EP #BD 13 12416 12430
12432 #EP #BI 3 55 12431
12433 #EA 87 3794
12434 #EL #BD 22 12421 203
12435 #EA 12433 12434
12436 #EA 12435 7
12437 #EA 12436 1565
2326 #NI 245 2116375929
2327 #NS 2326 _hygCtx
2328 #NS 2327 _hyg
2329 #NI 2328 49
2330 #NI 250 2116375929
2331 #NS 2330 _hygCtx
2332 #NS 2331 _hyg
2333 #NI 2332 50
12438 #EA 56 67
12439 #EL #BD 2333 12438 97
12440 #EL #BD 2329 3794 12439
12441 #EA 12437 12440
12442 #EL #BD 51 12427 12441
12443 #EL #BD 49 12420 12442
12444 #EL #BD 2324 12417 12443
12445 #EL #BD 13 12416 12444
12446 #EL #BI 3 55 12445
#DEF 2315 12432 12446 15 48
2334 #NS 2314 _f
2335 #NS 2317 _hyg
2336 #NI 2335 16
12447 #EA 4169 61
12448 #EL #BD 2336 12417 256
12449 #EA 12447 12448
12450 #EA 12449 2
12451 #EP #BD 96 12450 256
12452 #EP #BD 2336 12415 12451
12453 #EP #BI 3 55 12452
12454 #EC 2315 4 5
12455 #EA 12454 7
12456 #EA 56 256
2337 #NI 2335 51
12457 #EA 4169 261
12458 #EA 56 261
12459 #EL #BD 2336 12458 3794
12460 #EA 12457 12459
12461 #EA 12460 2
12462 #EP #BD 2337 12461 3794
12463 #EL #BD 2324 12456 12462
12464 #EA 12455 12463
12465 #EA 12464 5
12466 #EA 12460 12418
12467 #EL #BD 2337 12466 63
12468 #EL #BD 370 1519 12467
12469 #EA 12465 12468
12470 #EA 4169 3794
12471 #EL #BD 2336 12421 67
12472 #EA 12470 12471
12473 #EA 69 3794
12474 #EA 12473 5
12475 #EA 12474 2
12476 #EA 12472 12475
12477 #EC 906 4
12478 #EA 12477 25
12479 #EA 12478 7
12480 #EA 12479 851
12481 #EL #BD 2337 12476 12480
12482 #EL #BD 2325 12458 12481
12483 #EL #BD 244 256 12482
12484 #EA 12469 12483
12485 #EA 12484 2
12486 #EL #BD 96 12450 12485
12487 #EL #BD 2336 12415 12486
12488 #EL #BI 3 55 12487
#DEF 2334 12453 12488 15
12489 #EP #BD 79 12415 61
12490 #EP #BI 3 55 12489
12491 #EA 4221 61
12492 #EA 12491 12448
12493 #EA 12492 2
12494 #EC 2334 4
12495 #EA 12494 5
12496 #EA 12493 12495
12497 #EL #BD 2336 12415 12496
12498 #EL #BI 3 55 12497
#DEF 2314 12490 12498 15
2338 #NS 1 map
2339 #NS 2338 _f
2340 #NI 139 3880878767
2341 #NS 2340 _hygCtx
2342 #NS 2341 _hyg
2343 #NI 2342 15
12499 #EC 92 30 4
12500 #EA 12499 21
12501 #EC 1 6
12502 #EA 12501 21
12503 #EL #BD 2343 261 12502
12504 #EA 12500 12503
12505 #EA 12504 2
12506 #EP #BD 96 12505 12502
12507 #EP #BD 2343 256 12506
12508 #EP #BD 96 4264 12507
12509 #EP #BI 88 11937 12508
12510 #EP #BI 3 55 12509
31 #UM 5 30
12511 #EC 1301 4 31
12512 #EA 12511 22
2344 #NI 2341 15
2345 #NS 2344 Init
2346 #NS 2345 Prelude
2347 #NI 2346 3880878767
2348 #NS 2347 _hygCtx
2349 #NS 2348 _hyg
2350 #NI 2349 26
2351 #NI 2342 54
12513 #EA 12499 25
12514 #EA 12501 25
12515 #EL #BD 2343 67 12514
12516 #EA 12513 12515
12517 #EA 12516 2
12518 #EP #BD 2351 12517 12514
12519 #EL #BD 2350 3794 12518
12520 #EA 12512 12519
12521 #EA 12520 5
12522 #EA 12516 270
12523 #EC 2 6
12524 #EA 12523 25
12525 #EL #BD 2351 12522 12524
12526 #EL #BD 370 1519 12525
12527 #EA 12521 12526
12528 #EA 12499 68
12529 #EA 12501 68
12530 #EL #BD 2343 95 12529
12531 #EA 12528 12530
12532 #EA 275 2
12533 #EA 12531 12532
12534 #EC 5 6
12535 #EA 12534 68
12536 #EA 12535 2154
12537 #EA 12536 851
12538 #EL #BD 2351 12533 12537
12539 #EL #BD 53 67 12538
12540 #EL #BD 52 22 12539
12541 #EA 12527 12540
12542 #EA 12541 2
12543 #EL #BD 96 12505 12542
12544 #EL #BD 2343 256 12543
12545 #EL #BD 96 4264 12544
12546 #EL #BI 88 11937 12545
12547 #EL #BI 3 55 12546
#DEF 2339 12510 12547 15 48
12548 #EA 12501 7
12549 #EP #BD 244 256 12548
12550 #EP #BD 96 4264 12549
12551 #EP #BI 88 11937 12550
12552 #EP #BI 3 55 12551
12553 #EC 93 30 4
12554 #EA 12553 21
12555 #EA 12554 12503
12556 #EA 12555 2
12557 #EC 2339 4 6
12558 #EA 12557 21
12559 #EA 12558 7
12560 #EA 12559 5
12561 #EA 12556 12560
12562 #EL #BD 2343 256 12561
12563 #EL #BD 96 4264 12562
12564 #EL #BI 88 11937 12563
12565 #EL #BI 3 55 12564
#DEF 2338 12552 12565 15 48
2352 #NS 1 flatMap
12566 #EP #BD 79 5 1066
12567 #EP #BD 53 8 1069
12568 #EP #BD 83 12566 12567
12569 #EP #BI 88 1062 12568
12570 #EP #BI 3 0 12569
12571 #EC 2314 7
12572 #EA 12571 7
12573 #EC 2338 1 7
12574 #EA 12573 21
12575 #EA 12574 1069
12576 #EA 12575 5
12577 #EA 12576 2
12578 #EA 12572 12577
12579 #EL #BD 53 8 12578
12580 #EL #BD 83 12566 12579
12581 #EL #BI 88 1062 12580
12582 #EL #BI 3 0 12581
#DEF 2352 12570 12582 4 89
2353 #NS 2219 val
12583 #EP #BD 218 12172 12107
12584 #EJ 2219 0 2
12585 #EL #BD 218 12172 12584
#DEF 2353 12583 12585 
2354 #NS 0 HMod
2355 #NS 2354 mk
2356 #NS 0 hMod
12586 #EC 2354 1 7 24
12587 #EA 12586 21
12588 #EA 12587 7
12589 #EA 12588 5
12590 #EP #BD 2356 2786 12589
12591 #EP #BI 608 2785 12590
12592 #EP #BI 88 1062 12591
12593 #EP #BI 3 0 12592
#IND 3 2354 2798 1 2355 12593 4 89 609
2357 #NS 2354 hMod
12594 #EA 12586 7
12595 #EA 12594 5
12596 #EA 12595 2
12597 #EP #BC 218 12596 2802
12598 #EP #BI 608 2785 12597
12599 #EP #BI 88 1062 12598
12600 #EP #BI 3 0 12599
12601 #EJ 2354 0 2
12602 #EL #BC 218 12596 12601
12603 #EL #BI 608 2785 12602
12604 #EL #BD 88 1062 12603
12605 #EL #BD 3 0 12604
#DEF 2357 12600 12605 4 89 609
2358 #NS 0 Mod
2359 #NS 2358 mk
2360 #NS 0 mod
12606 #EC 2358 1
12607 #EA 12606 5
12608 #EP #BD 2360 1152 12607
12609 #EP #BI 3 0 12608
#IND 1 2358 12 1 2359 12609 4
2361 #NS 2358 mod
12610 #EA 12606 2
12611 #EP #BC 218 12610 1159
12612 #EP #BI 3 0 12611
12613 #EJ 2358 0 2
12614 #EL #BC 218 12610 12613
12615 #EL #BD 3 0 12614
#DEF 2361 12612 12615 4
2362 #NS 0 instHMod
2363 #NI 292 2224171311
2364 #NS 2363 _hygCtx
2365 #NS 2364 _hyg
2366 #NI 2365 5
12616 #EC 2358 4
12617 #EA 12616 2
12618 #EC 2354 4 4 4
12619 #EA 12618 5
12620 #EA 12619 5
12621 #EA 12620 5
12622 #EP #BC 2366 12617 12621
12623 #EP #BI 3 55 12622
12624 #EC 2355 4 4 4
12625 #EA 12624 5
12626 #EA 12625 5
12627 #EA 12626 5
12628 #EC 2361 4
12629 #EA 12628 21
12630 #EA 12629 7
12631 #EA 12630 5
12632 #EA 12631 2
12633 #EL #BD 83 7 12632
12634 #EL #BD 52 5 12633
12635 #EA 12627 12634
12636 #EL #BC 2366 12617 12635
12637 #EL #BI 3 55 12636
#DEF 2362 12623 12637 15
2367 #NS 0 namedPattern
12638 #EP #BD 119 128 21
12639 #EP #BD 52 5 12638
12640 #EP #BD 22 2 12639
12641 #EP #BI 3 122 12640
12642 #EL #BD 119 128 5
12643 #EL #BD 52 5 12642
12644 #EL #BD 22 2 12643
12645 #EL #BI 3 122 12644
#DEF 2367 12641 12645 4
2368 #NS 8 mod
2369 #NS 2368 match_1
2370 #NI 139 342371235
2371 #NS 2370 _hygCtx
2372 #NI 2371 9
2373 #NS 2372 Init
2374 #NS 2373 Prelude
2375 #NI 2374 342371235
2376 #NS 2375 _hygCtx
2377 #NS 2376 _hyg
2378 #NI 2377 28
2379 #NI 2371 10
2380 #NS 2379 Init
2381 #NS 2380 Prelude
2382 #NI 2381 342371235
2383 #NS 2382 _hygCtx
2384 #NS 2383 _hyg
2385 #NI 2384 31
2386 #NS 2371 _hyg
2387 #NI 2386 38
12646 #EA 21 1021
12647 #EA 12646 2
12648 #EP #BD 2387 13 12647
2388 #NI 337 342371235
2389 #NS 2388 _hygCtx
2390 #NS 2389 _hyg
2391 #NI 2390 53
2392 #NI 450 342371235
2393 #NS 2392 _hygCtx
2394 #NS 2393 _hyg
2395 #NI 2394 42
12649 #EA 6872 1392
12650 #EC 2367 3
12651 #EA 12650 13
12652 #EA 12651 21
12653 #EA 12652 1944
12654 #EA 12653 5
12655 #EA 70 12654
12656 #EA 12655 2
12657 #EP #BD 161 13 12656
12658 #EP #BD 2395 12649 12657
12659 #EP #BD 2391 13 12658
12660 #EP #BD 11 13 12659
12661 #EP #BD 51 12660 80
12662 #EP #BD 49 12648 12661
12663 #EP #BD 2385 13 12662
12664 #EP #BD 2378 13 12663
12665 #EP #BD 13 1411 12664
12666 #EL #BD 22 13 89
12667 #EA 1428 12666
12668 #EA 12667 21
12669 #EA 12668 93
2396 #NI 2390 72
12670 #EA 5 1392
12671 #EA 12670 2
12672 #EA 2759 1392
12673 #EA 12671 12672
12674 #EA 12673 21
12675 #EL #BD 2396 13 12674
12676 #EA 12669 12675
12677 #EL #BD 51 12660 12676
12678 #EL #BD 49 12648 12677
12679 #EL #BD 2385 13 12678
12680 #EL #BD 2378 13 12679
12681 #EL #BD 13 1411 12680
#DEF 2369 12665 12681 15
2397 #NS 8 decLt
12682 #EA 7830 13
12683 #EA 12682 7832
12684 #EA 12683 5
12685 #EA 12684 2
12686 #EA 1170 12685
12687 #EP #BD 161 13 12686
12688 #EP #BD 11 13 12687
12689 #EA 3611 1289
12690 #EA 12689 2
12691 #EL #BD 161 13 12690
12692 #EL #BD 11 13 12691
#DEF 2397 12688 12692 
2398 #NS 8 ctorIdx
12693 #EC 312 3
12694 #EA 12693 6977
12695 #EA 12694 2
12696 #EA 12695 1017
12697 #EL #BD 11 13 1920
12698 #EA 12696 12697
12699 #EL #BD 22 13 12698
#DEF 2398 14 12699 
2399 #NS 8 div
2400 #NS 2399 go
2401 #NS 2400 match_1
2402 #NS 0 fuel
2403 #NS 2402 _@
2404 #NS 2403 Init
2405 #NS 2404 Prelude
2406 #NI 2405 2515639154
2407 #NS 2406 _hygCtx
2408 #NS 2407 _hyg
2409 #NI 2408 28
2410 #NS 0 hfuel
12700 #EP #BD 2410 7842 16
12701 #EP #BD 2409 13 12700
12702 #EA 8859 1392
12703 #EA 1362 2
12704 #EP #BD 2410 12702 12703
12705 #EP #BD 2402 13 12704
12706 #EP #BD 49 12705 44
12707 #EP #BD 2410 9408 12706
12708 #EP #BD 2409 13 12707
12709 #EP #BD 13 12701 12708
12710 #EP #BD 22 13 12709
12711 #EA 9061 2
12712 #EP #BD 2410 12711 2324
12713 #EL #BD 22 13 12712
12714 #EA 1428 12713
12715 #EA 12714 7
12716 #EC 376 4
12717 #EA 1718 2
12718 #EA 12716 12717
12719 #EA 6928 2010
12720 #EA 1281 2641
12721 #EA 12720 2
12722 #EA 7833 283
12723 #EA 12722 1352
12724 #EA 2009 12723
12725 #EA 12724 21
12726 #EA 1281 2615
12727 #EA 12726 7
12728 #EA 12725 12727
12729 #EA 12728 5
12730 #EP #BD 119 12729 110
12731 #EP #BD 119 10109 12730
12732 #EL #BD 22 12721 12731
12733 #EL #BD 79 13 12732
12734 #EA 12719 12733
12735 #EA 12734 1352
12736 #EA 12735 2
2411 #NI 450 2515639154
2412 #NS 2411 _hygCtx
2413 #NS 2412 _hyg
2414 #NI 2413 77
12737 #EA 9301 2010
12738 #EA 8900 1352
12739 #EA 2009 12738
12740 #EA 12739 5
12741 #EA 12720 2641
12742 #EA 12740 12741
12743 #EA 2096 2641
12744 #EA 12742 12743
12745 #EP #BD 119 12744 110
12746 #EA 1995 12745
12747 #EA 2039 13
12748 #EC 2398 
12749 #EA 12747 12748
12750 #EA 12749 1352
12751 #EA 12750 2641
12752 #EA 12751 2
12753 #EA 12746 12752
12754 #EL #BD 2414 12737 12753
12755 #EA 12736 12754
2415 #NI 478 2515639154
2416 #NS 2415 _hygCtx
2417 #NS 2416 _hyg
2418 #NI 2417 75
2419 #NI 583 2515639154
2420 #NS 2419 _hygCtx
2421 #NS 2420 _hyg
2422 #NI 2421 76
2423 #NI 2413 78
12756 #EA 12726 1944
12757 #EA 12725 12756
12758 #EA 2102 2615
12759 #EA 12758 7
12760 #EA 12759 5
12761 #EA 12757 12760
12762 #EP #BD 119 12761 110
12763 #EA 1995 12762
12764 #EA 12750 1944
12765 #EA 12764 2
12766 #EA 12763 12765
12767 #EL #BD 2423 10053 12766
12768 #EL #BD 2422 12721 12767
12769 #EL #BI 2418 13 12768
12770 #EA 12755 12769
12771 #EA 2759 1352
12772 #EA 12770 12771
12773 #EA 9061 1352
12774 #EA 2051 12773
12775 #EA 12774 2
12776 #EA 12772 12775
12777 #EA 12718 12776
12778 #EL #BD 2410 9435 12777
12779 #EA 12715 12778
2424 #NI 337 2515639154
2425 #NS 2424 _hygCtx
2426 #NS 2425 _hyg
2427 #NI 2426 74
12780 #EA 9061 1392
12781 #EL #BD 2410 12780 97
12782 #EL #BD 2427 13 12781
12783 #EA 12779 12782
12784 #EA 12783 5
12785 #EL #BD 49 12705 12784
12786 #EL #BD 2410 9408 12785
12787 #EL #BD 2409 13 12786
12788 #EL #BD 13 12701 12787
12789 #EL #BD 22 13 12788
#DEF 2401 12710 12789 15
2428 #NS 0 HSub
2429 #NS 2428 mk
2430 #NS 0 hSub
12790 #EC 2428 1 7 24
12791 #EA 12790 21
12792 #EA 12791 7
12793 #EA 12792 5
12794 #EP #BD 2430 2786 12793
12795 #EP #BI 608 2785 12794
12796 #EP #BI 88 1062 12795
12797 #EP #BI 3 0 12796
#IND 3 2428 2798 1 2429 12797 4 89 609
2431 #NS 2428 hSub
12798 #EA 12790 7
12799 #EA 12798 5
12800 #EA 12799 2
12801 #EP #BC 218 12800 2802
12802 #EP #BI 608 2785 12801
12803 #EP #BI 88 1062 12802
12804 #EP #BI 3 0 12803
12805 #EJ 2428 0 2
12806 #EL #BC 218 12800 12805
12807 #EL #BI 608 2785 12806
12808 #EL #BD 88 1062 12807
12809 #EL #BD 3 0 12808
#DEF 2431 12804 12809 4 89 609
2432 #NS 0 Sub
2433 #NS 2432 mk
2434 #NS 0 sub
12810 #EC 2432 1
12811 #EA 12810 5
12812 #EP #BD 2434 1152 12811
12813 #EP #BI 3 0 12812
#IND 1 2432 12 1 2433 12813 4
2435 #NS 2432 sub
12814 #EA 12810 2
12815 #EP #BC 218 12814 1159
12816 #EP #BI 3 0 12815
12817 #EJ 2432 0 2
12818 #EL #BC 218 12814 12817
12819 #EL #BD 3 0 12818
#DEF 2435 12816 12819 4
2436 #NS 0 instHSub
2437 #NI 292 4034066273
2438 #NS 2437 _hygCtx
2439 #NS 2438 _hyg
2440 #NI 2439 5
12820 #EC 2432 4
12821 #EA 12820 2
12822 #EC 2428 4 4 4
12823 #EA 12822 5
12824 #EA 12823 5
12825 #EA 12824 5
12826 #EP #BC 2440 12821 12825
12827 #EP #BI 3 55 12826
12828 #EC 2429 4 4 4
12829 #EA 12828 5
12830 #EA 12829 5
12831 #EA 12830 5
12832 #EC 2435 4
12833 #EA 12832 21
12834 #EA 12833 7
12835 #EA 12834 5
12836 #EA 12835 2
12837 #EL #BD 83 7 12836
12838 #EL #BD 52 5 12837
12839 #EA 12831 12838
12840 #EL #BC 2440 12821 12839
12841 #EL #BI 3 55 12840
#DEF 2436 12827 12841 15
2441 #NS 8 sub
2442 #NS 2441 _f
2443 #NI 139 462884191
2444 #NS 2443 _hygCtx
2445 #NS 2444 _hyg
2446 #NI 2445 14
2447 #NI 2445 13
2448 #NI 2445 64
12842 #EL #BD 2448 12012 5
12843 #EL #BD 52 13 12842
12844 #EA 12011 12843
12845 #EA 7731 2884
12846 #EL #BD 2448 2883 12845
12847 #EL #BD 83 13 12846
12848 #EL #BD 52 13 12847
12849 #EA 12844 12848
12850 #EA 12849 5
12851 #EL #BD 2447 13 12850
12852 #EL #BD 96 2869 12851
12853 #EL #BD 2446 13 12852
#DEF 2442 2871 12853 
12854 #EC 2442 
12855 #EA 2897 12854
12856 #EA 12855 5
12857 #EL #BD 2446 13 12856
12858 #EL #BD 2447 13 12857
#DEF 2441 2895 12858 
2449 #NS 0 instSubNat
12859 #EC 2432 0
12860 #EA 12859 13
12861 #EC 2433 0
12862 #EA 12861 13
12863 #EC 2441 
12864 #EA 12862 12863
#DEF 2449 12860 12864 
2450 #NS 8 lt_of_lt_of_le
12865 #EP #BD 79 7176 8860
12866 #EP #BD 79 8858 12865
12867 #EP #BI 192 13 12866
12868 #EP #BI 161 13 12867
12869 #EP #BI 11 13 12868
12870 #EA 7754 1944
12871 #EA 12870 5
12872 #EA 12871 2
12873 #EL #BI 192 13 12872
12874 #EL #BI 161 13 12873
12875 #EL #BI 11 13 12874
#DEF 2450 12869 12875 
2451 #NS 967 casesOn
12876 #EP #BD 14 4369 122
12877 #EA 4361 7
12878 #EA 12877 5
12879 #EA 4450 25
12880 #EA 12879 22
12881 #EA 12880 5
12882 #EA 12881 2
12883 #EA 21 12882
12884 #EP #BD 970 21 12883
12885 #EP #BD 969 21 12884
12886 #EP #BD 1062 12885 96
12887 #EP #BD 14 12878 12886
12888 #EP #BI 13 12876 12887
12889 #EP #BI 83 108 12888
12890 #EP #BI 52 108 12889
2452 #NS 967 rec
12891 #EC 2452 1
12892 #EA 12891 22
12893 #EA 12892 21
12894 #EA 12893 7
12895 #EL #BD 970 22 97
12896 #EL #BD 969 22 12895
12897 #EA 12894 12896
12898 #EA 12897 5
12899 #EL #BD 1062 12885 12898
12900 #EL #BD 14 12878 12899
12901 #EL #BI 13 12876 12900
12902 #EL #BI 83 108 12901
12903 #EL #BI 52 108 12902
#DEF 2451 12890 12903 4
2453 #NS 469 div_rec_lemma
2454 #NS 2453 match_1_1
2455 #NI 139 1457300556
2456 #NS 2455 _hygCtx
2457 #NI 2456 27
2458 #NS 2457 Init
2459 #NS 2458 Prelude
2460 #NI 2459 1457300556
2461 #NS 2460 _hygCtx
2462 #NS 2461 _hyg
2463 #NI 2462 34
12904 #EA 7833 1021
12905 #EA 12904 2
12906 #EA 4361 12905
12907 #EA 12906 9541
12908 #EP #BD 2463 12907 108
12909 #EA 12904 5
12910 #EA 4361 12909
12911 #EA 12910 8691
2464 #NS 0 ypos
12912 #EA 12904 7
2465 #NS 0 ylex
12913 #EA 12904 22
12914 #EA 4450 12913
12915 #EA 2309 25
12916 #EA 12914 12915
12917 #EA 12916 5
12918 #EA 12917 2
12919 #EA 21 12918
12920 #EP #BD 2465 9730 12919
12921 #EP #BD 2464 12912 12920
12922 #EP #BD 49 12921 96
12923 #EP #BD 2463 12911 12922
12924 #EP #BD 13 12908 12923
12925 #EP #BI 298 13 12924
12926 #EP #BI 22 13 12925
12927 #EC 2451 0
12928 #EA 12904 21
12929 #EA 12927 12928
12930 #EA 12929 9730
12931 #EA 4361 12928
12932 #EA 12931 9730
12933 #EL #BD 22 12932 184
12934 #EA 12930 12933
12935 #EA 12934 5
2466 #NS 969 _@
2467 #NS 2466 Init
2468 #NS 2467 Prelude
2469 #NI 2468 1457300556
2470 #NS 2469 _hygCtx
2471 #NS 2470 _hyg
2472 #NI 2471 50
2473 #NS 970 _@
2474 #NS 2473 Init
2475 #NS 2474 Prelude
2476 #NI 2475 1457300556
2477 #NS 2476 _hygCtx
2478 #NS 2477 _hyg
2479 #NI 2478 51
12936 #EL #BD 2479 12915 97
12937 #EL #BD 2472 12928 12936
12938 #EA 12935 12937
12939 #EL #BD 49 12921 12938
12940 #EL #BD 2463 12911 12939
12941 #EL #BD 13 12908 12940
12942 #EL #BI 298 13 12941
12943 #EL #BI 22 13 12942
#DEF 2454 12926 12943 
2480 #NS 469 sub_lt
2481 #NS 2480 match_1_1
2482 #NI 139 1051260008
2483 #NS 2482 _hygCtx
2484 #NI 2483 21
2485 #NS 2484 Init
2486 #NS 2485 Prelude
2487 #NI 2486 1051260008
2488 #NS 2487 _hygCtx
2489 #NS 2488 _hyg
2490 #NI 2489 56
2491 #NI 2483 22
2492 #NS 2491 Init
2493 #NS 2492 Prelude
2494 #NI 2493 1051260008
2495 #NS 2494 _hygCtx
2496 #NS 2495 _hyg
2497 #NI 2496 59
2498 #NI 2483 23
2499 #NS 2498 Init
2500 #NS 2499 Prelude
2501 #NI 2500 1051260008
2502 #NS 2501 _hygCtx
2503 #NS 2502 _hyg
2504 #NI 2503 62
2505 #NI 2483 24
2506 #NS 2505 Init
2507 #NS 2506 Prelude
2508 #NI 2507 1051260008
2509 #NS 2508 _hygCtx
2510 #NS 2509 _hyg
2511 #NI 2510 65
12944 #EP #BD 2511 12909 108
12945 #EP #BD 2504 12909 12944
12946 #EP #BD 2497 13 12945
12947 #EP #BD 2490 13 12946
2512 #NS 2483 _hyg
2513 #NI 2512 77
12948 #EA 12904 1021
2514 #NI 2512 76
12949 #EA 70 1021
12950 #EA 12949 7
12951 #EA 12950 5
12952 #EA 12951 2
12953 #EP #BD 2514 12909 12952
12954 #EP #BD 1065 12948 12953
12955 #EP #BD 2513 13 12954
2515 #NI 337 1051260008
2516 #NS 2515 _hygCtx
2517 #NS 2516 _hyg
2518 #NI 2517 100
2519 #NI 2512 101
12956 #EA 12904 1392
12957 #EA 1996 1021
12958 #EA 12957 5
12959 #EA 12958 2
12960 #EP #BD 1066 12948 12959
12961 #EP #BD 2519 12956 12960
12962 #EP #BD 2518 13 12961
2520 #NI 2512 127
12963 #EA 12904 1289
2521 #NI 2512 126
12964 #EA 335 1984
12965 #EA 12964 1944
12966 #EA 12965 5
12967 #EA 12966 2
12968 #EP #BD 2521 12963 12967
12969 #EP #BD 2520 12963 12968
12970 #EP #BD 161 13 12969
12971 #EP #BD 11 13 12970
12972 #EA 9172 21
12973 #EP #BD 122 12971 12972
12974 #EP #BD 51 12962 12973
12975 #EP #BD 49 12955 12974
12976 #EP #BD 2511 12909 12975
12977 #EP #BD 2504 12909 12976
12978 #EP #BD 2497 13 12977
12979 #EP #BD 2490 13 12978
12980 #EP #BD 13 12947 12979
12981 #EA 9183 25
12982 #EP #BD 2504 12905 12981
12983 #EL #BD 22 13 12982
12984 #EA 1786 12983
12985 #EA 12984 68
12986 #EA 12904 1352
12987 #EA 21 68
12988 #EA 12987 2
12989 #EA 12988 22
12990 #EL #BD 2504 12986 12989
12991 #EA 12985 12990
2522 #NI 2517 176
12992 #EA 9208 7
12993 #EA 12992 2
12994 #EP #BD 2511 12905 12993
12995 #EL #BD 22 13 12994
12996 #EA 1786 12995
12997 #EA 12996 70
12998 #EA 713 5
12999 #EA 12998 2
13000 #EL #BD 2511 12986 12999
13001 #EA 12997 13000
2523 #NI 2517 177
13002 #EA 2063 7
13003 #EA 13002 2
13004 #EL #BD 2511 12956 13003
13005 #EL #BD 2523 13 13004
13006 #EA 13001 13005
13007 #EA 13006 25
13008 #EL #BD 2504 12956 13007
13009 #EL #BD 2522 13 13008
13010 #EA 12991 13009
13011 #EA 13010 22
13012 #EL #BD 122 12971 13011
13013 #EL #BD 51 12962 13012
13014 #EL #BD 49 12955 13013
13015 #EL #BD 2511 12909 13014
13016 #EL #BD 2504 12909 13015
13017 #EL #BD 2497 13 13016
13018 #EL #BD 2490 13 13017
13019 #EL #BD 13 12947 13018
#DEF 2481 12980 13019 
2524 #NS 8 lt_succ_of_le
13020 #EA 8857 1289
13021 #EP #BD 79 2304 13020
13022 #EP #BI 161 13 13021
13023 #EP #BI 11 13 13022
13024 #EA 3023 5
13025 #EA 13024 2
13026 #EL #BI 161 13 13025
13027 #EL #BI 11 13 13026
#DEF 2524 13023 13027 
2525 #NS 469 pred_le
2526 #NS 2525 match_1_1
#DEF 2526 1785 1796 
2527 #NS 8 pred_le
13028 #EA 2082 7747
13029 #EA 13028 2
13030 #EP #BD 11 13 13029
2528 #NI 139 2429363084
2529 #NS 2528 _hygCtx
2530 #NS 2529 _hyg
2531 #NI 2530 11
13031 #EC 2526 
2532 #NI 2529 11
2533 #NS 2532 Init
2534 #NS 2533 Prelude
2535 #NI 2534 2429363084
2536 #NS 2535 _hygCtx
2537 #NS 2536 _hyg
2538 #NI 2537 22
13032 #EL #BD 2538 13 13029
13033 #EA 13031 13032
13034 #EA 13033 2
13035 #EA 7731 1352
13036 #EA 2096 13035
13037 #EL #BD 370 1519 13036
13038 #EA 13034 13037
2539 #NI 337 2429363084
2540 #NS 2539 _hygCtx
2541 #NS 2540 _hyg
2542 #NI 2541 33
13039 #EA 7731 1392
13040 #EA 7761 13039
13041 #EL #BD 2542 13 13040
13042 #EA 13038 13041
13043 #EL #BD 2531 13 13042
#DEF 2527 13030 13043 
2543 #NS 8 sub_le
13044 #EC 2431 0 0 0
13045 #EA 13044 13
13046 #EA 13045 13
13047 #EA 13046 13
13048 #EC 2436 0
13049 #EA 13048 13
13050 #EC 2449 
13051 #EA 13049 13050
13052 #EA 13047 13051
13053 #EA 13052 5
13054 #EA 13053 2
13055 #EA 2082 13054
13056 #EA 13055 5
13057 #EP #BD 161 13 13056
13058 #EP #BD 11 13 13057
13059 #EC 308 0
2544 #NI 139 3861851691
2545 #NS 2544 _hygCtx
2546 #NS 2545 _hyg
2547 #NI 2546 12
13060 #EA 13052 7
13061 #EA 13060 2
13062 #EA 2082 13061
13063 #EA 13062 7
13064 #EL #BD 2547 13 13063
13065 #EA 13059 13064
13066 #EA 13053 1352
13067 #EA 7911 13066
13068 #EA 13065 13067
2548 #NI 2546 21
13069 #EA 13052 21
13070 #EA 13069 1289
13071 #EA 7754 13070
13072 #EA 12863 21
13073 #EA 13072 5
13074 #EA 13071 13073
13075 #EA 13074 21
13076 #EC 2527 
13077 #EA 13076 13073
13078 #EA 13075 13077
13079 #EA 13078 2
13080 #EL #BD 514 13063 13079
13081 #EL #BD 2548 13 13080
13082 #EA 13068 13081
13083 #EA 13082 2
13084 #EL #BD 161 13 13083
13085 #EL #BD 11 13 13084
#DEF 2543 13058 13085 
2549 #NS 8 succ_sub_succ_eq_sub
13086 #EA 13052 1289
13087 #EA 13086 1392
13088 #EA 1888 13087
13089 #EA 13088 13054
13090 #EP #BD 161 13 13089
13091 #EP #BD 11 13 13090
2550 #NI 139 3412428059
2551 #NS 2550 _hygCtx
2552 #NS 2551 _hyg
2553 #NI 2552 22
13092 #EA 13052 1944
13093 #EA 13092 1392
13094 #EA 1888 13093
13095 #EA 13094 13061
13096 #EL #BD 2553 13 13095
13097 #EA 13059 13096
13098 #EA 1288 1352
13099 #EA 13086 13098
13100 #EA 6962 13099
13101 #EA 13097 13100
2554 #NI 2552 28
13102 #EA 4658 13
13103 #EA 13102 13
13104 #EA 12863 1984
13105 #EA 13104 11377
13106 #EA 13103 13105
13107 #EA 13106 13073
13108 #EA 13107 7731
13109 #EA 13108 2
13110 #EL #BD 514 13095 13109
13111 #EL #BD 2554 13 13110
13112 #EA 13101 13111
13113 #EA 13112 2
13114 #EL #BD 161 13 13113
13115 #EL #BD 11 13 13114
#DEF 2549 13091 13115 
2555 #NS 8 sub_lt
13116 #EA 13069 7
13117 #EA 7833 13116
13118 #EA 13117 21
13119 #EP #BD 79 12909 13118
13120 #EP #BD 79 12909 13119
13121 #EP #BI 161 13 13120
13122 #EP #BI 11 13 13121
2556 #NI 2512 21
2557 #NI 2512 22
2558 #NI 2512 23
2559 #NI 2512 24
13123 #EC 2481 
13124 #EL #BD 2511 12909 13118
13125 #EL #BD 2504 12909 13124
13126 #EL #BD 2497 13 13125
13127 #EL #BD 2490 13 13126
13128 #EA 13123 13127
13129 #EA 13128 21
13130 #EA 13129 7
13131 #EA 13130 5
13132 #EA 13131 2
13133 #EA 3562 12948
13134 #EA 13052 1021
13135 #EA 13134 7
13136 #EA 7833 13135
13137 #EA 13136 1021
13138 #EA 13133 13137
13139 #EA 13138 5
13140 #EA 7881 1021
13141 #EA 13139 13140
13142 #EL #BD 2514 12909 13141
13143 #EL #BD 1065 12948 13142
13144 #EL #BD 2513 13 13143
13145 #EA 13132 13144
13146 #EA 13092 1021
13147 #EA 7833 13146
13148 #EA 13147 1944
13149 #EA 13133 13148
13150 #EA 13149 2
13151 #EA 13150 13140
13152 #EL #BD 1066 12948 13151
13153 #EL #BD 2519 12956 13152
13154 #EL #BD 2518 13 13153
13155 #EA 13145 13154
13156 #EA 1886 13116
2560 #NI 2512 162
2561 #NI 450 1051260008
2562 #NS 2561 _hygCtx
2563 #NS 2562 _hyg
2564 #NI 2563 163
13157 #EA 13052 22
13158 #EA 13157 21
13159 #EA 1888 13158
13160 #EA 13159 2
13161 #EL #BD 2564 13160 9485
13162 #EL #BD 2560 13 13161
13163 #EA 13156 13162
13164 #EA 13117 1984
13165 #EC 2524 
13166 #EA 13165 13116
13167 #EA 13166 21
13168 #EC 2543 
13169 #EA 13168 21
13170 #EA 13169 7
13171 #EA 13167 13170
13172 #EZ 176 13164 13171 2
13173 #EA 13163 13172
13174 #EA 13052 1984
13175 #EA 13174 1944
13176 #EA 13173 13175
13177 #EA 2566 13175
13178 #EA 13177 13116
13179 #EC 2549 
13180 #EA 13179 21
13181 #EA 13180 7
13182 #EA 13178 13181
13183 #EA 13176 13182
13184 #EL #BD 2521 12963 13183
13185 #EL #BD 2520 12963 13184
13186 #EL #BD 161 13 13185
13187 #EL #BD 11 13 13186
13188 #EA 13155 13187
13189 #EL #BD 2559 12909 13188
13190 #EL #BD 2558 12909 13189
13191 #EL #BD 2557 13 13190
13192 #EL #BD 2556 13 13191
#DEF 2555 13122 13192 
2565 #NS 8 div_rec_lemma
13193 #EA 13060 5
13194 #EA 7833 13193
13195 #EA 13194 7
13196 #EP #BD 79 12907 13195
13197 #EP #BI 298 13 13196
13198 #EP #BI 22 13 13197
2566 #NS 2456 _hyg
2567 #NI 2566 27
13199 #EC 2454 
13200 #EA 13199 7
13201 #EA 13200 5
13202 #EL #BD 2463 12911 13118
13203 #EA 13201 13202
13204 #EA 13203 2
13205 #EC 2555 
13206 #EA 13205 22
13207 #EA 13206 21
13208 #EC 2450 
13209 #EA 13208 1021
13210 #EA 13209 21
13211 #EA 13210 22
13212 #EA 13211 5
13213 #EA 13212 2
13214 #EA 13207 13213
13215 #EA 13214 5
13216 #EL #BD 2465 9619 13215
13217 #EL #BD 2464 12909 13216
13218 #EA 13204 13217
13219 #EL #BD 2567 12907 13218
13220 #EL #BI 298 13 13219
13221 #EL #BI 22 13 13220
#DEF 2565 13198 13221 
2568 #NS 8 le_of_lt_succ
13222 #EA 7841 1392
13223 #EP #BD 79 13222 7176
13224 #EP #BI 11 13 13223
13225 #EP #BI 161 13 13224
13226 #EA 7811 5
13227 #EA 13226 2
13228 #EL #BI 11 13 13227
13229 #EL #BI 161 13 13228
#DEF 2568 13225 13229 
2569 #NS 8 div_rec_fuel_lemma
2570 #NS 0 hy
13230 #EA 8859 7806
13231 #EA 13052 25
13232 #EA 13231 22
13233 #EA 7833 13232
13234 #EA 13233 21
13235 #EP #BD 2410 13230 13234
13236 #EP #BD 1343 9619 13235
13237 #EP #BD 2570 12909 13236
13238 #EP #BI 2402 13 13237
13239 #EP #BI 298 13 13238
13240 #EP #BI 22 13 13239
13241 #EA 13208 13232
13242 #EA 13241 25
13243 #EA 13242 21
13244 #EC 2565 
13245 #EA 13244 25
13246 #EA 13245 22
13247 #EA 12916 7
13248 #EA 13247 5
13249 #EA 13246 13248
13250 #EA 13243 13249
13251 #EC 2568 
13252 #EA 13251 25
13253 #EA 13252 21
13254 #EA 13253 2
13255 #EA 13250 13254
13256 #EL #BD 2410 13230 13255
13257 #EL #BD 1343 9619 13256
13258 #EL #BD 2570 12909 13257
13259 #EL #BI 2402 13 13258
13260 #EL #BI 298 13 13259
13261 #EL #BI 22 13 13260
#DEF 2569 13240 13261 
2571 #NS 8 modCore
2572 #NS 2571 go
2573 #NS 2572 _f
13262 #EP #BD 2410 7888 13
13263 #EP #BD 22 13 13262
13264 #EL #BD 2402 13 13263
13265 #EA 1452 13264
13266 #EA 13265 2
13267 #EA 7834 7
13268 #EP #BD 2410 13267 13
13269 #EP #BD 22 13 13268
13270 #EP #BD 96 13266 13269
13271 #EP #BD 2402 13 13270
13272 #EP #BD 2570 12905 13271
13273 #EP #BD 298 13 13272
13274 #EC 2401 3
13275 #EA 13274 5
2574 #NI 2405 4249794159
2575 #NS 2574 _hygCtx
2576 #NS 2575 _hyg
2577 #NI 2576 26
2578 #NI 139 4249794159
2579 #NS 2578 _hygCtx
2580 #NS 2579 _hyg
2581 #NI 2580 91
13276 #EA 13265 5
13277 #EP #BD 2581 13276 13
13278 #EL #BD 2410 9408 13277
13279 #EL #BD 2577 13 13278
13280 #EA 13275 13279
13281 #EA 13280 21
13282 #EA 13281 2
13283 #EA 8857 1392
13284 #EA 13265 1289
13285 #EA 3581 13
13286 #EA 2378 22
13287 #EA 13285 13286
13288 #EA 3611 283
13289 #EA 13288 22
13290 #EA 13287 13289
13291 #EA 13231 294
13292 #EA 5418 13291
13293 #EC 2569 
13294 #EA 13293 25
13295 #EA 13294 294
13296 #EA 13295 21
13297 #EA 13296 283
13298 #EA 13297 2
13299 #EA 13298 7
13300 #EA 13292 13299
13301 #EL #BD 119 13286 13300
13302 #EA 13290 13301
2582 #NI 2580 63
13303 #EA 124 13286
13304 #EL #BD 2582 13303 25
13305 #EA 13302 13304
13306 #EL #BD 2581 13284 13305
13307 #EL #BD 2410 13283 13306
13308 #EL #BD 2402 13 13307
13309 #EA 13282 13308
13310 #EA 13309 7
13311 #EL #BD 2410 13267 13310
13312 #EL #BD 22 13 13311
13313 #EL #BD 96 13266 13312
13314 #EL #BD 2402 13 13313
13315 #EL #BD 2570 12905 13314
13316 #EL #BD 298 13 13315
#DEF 2573 13273 13316 
13317 #EP #BD 2402 13 13263
13318 #EP #BD 2570 12905 13317
13319 #EP #BD 298 13 13318
13320 #EA 1489 13264
13321 #EA 13320 7
13322 #EC 2573 
13323 #EA 13322 22
13324 #EA 13323 21
13325 #EA 13321 13324
13326 #EA 13325 5
13327 #EA 13326 2
13328 #EL #BD 2410 7888 13327
13329 #EL #BD 22 13 13328
13330 #EL #BD 2402 13 13329
13331 #EL #BD 2570 12905 13330
13332 #EL #BD 298 13 13331
#DEF 2572 13319 13332 
13333 #EA 13285 12905
13334 #EC 2397 
13335 #EA 13334 1021
13336 #EA 13335 2
13337 #EA 13333 13336
13338 #EC 2572 
13339 #EA 13338 5
13340 #EA 13339 2
13341 #EA 13340 1944
13342 #EA 13341 7
13343 #EA 7925 7
13344 #EA 13342 13343
13345 #EL #BD 2570 12905 13344
13346 #EA 13337 13345
2583 #NI 2580 87
13347 #EA 124 12905
13348 #EL #BD 2583 13347 7
13349 #EA 13346 13348
13350 #EL #BD 298 13 13349
13351 #EL #BD 22 13 13350
#DEF 2571 3613 13351 
2584 #NI 2386 9
2585 #NI 2386 10
13352 #EC 2369 3
13353 #EL #BD 2378 13 6977
13354 #EA 13352 13353
13355 #EA 13354 5
13356 #EA 13355 2
13357 #EL #BD 2387 13 1021
13358 #EA 13356 13357
13359 #EA 7724 21
13360 #EA 9580 13359
13361 #EA 9589 21
13362 #EA 13360 13361
13363 #EC 2571 
13364 #EA 13363 21
13365 #EA 13364 2
13366 #EA 13362 13365
13367 #EA 13366 21
13368 #EL #BD 161 13 13367
13369 #EL #BD 2395 12649 13368
13370 #EL #BD 2391 13 13369
13371 #EL #BD 11 13 13370
13372 #EA 13358 13371
13373 #EL #BD 2585 13 13372
13374 #EL #BD 2584 13 13373
#DEF 2368 2895 13374 
2586 #NS 8 instMod
13375 #EC 2358 0
13376 #EA 13375 13
13377 #EC 2359 0
13378 #EA 13377 13
13379 #EC 2368 
13380 #EA 13378 13379
#DEF 2586 13376 13380 
2587 #NS 469 mod_lt
2588 #NS 2587 match_1_3
2589 #NI 139 4149619381
2590 #NS 2589 _hygCtx
2591 #NI 2590 17
2592 #NS 2591 Init
2593 #NS 2592 Prelude
2594 #NI 2593 4149619381
2595 #NS 2594 _hygCtx
2596 #NS 2595 _hyg
2597 #NI 2596 44
2598 #NI 2590 18
2599 #NS 2598 Init
2600 #NS 2599 Prelude
2601 #NI 2600 4149619381
2602 #NS 2601 _hygCtx
2603 #NS 2602 _hyg
2604 #NI 2603 47
2605 #NI 2590 19
2606 #NS 2605 Init
2607 #NS 2606 Prelude
2608 #NI 2607 4149619381
2609 #NS 2608 _hygCtx
2610 #NS 2609 _hyg
2611 #NI 2610 50
13381 #EP #BD 2611 12905 108
13382 #EP #BD 2604 13 13381
13383 #EP #BD 2597 13 13382
2612 #NI 337 4149619381
2613 #NS 2612 _hygCtx
2614 #NS 2613 _hyg
2615 #NI 2614 61
2616 #NS 2590 _hyg
2617 #NI 2616 62
13384 #EA 1935 1289
13385 #EA 13384 2
13386 #EP #BD 2617 12956 13385
13387 #EP #BD 2615 13 13386
13388 #EA 1945 5
13389 #EA 13388 2
13390 #EP #BD 1342 12905 13389
13391 #EP #BD 161 13 13390
13392 #EP #BD 11 13 13391
13393 #EP #BD 51 13392 1951
13394 #EP #BD 49 13387 13393
13395 #EP #BD 2611 12905 13394
13396 #EP #BD 2604 13 13395
13397 #EP #BD 2597 13 13396
13398 #EP #BD 13 13383 13397
13399 #EA 1430 21
13400 #EL #BD 22 13 13399
13401 #EA 1786 13400
13402 #EA 13401 22
13403 #EA 1737 5
13404 #EA 13403 2
13405 #EP #BD 2611 12905 13404
13406 #EL #BD 22 13 13405
13407 #EA 1786 13406
13408 #EA 13407 21
13409 #EA 10047 2
13410 #EA 1995 13409
13411 #EA 1288 1021
13412 #EA 6928 13411
13413 #EA 1281 13411
13414 #EA 13413 2
13415 #EA 2009 12986
13416 #EA 13415 21
13417 #EA 13413 7
13418 #EA 13416 13417
13419 #EA 13418 5
13420 #EP #BD 119 13419 110
13421 #EP #BD 119 10109 13420
13422 #EL #BD 22 13414 13421
13423 #EL #BD 79 13 13422
13424 #EA 13412 13423
13425 #EA 13424 1352
13426 #EA 13425 2
2618 #NI 450 4149619381
2619 #NS 2618 _hygCtx
2620 #NS 2619 _hyg
2621 #NI 2620 152
13427 #EA 9301 13411
13428 #EA 13415 5
13429 #EA 13413 13411
13430 #EA 13428 13429
13431 #EA 2096 13411
13432 #EA 13430 13431
13433 #EP #BD 119 13432 110
13434 #EA 1995 13433
13435 #EA 12750 13411
13436 #EA 13435 2
13437 #EA 13434 13436
13438 #EL #BD 2621 13427 13437
13439 #EA 13426 13438
2622 #NI 478 4149619381
2623 #NS 2622 _hygCtx
2624 #NS 2623 _hyg
2625 #NI 2624 150
2626 #NI 583 4149619381
2627 #NS 2626 _hygCtx
2628 #NS 2627 _hyg
2629 #NI 2628 151
2630 #NI 2620 153
13440 #EA 13413 1944
13441 #EA 13416 13440
13442 #EA 2102 13411
13443 #EA 13442 7
13444 #EA 13443 5
13445 #EA 13441 13444
13446 #EP #BD 119 13445 110
13447 #EA 1995 13446
13448 #EA 13447 12765
13449 #EL #BD 2630 10053 13448
13450 #EL #BD 2629 13414 13449
13451 #EL #BI 2625 13 13450
13452 #EA 13439 13451
13453 #EA 13452 12771
13454 #EA 2051 12986
13455 #EA 13454 2
13456 #EA 13453 13455
13457 #EA 13410 13456
13458 #EL #BD 2611 12986 13457
13459 #EA 13408 13458
2631 #NI 2614 149
13460 #EL #BD 2611 12956 3678
13461 #EL #BD 2631 13 13460
13462 #EA 13459 13461
13463 #EA 13462 7
13464 #EA 13402 13463
2632 #NI 2614 148
13465 #EA 1219 22
13466 #EA 13465 21
13467 #EL #BD 2632 13 13466
13468 #EA 13464 13467
13469 #EL #BD 51 13392 13468
13470 #EL #BD 49 13387 13469
13471 #EL #BD 2611 12905 13470
13472 #EL #BD 2604 13 13471
13473 #EL #BD 2597 13 13472
13474 #EL #BD 13 13383 13473
#DEF 2588 13398 13474 
2633 #NS 8 zero_lt_succ
13475 #EP #BD 11 13 12956
13476 #EA 3023 1021
13477 #EA 13476 2
13478 #EA 13477 8636
13479 #EL #BD 11 13 13478
#DEF 2633 13475 13479 
2634 #NS 2587 match_1_1
2635 #NI 2616 122
13480 #EA 2986 2
13481 #EA 13480 1289
13482 #EA 1170 13481
13483 #EP #BD 2635 13482 108
13484 #EA 3049 1944
13485 #EA 1170 13484
2636 #NI 2620 128
13486 #EA 2987 1984
13487 #EA 2998 2577
13488 #EA 1202 13487
13489 #EA 13488 2
13490 #EA 7 13489
13491 #EP #BD 2636 13486 13490
13492 #EA 124 13487
13493 #EA 3054 2010
13494 #EA 1197 13493
13495 #EA 13494 2
13496 #EA 21 13495
13497 #EP #BD 119 13492 13496
13498 #EP #BD 51 13497 32
13499 #EP #BD 49 13491 13498
13500 #EP #BD 2635 13485 13499
13501 #EP #BD 13 13483 13500
13502 #EP #BD 161 13 13501
13503 #EP #BD 11 13 13502
13504 #EA 5985 13493
13505 #EA 1170 13493
13506 #EL #BD 22 13505 203
13507 #EA 13504 13506
13508 #EA 13507 7
2637 #NI 2620 139
13509 #EA 124 13493
13510 #EL #BD 2637 13509 1219
13511 #EA 13508 13510
2638 #NI 2620 140
13512 #EL #BD 2638 13493 1216
13513 #EA 13511 13512
13514 #EL #BD 51 13497 13513
13515 #EL #BD 49 13491 13514
13516 #EL #BD 2635 13485 13515
13517 #EL #BD 13 13483 13516
13518 #EL #BD 161 13 13517
13519 #EL #BD 11 13 13518
#DEF 2634 13503 13519 
2639 #NS 469 modCore_lt
2640 #NS 2639 match_1_1
2641 #NI 139 2252518065
2642 #NS 2641 _hygCtx
2643 #NS 2642 _hyg
2644 #NI 2643 37
13520 #EA 12683 12399
13521 #EA 13520 2
13522 #EA 1170 13521
13523 #EP #BD 2644 13522 108
13524 #EA 13520 5
13525 #EA 1170 13524
2645 #NI 450 2252518065
2646 #NS 2645 _hygCtx
2647 #NS 2646 _hyg
2648 #NI 2647 43
13526 #EA 13520 7
13527 #EA 13520 21
13528 #EA 1202 13527
13529 #EA 13528 2
13530 #EA 7 13529
13531 #EP #BD 2648 13526 13530
13532 #EA 124 13527
13533 #EA 13520 22
13534 #EA 1197 13533
13535 #EA 13534 2
13536 #EA 21 13535
13537 #EP #BD 119 13532 13536
13538 #EP #BD 51 13537 32
13539 #EP #BD 49 13531 13538
13540 #EP #BD 2644 13525 13539
13541 #EP #BD 13 13523 13540
13542 #EP #BI 298 13 13541
13543 #EA 5985 13533
13544 #EA 1170 13533
13545 #EL #BD 22 13544 203
13546 #EA 13543 13545
13547 #EA 13546 7
2649 #NI 2647 60
13548 #EA 124 13533
13549 #EL #BD 2649 13548 1219
13550 #EA 13547 13549
2650 #NI 2647 61
13551 #EL #BD 2650 13533 1216
13552 #EA 13550 13551
13553 #EL #BD 51 13537 13552
13554 #EL #BD 49 13531 13553
13555 #EL #BD 2644 13525 13554
13556 #EL #BD 13 13523 13555
13557 #EL #BI 298 13 13556
#DEF 2640 13542 13557 
2651 #NS 8 not_lt_zero
13558 #EA 7834 1021
13559 #EA 124 13558
13560 #EP #BD 11 13 13559
13561 #EA 7796 2
13562 #EL #BD 11 13 13561
#DEF 2651 13560 13562 
2652 #NS 469 modCoreGo_lt
2653 #NS 2652 match_1_1
2654 #NI 139 2603501301
2655 #NS 2654 _hygCtx
2656 #NS 2655 _hyg
2657 #NI 2656 71
13563 #EP #BD 2657 3578 108
13564 #EA 1170 2988
2658 #NI 450 2603501301
2659 #NS 2658 _hygCtx
2660 #NS 2659 _hyg
2661 #NI 2660 77
13565 #EA 3054 21
13566 #EA 1202 13565
13567 #EA 13566 2
13568 #EA 7 13567
13569 #EP #BD 2661 3006 13568
13570 #EA 124 13565
13571 #EA 3065 22
13572 #EA 1197 13571
13573 #EA 13572 2
13574 #EA 21 13573
13575 #EP #BD 119 13570 13574
13576 #EP #BD 51 13575 32
13577 #EP #BD 49 13569 13576
13578 #EP #BD 2657 13564 13577
13579 #EP #BD 13 13563 13578
13580 #EP #BD 22 13 13579
13581 #EP #BI 298 13 13580
13582 #EA 5985 13571
13583 #EA 1170 13571
13584 #EL #BD 22 13583 203
13585 #EA 13582 13584
13586 #EA 13585 7
2662 #NI 2660 89
13587 #EA 124 13571
13588 #EL #BD 2662 13587 1219
13589 #EA 13586 13588
2663 #NI 2660 90
13590 #EL #BD 2663 13571 1216
13591 #EA 13589 13590
13592 #EL #BD 51 13575 13591
13593 #EL #BD 49 13569 13592
13594 #EL #BD 2657 13564 13593
13595 #EL #BD 13 13563 13594
13596 #EL #BD 22 13 13595
13597 #EL #BI 298 13 13596
#DEF 2653 13581 13597 
2664 #NS 1523 resolve_right
2665 #NS 0 nb
13598 #EP #BD 2665 6000 21
13599 #EP #BD 119 8253 13598
13600 #EP #BI 83 108 13599
13601 #EP #BI 52 108 13600
13602 #EA 9019 21
13603 #EA 13602 7
13604 #EA 13603 21
13605 #EA 13604 5
13606 #EA 4063 21
13607 #EA 13605 13606
2666 #NI 139 647470110
2667 #NS 2666 _hygCtx
2668 #NS 2667 _hyg
2669 #NI 2668 17
13608 #EA 3562 21
13609 #EA 13608 22
13610 #EA 13609 2
13611 #EA 13610 5
13612 #EL #BD 2669 7 13611
13613 #EA 13607 13612
13614 #EL #BD 2665 6000 13613
13615 #EL #BD 119 8253 13614
13616 #EL #BI 83 108 13615
13617 #EL #BI 52 108 13616
#DEF 2664 13601 13617 
2670 #NS 8 lt_of_not_le
13618 #EP #BD 119 9693 9109
13619 #EP #BI 83 13 13618
13620 #EP #BI 52 13 13619
13621 #EC 2664 
13622 #EA 13621 9109
13623 #EA 9044 7
13624 #EA 13622 13623
13625 #EA 9553 7
13626 #EA 13624 13625
13627 #EA 13626 2
13628 #EL #BD 119 9693 13627
13629 #EL #BI 83 13 13628
13630 #EL #BI 52 13 13629
#DEF 2670 13620 13630 
2671 #NS 8 modCoreGo_lt
13631 #EA 7834 21
13632 #EA 13338 21
13633 #EA 13632 7
13634 #EA 13633 22
13635 #EA 13634 5
13636 #EA 13635 2
13637 #EA 7833 13636
13638 #EA 13637 21
13639 #EP #BD 2410 13631 13638
13640 #EP #BD 22 13 13639
13641 #EP #BD 2570 12905 13640
13642 #EP #BI 298 13 13641
13643 #EP #BI 2402 13 13642
2672 #NI 2656 24
13644 #EA 13338 22
13645 #EA 13644 21
13646 #EA 13645 7
13647 #EA 13646 5
13648 #EA 13647 2
13649 #EA 7833 13648
13650 #EA 13649 22
13651 #EP #BD 2410 7888 13650
13652 #EP #BD 22 13 13651
13653 #EL #BD 2672 13 13652
13654 #EA 13059 13653
2673 #NI 2656 29
13655 #EA 7834 1352
13656 #EA 7841 1352
13657 #EA 3562 13656
13658 #EA 13633 1352
13659 #EA 13658 5
13660 #EA 13659 2
13661 #EA 7833 13660
13662 #EA 13661 21
13663 #EA 13657 13662
13664 #EA 13663 2
13665 #EC 2651 
13666 #EA 13665 5
13667 #EA 13664 13666
13668 #EL #BD 119 13655 13667
13669 #EL #BD 2673 13 13668
13670 #EA 13654 13669
2674 #NI 2656 42
2675 #NI 2656 46
13671 #EA 7834 1944
13672 #EA 13285 7650
13673 #EA 3611 25
13674 #EA 13673 5
13675 #EA 13672 13674
13676 #EA 13338 68
13677 #EA 13676 25
13678 #EA 13677 22
13679 #EA 13060 68
13680 #EA 13678 13679
13681 #EA 13293 7
13682 #EA 13681 68
13683 #EA 13682 22
13684 #EA 13683 25
13685 #EA 13684 2
13686 #EA 13685 5
13687 #EA 13680 13686
13688 #EL #BD 119 7650 13687
13689 #EA 13675 13688
13690 #EA 124 7650
13691 #EL #BD 2582 13690 7
13692 #EA 13689 13691
13693 #EA 7833 13692
13694 #EA 13693 25
13695 #EC 2653 
13696 #EA 13695 25
13697 #EA 13696 5
13698 #EA 3065 5
13699 #EA 1170 13698
13700 #EA 2927 7
13701 #EA 13285 13700
13702 #EA 13701 2
13703 #EA 13338 70
13704 #EA 13703 68
13705 #EA 13704 25
13706 #EA 13069 70
13707 #EA 13705 13706
13708 #EA 13293 21
13709 #EA 13708 70
13710 #EA 13709 25
13711 #EA 13710 68
13712 #EA 13711 2
13713 #EA 13712 7
13714 #EA 13707 13713
13715 #EL #BD 119 13700 13714
13716 #EA 13702 13715
13717 #EA 124 13700
13718 #EL #BD 2582 13717 21
13719 #EA 13716 13718
13720 #EA 7833 13719
13721 #EA 13720 68
13722 #EL #BD 2657 13699 13721
13723 #EA 13697 13722
13724 #EA 13723 13674
13725 #EA 21 13679
13726 #EA 13725 13686
13727 #EL #BD 2661 13698 13726
13728 #EA 13724 13727
13729 #EA 124 13698
13730 #EC 2670 
13731 #EA 13730 68
13732 #EA 3510 7
13733 #EA 1197 13732
13734 #EA 13733 2
13735 #EA 13701 13734
13736 #EA 13735 13715
13737 #EA 13736 13718
13738 #EA 13731 13737
13739 #EA 13738 2
13740 #EL #BD 119 13729 13739
13741 #EA 13728 13740
13742 #EZ 176 13694 13741 2
13743 #EL #BD 2675 13671 13742
13744 #EL #BD 22 13 13743
13745 #EL #BD 514 13652 13744
13746 #EL #BD 2674 13 13745
13747 #EA 13670 13746
13748 #EA 13747 7
13749 #EL #BD 2570 12905 13748
13750 #EL #BI 298 13 13749
13751 #EL #BI 2402 13 13750
#DEF 2671 13643 13751 
2676 #NS 8 modCore_lt
13752 #EA 13363 7
13753 #EA 13752 5
13754 #EA 7833 13753
13755 #EA 13754 5
13756 #EP #BD 2570 12905 13755
13757 #EP #BI 298 13 13756
13758 #EP #BI 22 13 13757
13759 #EA 13285 12909
13760 #EA 13335 5
13761 #EA 13759 13760
13762 #EA 13338 7
13763 #EA 13762 2
13764 #EA 13763 1984
13765 #EA 13764 21
13766 #EA 7925 21
13767 #EA 13765 13766
13768 #EL #BD 2570 12909 13767
13769 #EA 13761 13768
13770 #EA 124 12909
13771 #EL #BD 2583 13770 21
13772 #EA 13769 13771
13773 #EA 7833 13772
13774 #EA 13773 5
13775 #EC 2640 
13776 #EA 13775 5
13777 #EA 13285 12912
13778 #EA 13777 2
13779 #EA 13632 2
13780 #EA 13779 2577
13781 #EA 13780 22
13782 #EA 7925 22
13783 #EA 13781 13782
13784 #EL #BD 2570 12912 13783
13785 #EA 13778 13784
13786 #EA 124 12912
13787 #EL #BD 2583 13786 22
13788 #EA 13785 13787
13789 #EA 7833 13788
13790 #EA 13789 7
13791 #EL #BD 2644 13525 13790
13792 #EA 13776 13791
13793 #EA 13334 12399
13794 #EA 13793 5
13795 #EA 13792 13794
13796 #EC 2671 
13797 #EA 13796 1984
13798 #EA 13797 7
13799 #EA 13798 5
13800 #EA 13799 21
13801 #EA 13800 13766
13802 #EL #BD 2648 13524 13801
13803 #EA 13795 13802
13804 #EA 124 13524
13805 #EA 3562 12912
13806 #EA 1197 13526
13807 #EA 13806 2
13808 #EA 13777 13807
13809 #EA 13808 13784
13810 #EA 13809 13787
13811 #EA 7833 13810
13812 #EA 13811 7
13813 #EA 13805 13812
13814 #EA 13813 5
13815 #EA 13814 2
13816 #EL #BD 119 13804 13815
13817 #EA 13803 13816
13818 #EZ 176 13774 13817 2
13819 #EL #BD 2570 12905 13818
13820 #EL #BI 298 13 13819
13821 #EL #BI 22 13 13820
#DEF 2676 13758 13821 
2677 #NS 8 mod_lt
13822 #EC 2357 0 0 0
13823 #EA 13822 13
13824 #EA 13823 13
13825 #EA 13824 13
13826 #EC 2362 0
13827 #EA 13826 13
13828 #EC 2586 
13829 #EA 13827 13828
13830 #EA 13825 13829
13831 #EA 13830 7
13832 #EA 13831 5
13833 #EA 7833 13832
13834 #EA 13833 5
13835 #EP #BD 2570 12905 13834
13836 #EP #BI 298 13 13835
13837 #EP #BD 22 13 13836
2678 #NI 2616 17
2679 #NI 2616 18
2680 #NI 2616 19
13838 #EC 2588 
13839 #EL #BD 2611 12905 13834
13840 #EL #BD 2604 13 13839
13841 #EL #BD 2597 13 13840
13842 #EA 13838 13841
13843 #EA 13842 7
13844 #EA 13843 5
13845 #EA 13844 2
13846 #EC 2633 
13847 #EA 13846 5
13848 #EL #BD 2617 12956 13847
13849 #EL #BD 2615 13 13848
13850 #EA 13845 13849
13851 #EA 2303 1944
13852 #EA 9580 13851
13853 #EA 9582 1944
13854 #EA 13852 13853
13855 #EA 13363 1944
13856 #EA 13855 5
13857 #EA 13854 13856
13858 #EA 13857 1944
13859 #EA 7833 13858
13860 #EA 13859 5
13861 #EC 2634 
13862 #EA 13861 7
13863 #EA 13862 5
13864 #EA 2307 1984
13865 #EA 9580 13864
13866 #EA 13865 2
13867 #EA 13363 1984
13868 #EA 13867 7
13869 #EA 13866 13868
13870 #EA 13869 1984
13871 #EA 7833 13870
13872 #EA 13871 7
13873 #EL #BD 2635 13485 13872
13874 #EA 13863 13873
13875 #EA 13874 13853
13876 #EC 2676 
13877 #EA 13876 1984
13878 #EA 13877 7
13879 #EA 13878 5
13880 #EL #BD 2636 13484 13879
13881 #EA 13875 13880
13882 #EA 124 13484
13883 #EA 13730 7
13884 #EA 1197 13486
13885 #EA 13884 2
13886 #EA 13865 13885
13887 #EA 13886 13868
13888 #EA 13887 1984
13889 #EA 13883 13888
13890 #EA 13889 2
13891 #EL #BD 119 13882 13890
13892 #EA 13881 13891
13893 #EZ 176 13860 13892 2
13894 #EL #BD 1342 12905 13893
13895 #EL #BD 161 13 13894
13896 #EL #BD 11 13 13895
13897 #EA 13850 13896
13898 #EL #BD 2680 12905 13897
13899 #EL #BD 2679 13 13898
13900 #EL #BD 2678 13 13899
#DEF 2677 13837 13900 
2681 #NS 2148 Internal
2682 #NS 2681 ofNat
2683 #NS 0 hn
13901 #EP #BD 52 13 11892
13902 #EP #BD 2683 12905 13901
13903 #EP #BD 11 13 13902
13904 #EC 2149 
13905 #EA 13904 7
13906 #EA 13830 2
13907 #EA 13906 7
13908 #EA 13905 13907
13909 #EC 2677 
13910 #EA 13909 2
13911 #EA 13910 7
13912 #EA 13911 5
13913 #EA 13908 13912
13914 #EL #BD 52 13 13913
13915 #EL #BD 2683 12905 13914
13916 #EL #BD 11 13 13915
#DEF 2682 13903 13916 
2684 #NS 469 pow_pos
2685 #NS 2684 match_1_1
2686 #NI 139 1142075583
2687 #NS 2686 _hygCtx
2688 #NI 2687 16
2689 #NS 2688 Init
2690 #NS 2689 Prelude
2691 #NI 2690 1142075583
2692 #NS 2691 _hygCtx
2693 #NS 2692 _hyg
2694 #NI 2693 35
13917 #EP #BD 2694 13 12944
2695 #NI 2687 17
2696 #NS 2695 Init
2697 #NS 2696 Prelude
2698 #NI 2697 1142075583
2699 #NS 2698 _hygCtx
2700 #NS 2699 _hyg
2701 #NI 2700 38
2702 #NS 2687 _hyg
2703 #NI 2702 45
13918 #EP #BD 2703 12928 1413
2704 #NI 337 1142075583
2705 #NS 2704 _hygCtx
2706 #NS 2705 _hyg
2707 #NI 2706 57
13919 #EA 12904 25
13920 #EA 6830 2
13921 #EP #BD 119 13919 13920
13922 #EP #BD 2707 13 13921
13923 #EP #BD 51 13922 80
13924 #EP #BD 49 13918 13923
13925 #EP #BD 2701 12912 13924
13926 #EP #BD 2694 13 13925
13927 #EP #BD 13 13917 13926
13928 #EP #BI 52 13 13927
13929 #EA 1786 12666
13930 #EA 13929 21
13931 #EA 13930 93
2708 #NI 2706 70
13932 #EL #BD 2708 13 10394
13933 #EA 13931 13932
13934 #EL #BD 51 13922 13933
13935 #EL #BD 49 13918 13934
13936 #EL #BD 2701 12912 13935
13937 #EL #BD 2694 13 13936
13938 #EL #BD 13 13917 13937
13939 #EL #BI 52 13 13938
#DEF 2685 13928 13939 
2709 #NS 0 HMul
2710 #NS 2709 mk
2711 #NS 0 hMul
13940 #EC 2709 1 7 24
13941 #EA 13940 21
13942 #EA 13941 7
13943 #EA 13942 5
13944 #EP #BD 2711 2786 13943
13945 #EP #BI 608 2785 13944
13946 #EP #BI 88 1062 13945
13947 #EP #BI 3 0 13946
#IND 3 2709 2798 1 2710 13947 4 89 609
2712 #NS 2709 hMul
13948 #EA 13940 7
13949 #EA 13948 5
13950 #EA 13949 2
13951 #EP #BC 218 13950 2802
13952 #EP #BI 608 2785 13951
13953 #EP #BI 88 1062 13952
13954 #EP #BI 3 0 13953
13955 #EJ 2709 0 2
13956 #EL #BC 218 13950 13955
13957 #EL #BI 608 2785 13956
13958 #EL #BD 88 1062 13957
13959 #EL #BD 3 0 13958
#DEF 2712 13954 13959 4 89 609
2713 #NS 0 Mul
2714 #NS 2713 mk
2715 #NS 0 mul
13960 #EC 2713 1
13961 #EA 13960 5
13962 #EP #BD 2715 1152 13961
13963 #EP #BI 3 0 13962
#IND 1 2713 12 1 2714 13963 4
2716 #NS 2713 mul
13964 #EA 13960 2
13965 #EP #BC 218 13964 1159
13966 #EP #BI 3 0 13965
13967 #EJ 2713 0 2
13968 #EL #BC 218 13964 13967
13969 #EL #BD 3 0 13968
#DEF 2716 13966 13969 4
2717 #NS 0 instHMul
2718 #NI 292 3013044039
2719 #NS 2718 _hygCtx
2720 #NS 2719 _hyg
2721 #NI 2720 5
13970 #EC 2713 4
13971 #EA 13970 2
13972 #EC 2709 4 4 4
13973 #EA 13972 5
13974 #EA 13973 5
13975 #EA 13974 5
13976 #EP #BC 2721 13971 13975
13977 #EP #BI 3 55 13976
13978 #EC 2710 4 4 4
13979 #EA 13978 5
13980 #EA 13979 5
13981 #EA 13980 5
13982 #EC 2716 4
13983 #EA 13982 21
13984 #EA 13983 7
13985 #EA 13984 5
13986 #EA 13985 2
13987 #EL #BD 83 7 13986
13988 #EL #BD 52 5 13987
13989 #EA 13981 13988
13990 #EL #BC 2721 13971 13989
13991 #EL #BI 3 55 13990
#DEF 2717 13977 13991 15
2722 #NS 0 instMulNat
13992 #EC 2713 0
13993 #EA 13992 13
13994 #EC 2714 0
13995 #EA 13994 13
13996 #EA 13995 12044
#DEF 2722 13993 13996 
2723 #NS 469 mul_pos
2724 #NS 2723 match_1_1
2725 #NI 139 2407755657
2726 #NS 2725 _hygCtx
2727 #NI 2726 20
2728 #NS 2727 Init
2729 #NS 2728 Prelude
2730 #NI 2729 2407755657
2731 #NS 2730 _hygCtx
2732 #NS 2731 _hyg
2733 #NI 2732 55
2734 #NI 2726 21
2735 #NS 2734 Init
2736 #NS 2735 Prelude
2737 #NI 2736 2407755657
2738 #NS 2737 _hygCtx
2739 #NS 2738 _hyg
2740 #NI 2739 58
2741 #NI 2726 22
2742 #NS 2741 Init
2743 #NS 2742 Prelude
2744 #NI 2743 2407755657
2745 #NS 2744 _hygCtx
2746 #NS 2745 _hyg
2747 #NI 2746 61
2748 #NI 2726 23
2749 #NS 2748 Init
2750 #NS 2749 Prelude
2751 #NI 2750 2407755657
2752 #NS 2751 _hygCtx
2753 #NS 2752 _hyg
2754 #NI 2753 64
2755 #NS 2726 _hyg
2756 #NI 2755 77
2757 #NI 2755 76
13997 #EA 7197 1352
13998 #EA 13997 5
13999 #EA 13998 2
14000 #EP #BD 1617 12986 13999
14001 #EP #BD 2757 12905 14000
14002 #EP #BD 2756 13 14001
2758 #NI 2755 103
2759 #NI 337 2407755657
2760 #NS 2759 _hygCtx
2761 #NS 2760 _hyg
2762 #NI 2761 101
2763 #NI 2755 102
14003 #EA 2258 1944
14004 #EA 14003 5
14005 #EA 14004 2
14006 #EP #BD 2763 12963 14005
14007 #EP #BD 1299 12909 14006
14008 #EP #BD 2762 13 14007
14009 #EP #BD 2758 13 14008
14010 #EP #BD 51 14009 7260
14011 #EP #BD 49 14002 14010
14012 #EP #BD 2754 12909 14011
14013 #EP #BD 2747 12909 14012
14014 #EP #BD 2740 13 14013
14015 #EP #BD 2733 13 14014
14016 #EP #BD 13 12947 14015
14017 #EA 10078 5
14018 #EA 14017 25
14019 #EA 14018 2
14020 #EP #BD 2754 12905 14019
14021 #EL #BD 22 13 14020
14022 #EA 1786 14021
14023 #EA 14022 22
14024 #EA 7 68
14025 #EA 14024 22
14026 #EA 14025 2
14027 #EL #BD 2754 12986 14026
14028 #EA 14023 14027
2764 #NI 2761 119
14029 #EA 7 70
14030 #EA 14029 5
14031 #EA 14030 25
14032 #EA 14031 2
14033 #EL #BD 2754 12956 14032
14034 #EL #BD 2764 13 14033
14035 #EA 14028 14034
14036 #EA 14035 7
14037 #EL #BD 51 14009 14036
14038 #EL #BD 49 14002 14037
14039 #EL #BD 2754 12909 14038
14040 #EL #BD 2747 12909 14039
14041 #EL #BD 2740 13 14040
14042 #EL #BD 2733 13 14041
14043 #EL #BD 13 12947 14042
#DEF 2724 14016 14043 
2765 #NS 469 add_pos_right
2766 #NS 2765 match_1_1
2767 #NI 139 1288608612
2768 #NS 2767 _hygCtx
2769 #NI 2768 17
2770 #NS 2769 Init
2771 #NS 2770 Prelude
2772 #NI 2771 1288608612
2773 #NS 2772 _hygCtx
2774 #NS 2773 _hyg
2775 #NI 2774 44
14044 #EP #BD 2775 13 13917
2776 #NI 2768 18
2777 #NS 2776 Init
2778 #NS 2777 Prelude
2779 #NI 2778 1288608612
2780 #NS 2779 _hygCtx
2781 #NS 2780 _hyg
2782 #NI 2781 47
2783 #NI 2768 19
2784 #NS 2783 Init
2785 #NS 2784 Prelude
2786 #NI 2785 1288608612
2787 #NS 2786 _hygCtx
2788 #NS 2787 _hyg
2789 #NI 2788 50
2790 #NS 2768 _hyg
2791 #NI 2790 59
14045 #EA 25 1352
14046 #EA 14045 5
14047 #EA 14046 2
14048 #EP #BD 119 12986 14047
14049 #EP #BD 2791 13 14048
2792 #NI 337 1288608612
2793 #NS 2792 _hygCtx
2794 #NS 2793 _hyg
2795 #NI 2794 80
2796 #NI 2790 82
2797 #NI 2790 81
14050 #EP #BD 2797 12963 13389
14051 #EP #BD 2796 13 14050
14052 #EP #BD 2795 13 14051
14053 #EP #BD 51 14052 1951
14054 #EP #BD 49 14049 14053
14055 #EP #BD 2789 12909 14054
14056 #EP #BD 2782 13 14055
14057 #EP #BD 2775 13 14056
14058 #EP #BD 13 14044 14057
14059 #EP #BD 2789 12905 1963
14060 #EL #BD 22 13 14059
14061 #EA 1786 14060
14062 #EA 14061 22
14063 #EL #BD 2789 12986 1973
14064 #EA 14062 14063
2798 #NI 2794 94
14065 #EA 96 25
14066 #EA 14065 2
14067 #EL #BD 2789 12956 14066
14068 #EL #BD 2798 13 14067
14069 #EA 14064 14068
14070 #EA 14069 7
14071 #EL #BD 51 14052 14070
14072 #EL #BD 49 14049 14071
14073 #EL #BD 2789 12909 14072
14074 #EL #BD 2782 13 14073
14075 #EL #BD 2775 13 14074
14076 #EL #BD 13 14044 14075
#DEF 2766 14058 14076 
2799 #NS 8 add_pos_right
14077 #EA 11376 7
14078 #EA 12904 14077
14079 #EP #BD 1617 12909 14078
14080 #EP #BD 52 13 14079
14081 #EP #BI 83 13 14080
2800 #NI 2790 17
2801 #NI 2790 18
2802 #NI 2790 19
14082 #EC 2766 
14083 #EL #BD 2789 12909 14078
14084 #EL #BD 2782 13 14083
14085 #EL #BD 2775 13 14084
14086 #EA 14082 14085
14087 #EA 14086 7
14088 #EA 14087 5
14089 #EA 14088 2
14090 #EA 11376 1352
14091 #EA 12904 14090
14092 #EA 1995 14091
14093 #EA 7797 2
14094 #EA 14092 14093
14095 #EL #BD 119 12986 14094
14096 #EL #BD 2791 13 14095
14097 #EA 14089 14096
14098 #EA 2907 5
14099 #EA 14098 7
14100 #EA 13846 14099
14101 #EL #BD 2797 12963 14100
14102 #EL #BD 2796 13 14101
14103 #EL #BD 2795 13 14102
14104 #EA 14097 14103
14105 #EL #BD 2802 12909 14104
14106 #EL #BD 2801 13 14105
14107 #EL #BD 2800 13 14106
#DEF 2799 14081 14107 
2803 #NS 8 mul_pos
14108 #EC 2712 0 0 0
14109 #EA 14108 13
14110 #EA 14109 13
14111 #EA 14110 13
14112 #EC 2717 0
14113 #EA 14112 13
14114 #EC 2722 
14115 #EA 14113 14114
14116 #EA 14111 14115
14117 #EA 14116 21
14118 #EA 14117 7
14119 #EA 12904 14118
14120 #EP #BD 1342 12909 14119
14121 #EP #BD 2683 12909 14120
14122 #EP #BI 161 13 14121
14123 #EP #BI 11 13 14122
2804 #NI 2755 20
2805 #NI 2755 21
2806 #NI 2755 22
2807 #NI 2755 23
14124 #EC 2724 
14125 #EL #BD 2754 12909 14119
14126 #EL #BD 2747 12909 14125
14127 #EL #BD 2740 13 14126
14128 #EL #BD 2733 13 14127
14129 #EA 14124 14128
14130 #EA 14129 21
14131 #EA 14130 7
14132 #EA 14131 5
14133 #EA 14132 2
14134 #EA 14116 7
14135 #EA 14134 1352
14136 #EA 12904 14135
14137 #EA 1995 14136
14138 #EA 14137 14093
14139 #EL #BD 1617 12986 14138
14140 #EL #BD 2757 12905 14139
14141 #EL #BD 2756 13 14140
14142 #EA 14133 14141
14143 #EC 2799 
14144 #EA 14143 21
14145 #EA 12044 21
14146 #EA 14145 7
14147 #EA 14144 14146
14148 #EA 14147 5
14149 #EL #BD 2763 12963 14148
14150 #EL #BD 1299 12909 14149
14151 #EL #BD 2762 13 14150
14152 #EL #BD 2758 13 14151
14153 #EA 14142 14152
14154 #EL #BD 2807 12909 14153
14155 #EL #BD 2806 12909 14154
14156 #EL #BD 2805 13 14155
14157 #EL #BD 2804 13 14156
#DEF 2803 14123 14157 
2808 #NS 8 pow_pos
2809 #NS 2808 _f
2810 #NI 2702 16
2811 #NI 2702 17
14158 #EA 12079 21
14159 #EA 14158 5
14160 #EA 12904 14159
14161 #EP #BD 2811 12912 14160
14162 #EL #BD 2810 13 14161
14163 #EA 1797 14162
14164 #EA 14163 2
14165 #EA 14158 7
14166 #EA 12904 14165
14167 #EP #BD 2811 12912 14166
14168 #EP #BD 96 14164 14167
14169 #EP #BD 2810 13 14168
14170 #EP #BI 52 13 14169
14171 #EC 2685 
14172 #EA 14171 21
2812 #NI 2702 71
14173 #EA 12904 68
14174 #EA 12079 70
14175 #EA 14174 5
14176 #EA 12904 14175
14177 #EP #BD 2811 14173 14176
14178 #EL #BD 2810 13 14177
14179 #EA 1797 14178
14180 #EA 14179 5
14181 #EA 12079 68
14182 #EA 14181 7
14183 #EA 12904 14182
14184 #EP #BD 2812 14180 14183
14185 #EL #BD 2701 12913 14184
14186 #EL #BD 2694 13 14185
14187 #EA 14172 14186
14188 #EA 14187 7
14189 #EA 14188 2
14190 #EA 14181 5
14191 #EA 12904 14190
14192 #EP #BD 2811 13919 14191
14193 #EL #BD 2810 13 14192
14194 #EA 1797 14193
14195 #EA 14194 1352
14196 #EA 13846 1021
14197 #EL #BD 2812 14195 14196
14198 #EL #BD 2703 12928 14197
14199 #EA 14189 14198
14200 #EA 14179 1289
14201 #EC 2803 
14202 #EA 12065 68
14203 #EA 14202 7
14204 #EA 14201 14203
14205 #EA 14204 68
14206 #EA 14205 1478
14207 #EA 14206 5
14208 #EL #BD 2812 14200 14207
14209 #EL #BD 119 12913 14208
14210 #EL #BD 2707 13 14209
14211 #EA 14199 14210
14212 #EA 14211 5
14213 #EL #BD 2811 12912 14212
14214 #EL #BD 96 14164 14213
14215 #EL #BD 2810 13 14214
14216 #EL #BI 52 13 14215
#DEF 2809 14170 14216 
14217 #EA 12079 7
14218 #EA 14217 5
14219 #EA 12904 14218
14220 #EP #BD 119 12909 14219
14221 #EP #BI 11 13 14220
14222 #EP #BI 52 13 14221
14223 #EA 12079 22
14224 #EA 14223 5
14225 #EA 12904 14224
14226 #EP #BD 2811 12928 14225
14227 #EL #BD 2810 13 14226
14228 #EA 1832 14227
14229 #EA 14228 5
14230 #EC 2809 
14231 #EA 14230 7
14232 #EA 14229 14231
14233 #EA 14232 2
14234 #EL #BD 2811 12909 14233
14235 #EL #BD 2810 13 14234
14236 #EL #BI 52 13 14235
#DEF 2808 14222 14236 
2813 #NS 2201 ofNat
2814 #NS 2813 _proof_1
14237 #EA 12904 12085
14238 #EP #BD 11 13 14237
14239 #EC 2808 
14240 #EA 14239 12083
14241 #EA 14240 2
14242 #EA 13846 2968
14243 #EA 14241 14242
14244 #EL #BD 11 13 14243
#DEF 2814 14238 14244 
14245 #EP #BD 1994 13 12088
14246 #EP #BD 11 13 14245
14247 #EC 2202 
14248 #EA 14247 5
14249 #EC 2682 
14250 #EA 14249 12137
14251 #EC 2814 
14252 #EA 14251 5
14253 #EA 14250 14252
14254 #EA 14253 2
14255 #EA 14248 14254
14256 #EL #BD 1994 13 14255
14257 #EL #BD 11 13 14256
#DEF 2813 14246 14257 
2815 #NS 2204 ofNat
14258 #EP #BD 11 13 12096
14259 #EC 2205 
14260 #EC 2813 
14261 #EA 14260 12094
14262 #EA 14261 2
14263 #EA 14259 14262
14264 #EL #BD 11 13 14263
#DEF 2815 14258 14264 
2816 #NS 0 HDiv
2817 #NS 2816 mk
2818 #NS 0 hDiv
14265 #EC 2816 1 7 24
14266 #EA 14265 21
14267 #EA 14266 7
14268 #EA 14267 5
14269 #EP #BD 2818 2786 14268
14270 #EP #BI 608 2785 14269
14271 #EP #BI 88 1062 14270
14272 #EP #BI 3 0 14271
#IND 3 2816 2798 1 2817 14272 4 89 609
2819 #NS 2816 hDiv
14273 #EA 14265 7
14274 #EA 14273 5
14275 #EA 14274 2
14276 #EP #BC 218 14275 2802
14277 #EP #BI 608 2785 14276
14278 #EP #BI 88 1062 14277
14279 #EP #BI 3 0 14278
14280 #EJ 2816 0 2
14281 #EL #BC 218 14275 14280
14282 #EL #BI 608 2785 14281
14283 #EL #BD 88 1062 14282
14284 #EL #BD 3 0 14283
#DEF 2819 14279 14284 4 89 609
2820 #NS 0 Div
2821 #NS 2820 mk
2822 #NS 0 div
14285 #EC 2820 1
14286 #EA 14285 5
14287 #EP #BD 2822 1152 14286
14288 #EP #BI 3 0 14287
#IND 1 2820 12 1 2821 14288 4
2823 #NS 2820 div
14289 #EA 14285 2
14290 #EP #BC 218 14289 1159
14291 #EP #BI 3 0 14290
14292 #EJ 2820 0 2
14293 #EL #BC 218 14289 14292
14294 #EL #BD 3 0 14293
#DEF 2823 14291 14294 4
2824 #NS 0 instHDiv
2825 #NI 292 852891874
2826 #NS 2825 _hygCtx
2827 #NS 2826 _hyg
2828 #NI 2827 5
14295 #EC 2820 4
14296 #EA 14295 2
14297 #EC 2816 4 4 4
14298 #EA 14297 5
14299 #EA 14298 5
14300 #EA 14299 5
14301 #EP #BC 2828 14296 14300
14302 #EP #BI 3 55 14301
14303 #EC 2817 4 4 4
14304 #EA 14303 5
14305 #EA 14304 5
14306 #EA 14305 5
14307 #EC 2823 4
14308 #EA 14307 21
14309 #EA 14308 7
14310 #EA 14309 5
14311 #EA 14310 2
14312 #EL #BD 83 7 14311
14313 #EL #BD 52 5 14312
14314 #EA 14306 14313
14315 #EL #BC 2828 14296 14314
14316 #EL #BI 3 55 14315
#DEF 2824 14302 14316 15
2829 #NS 2400 _f
2830 #NI 139 2515639154
2831 #NS 2830 _hygCtx
2832 #NS 2831 _hyg
2833 #NI 2832 97
14317 #EA 2964 13300
14318 #EA 14317 2968
14319 #EL #BD 119 13286 14318
14320 #EA 13290 14319
2834 #NI 2832 69
14321 #EL #BD 2834 13303 1021
14322 #EA 14320 14321
14323 #EL #BD 2833 13284 14322
14324 #EL #BD 2410 13283 14323
14325 #EL #BD 2402 13 14324
14326 #EA 13282 14325
14327 #EA 14326 7
14328 #EL #BD 2410 13267 14327
14329 #EL #BD 22 13 14328
14330 #EL #BD 96 13266 14329
14331 #EL #BD 2402 13 14330
14332 #EL #BD 2570 12905 14331
14333 #EL #BD 298 13 14332
#DEF 2829 13273 14333 
14334 #EC 2829 
14335 #EA 14334 22
14336 #EA 14335 21
14337 #EA 13321 14336
14338 #EA 14337 5
14339 #EA 14338 2
14340 #EL #BD 2410 7888 14339
14341 #EL #BD 22 13 14340
14342 #EL #BD 2402 13 14341
14343 #EL #BD 2570 12905 14342
14344 #EL #BD 298 13 14343
#DEF 2400 13319 14344 
14345 #EC 2400 
14346 #EA 14345 5
14347 #EA 14346 2
14348 #EA 14347 1944
14349 #EA 14348 7
14350 #EA 14349 13343
14351 #EL #BD 2570 12905 14350
14352 #EA 13337 14351
2835 #NI 2832 93
14353 #EL #BD 2835 13347 1021
14354 #EA 14352 14353
14355 #EL #BD 298 13 14354
14356 #EL #BD 22 13 14355
#DEF 2399 2895 14356 
2836 #NS 8 instDiv
14357 #EC 2820 0
14358 #EA 14357 13
14359 #EC 2821 0
14360 #EA 14359 13
14361 #EC 2399 
14362 #EA 14360 14361
#DEF 2836 14358 14362 
2837 #NS 0 String
2838 #NS 2837 utf8EncodeChar
14363 #EP #BD 280 12172 12175
14364 #EC 2353 
14365 #EA 14364 2
14366 #EA 12166 14365
14367 #EA 8061 12175
14368 #ELN 127
14369 #EA 1016 14368
14370 #EA 1019 14368
14371 #EA 14369 14370
14372 #EA 7724 14371
14373 #EA 14367 14372
14374 #EA 9589 14371
14375 #EA 14373 14374
14376 #EC 2815 
14377 #EA 14376 2
14378 #EA 12182 14377
14379 #EA 14378 12178
14380 #EA 14375 14379
14381 #ELN 2047
14382 #EA 1016 14381
14383 #EA 1019 14381
14384 #EA 14382 14383
14385 #EA 7724 14384
14386 #EA 14367 14385
14387 #EA 9589 14384
14388 #EA 14386 14387
14389 #EA 2958 13
14390 #EA 14389 2963
14391 #EC 2819 0 0 0
14392 #EA 14391 13
14393 #EA 14392 13
14394 #EA 14393 13
14395 #EC 2824 0
14396 #EA 14395 13
14397 #EC 2836 
14398 #EA 14396 14397
14399 #EA 14394 14398
14400 #EA 14399 2
14401 #ELN 64
14402 #EA 1016 14401
14403 #EA 1019 14401
14404 #EA 14402 14403
14405 #EA 14400 14404
14406 #EA 13830 14405
14407 #EA 14406 12105
14408 #EA 14390 14407
14409 #ELN 192
14410 #EA 1016 14409
14411 #EA 1019 14409
14412 #EA 14410 14411
14413 #EA 14408 14412
14414 #EA 14376 14413
14415 #EA 12182 14414
14416 #EA 13906 14404
14417 #EA 14390 14416
14418 #ELN 128
14419 #EA 1016 14418
14420 #EA 1019 14418
14421 #EA 14419 14420
14422 #EA 14417 14421
14423 #EA 14376 14422
14424 #EA 12182 14423
14425 #EA 14424 12178
14426 #EA 14415 14425
14427 #EA 14388 14426
14428 #ELN 65535
14429 #EA 1016 14428
14430 #EA 1019 14428
14431 #EA 14429 14430
14432 #EA 7724 14431
14433 #EA 14367 14432
14434 #EA 9589 14431
14435 #EA 14433 14434
14436 #ELN 4096
14437 #EA 1016 14436
14438 #EA 1019 14436
14439 #EA 14437 14438
14440 #EA 14400 14439
14441 #EA 13830 14440
14442 #ELN 16
14443 #EA 1016 14442
14444 #EA 1019 14442
14445 #EA 14443 14444
14446 #EA 14441 14445
14447 #EA 14390 14446
14448 #ELN 224
14449 #EA 1016 14448
14450 #EA 1019 14448
14451 #EA 14449 14450
14452 #EA 14447 14451
14453 #EA 14376 14452
14454 #EA 12182 14453
14455 #EA 14406 14404
14456 #EA 14390 14455
14457 #EA 14456 14421
14458 #EA 14376 14457
14459 #EA 12182 14458
14460 #EA 14459 14425
14461 #EA 14454 14460
14462 #EA 14435 14461
14463 #ELN 262144
14464 #EA 1016 14463
14465 #EA 1019 14463
14466 #EA 14464 14465
14467 #EA 14400 14466
14468 #EA 13830 14467
14469 #EA 14468 12094
14470 #EA 14390 14469
14471 #ELN 240
14472 #EA 1016 14471
14473 #EA 1019 14471
14474 #EA 14472 14473
14475 #EA 14470 14474
14476 #EA 14376 14475
14477 #EA 12182 14476
14478 #EA 14441 14404
14479 #EA 14390 14478
14480 #EA 14479 14421
14481 #EA 14376 14480
14482 #EA 12182 14481
14483 #EA 14482 14460
14484 #EA 14477 14483
14485 #EA 14462 14484
14486 #EA 14427 14485
14487 #EA 14380 14486
14488 #EZ 89 13 14366 14487
14489 #EL #BD 280 12172 14488
#DEF 2838 14363 14489 
2839 #NS 1 utf8Encode
14490 #EA 1009 12172
14491 #EP #BD 244 14490 12100
14492 #EC 2222 
14493 #EC 2352 0 0
14494 #EA 14493 12172
14495 #EA 14494 12096
14496 #EC 2838 
14497 #EA 14495 14496
14498 #EA 14497 2
14499 #EA 14492 14498
14500 #EL #BD 244 14490 14499
#DEF 2839 14491 14500 
2840 #NS 2207 IsValidUTF8
2841 #NS 2840 intro
14501 #EA 1593 12100
14502 #EA 14501 5
14503 #EC 2839 
14504 #EA 14503 2
14505 #EA 14502 14504
14506 #EC 2840 
14507 #EA 14506 7
14508 #EP #BD 1342 14505 14507
14509 #EP #BD 161 14490 14508
14510 #EP #BI 83 12100 14509
14511 #EP #BD 83 12100 108
#IND 1 2840 14511 1 2841 14510 
2842 #NS 2837 ofByteArray
2843 #NS 0 toByteArray
2844 #NS 0 isValidUTF8
14512 #EA 14506 2
14513 #EC 2837 
14514 #EP #BD 2844 14512 14513
14515 #EP #BD 2843 12100 14514
#IND 0 2837 15 1 2842 14515 
2845 #NS 2837 Pos
2846 #NS 2845 Raw
2847 #NS 2846 mk
2848 #NS 0 byteIdx
14516 #EC 2846 
14517 #EP #BD 2848 13 14516
#IND 0 2846 15 1 2847 14517 
2849 #NS 0 Substring
2850 #NS 2849 Raw
2851 #NS 2850 mk
2852 #NS 0 str
2853 #NS 0 startPos
2854 #NS 0 stopPos
14518 #EC 2850 
14519 #EP #BD 2854 14516 14518
14520 #EP #BD 2853 14516 14519
14521 #EP #BD 2852 14513 14520
#IND 0 2850 15 1 2851 14521 
2855 #NS 0 optParam
14522 #EP #BD 2002 2 122
14523 #EP #BD 3 122 14522
14524 #EL #BD 2002 2 5
14525 #EL #BD 3 122 14524
#DEF 2855 14523 14525 4
2856 #NS 0 Lean
2857 #NS 2856 SourceInfo
2858 #NS 2857 original
2859 #NS 0 leading
2860 #NS 0 pos
2861 #NS 0 trailing
2862 #NS 0 endPos
14526 #EC 2857 
14527 #EP #BD 2862 14516 14526
14528 #EP #BD 2861 14518 14527
14529 #EP #BD 2860 14516 14528
14530 #EP #BD 2859 14518 14529
2863 #NS 2857 synthetic
2864 #NS 0 canonical
14531 #EC 2855 3
14532 #EA 14531 1314
14533 #EA 14532 1473
14534 #EP #BD 2864 14533 14526
14535 #EP #BD 2862 14516 14534
14536 #EP #BD 2860 14516 14535
2865 #NS 2857 none
#IND 0 2857 15 3 2858 14530 2863 14536 2865 14526 
2866 #NS 2856 Name
2867 #NS 2866 anonymous
14537 #EC 2866 
2868 #NS 2866 str
2869 #NS 0 pre
14538 #EP #BD 2852 14513 14537
14539 #EP #BD 2869 14537 14538
2870 #NS 2866 num
14540 #EP #BD 1994 13 14537
14541 #EP #BD 2869 14537 14540
#IND 0 2866 15 3 2867 14537 2868 14539 2870 14541 
2871 #NS 2856 SyntaxNodeKind
#DEF 2871 15 14537 
2872 #NS 2856 Syntax
2873 #NS 2872 Preresolved
2874 #NS 2873 namespace
2875 #NS 0 ns
14542 #EC 2873 
14543 #EP #BD 2875 14537 14542
2876 #NS 2873 decl
2877 #NS 0 fields
14544 #EA 1009 14513
14545 #EP #BD 2877 14544 14542
14546 #EP #BD 11 14537 14545
#IND 0 2873 15 2 2874 14543 2876 14546 
2878 #NS 2872 missing
14547 #EC 2872 
2879 #NS 2872 node
2880 #NS 0 info
2881 #NS 0 kind
14548 #EC 2871 
2882 #NS 0 args
14549 #EA 12098 14547
14550 #EP #BD 2882 14549 14547
14551 #EP #BD 2881 14548 14550
14552 #EP #BD 2880 14526 14551
2883 #NS 2872 atom
14553 #EP #BD 1982 14513 14547
14554 #EP #BD 2880 14526 14553
2884 #NS 2872 ident
2885 #NS 0 rawVal
2886 #NS 0 preresolved
14555 #EA 1009 14542
14556 #EP #BD 2886 14555 14547
14557 #EP #BD 1982 14537 14556
14558 #EP #BD 2885 14518 14557
14559 #EP #BD 2880 14526 14558
#IND 0 2872 15 4 2878 14547 2879 14552 2883 14554 2884 14559 
2887 #NS 0 autoParam
2888 #NS 0 tactic
14560 #EP #BD 2888 14547 122
14561 #EP #BD 3 122 14560
14562 #EL #BD 2888 14547 5
14563 #EL #BD 3 122 14562
#DEF 2887 14561 14563 4
2889 #NS 2054 Antisymm
2890 #NS 2889 mk
2891 #NS 0 antisymm
14564 #EA 172 7
14565 #EA 2288 21
14566 #EA 14565 7
14567 #EP #BD 79 14564 14566
14568 #EP #BD 79 97 14567
14569 #EP #BD 83 7 14568
14570 #EP #BD 52 5 14569
14571 #EC 2889 1
14572 #EA 14571 7
14573 #EA 14572 5
14574 #EP #BD 2891 14570 14573
14575 #EP #BI 273 120 14574
14576 #EP #BI 3 122 14575
#IND 2 2889 11657 1 2890 14576 4
2892 #NS 2866 mkStr4
2893 #NS 0 s₁
2894 #NS 0 s₂
2895 #NS 0 s₃
14577 #EP #BD 2895 14513 14538
14578 #EP #BD 2894 14513 14577
14579 #EP #BD 2893 14513 14578
2896 #NS 0 s₄
14580 #EC 2868 
14581 #EC 2867 
14582 #EA 14580 14581
14583 #EA 14582 21
14584 #EA 14580 14583
14585 #EA 14584 7
14586 #EA 14580 14585
14587 #EA 14586 5
14588 #EA 14580 14587
14589 #EA 14588 2
14590 #EL #BD 2896 14513 14589
14591 #EL #BD 2895 14513 14590
14592 #EL #BD 2894 14513 14591
14593 #EL #BD 2893 14513 14592
#DEF 2892 14579 14593 
2897 #NS 2866 mkStr1
14594 #EA 14582 2
14595 #EL #BD 2893 14513 14594
#DEF 2897 14538 14595 
2898 #NS 2856 mkAtom
14596 #EC 2883 
14597 #EC 2865 
14598 #EA 14596 14597
14599 #EA 14598 2
14600 #EL #BD 1982 14513 14599
#DEF 2898 14553 14600 
2899 #NS 2207 size
2900 #NS 2899 match_1
14601 #EP #BD 13 12176 12215
2901 #NI 139 1687928793
2902 #NS 2901 _hygCtx
2903 #NI 2902 8
2904 #NS 2903 Init
2905 #NS 2904 Prelude
2906 #NI 2905 1687928793
2907 #NS 2906 _hygCtx
2908 #NS 2907 _hyg
2909 #NI 2908 19
14602 #EL #BD 22 12100 184
14603 #EA 12236 14602
14604 #EA 14603 5
14605 #EA 14604 12219
14606 #EL #BD 49 12213 14605
14607 #EL #BD 2909 12100 14606
14608 #EL #BD 13 12176 14607
#DEF 2900 14601 14608 15
2910 #NS 2145 size
14609 #EP #BD 52 12303 13
14610 #EP #BI 3 0 14609
14611 #EC 1302 1
14612 #EA 14611 5
14613 #EA 12317 5
14614 #EA 14613 2
14615 #EA 14612 14614
14616 #EL #BD 52 12303 14615
14617 #EL #BI 3 0 14616
#DEF 2910 14610 14617 4
14618 #EP #BD 79 12100 13
2911 #NS 2902 _hyg
2912 #NI 2911 8
14619 #EC 2900 3
14620 #EL #BD 2909 12100 13
14621 #EA 14619 14620
14622 #EA 14621 2
14623 #EC 2910 0
14624 #EA 14623 12096
14625 #EA 14624 2
14626 #EL #BD 924 12099 14625
14627 #EA 14622 14626
14628 #EL #BD 2912 12100 14627
#DEF 2899 14618 14628 
2913 #NS 2837 toByteArray
14629 #EP #BD 218 14513 12100
14630 #EJ 2837 0 2
14631 #EL #BD 218 14513 14630
#DEF 2913 14629 14631 
2914 #NS 2837 utf8ByteSize
14632 #EP #BD 1547 14513 13
14633 #EC 2899 
14634 #EC 2913 
14635 #EA 14634 2
14636 #EA 14633 14635
14637 #EL #BD 1547 14513 14636
#DEF 2914 14632 14637 
2915 #NS 2837 rawEndPos
14638 #EP #BD 1547 14513 14516
14639 #EC 2847 
14640 #EC 2914 
14641 #EA 14640 2
14642 #EA 14639 14641
14643 #EL #BD 1547 14513 14642
#DEF 2915 14638 14643 
2916 #NS 2837 toRawSubstring
14644 #EP #BD 1547 14513 14518
14645 #EC 2851 
14646 #EA 14645 2
14647 #EA 14639 1021
14648 #EA 14646 14647
14649 #EC 2915 
14650 #EA 14649 2
14651 #EA 14648 14650
14652 #EL #BD 1547 14513 14651
#DEF 2916 14644 14652 
2917 #NS 2134 of_le
2918 #NS 2917 _auto_1
14653 #EC 2879 
14654 #EA 14653 14597
14655 #EC 2892 
14656 #ELS 4C 65 61 6E
14657 #EA 14655 14656
14658 #ELS 50 61 72 73 65 72
14659 #EA 14657 14658
14660 #ELS 54 61 63 74 69 63
14661 #EA 14659 14660
14662 #ELS 74 61 63 74 69 63 53 65 71
14663 #EA 14661 14662
14664 #EA 14654 14663
14665 #EA 12334 14547
14666 #EA 12403 14547
14667 #EA 14665 14666
14668 #ELS 74 61 63 74 69 63 53 65 71 31 49 6E 64 65 6E 74 65 64
14669 #EA 14661 14668
14670 #EA 14654 14669
14671 #EC 2897 
14672 #ELS 6E 75 6C 6C
14673 #EA 14671 14672
14674 #EA 14654 14673
14675 #ELS 65 78 61 63 74
14676 #EA 14661 14675
14677 #EA 14654 14676
14678 #EC 2898 
14679 #EA 14678 14675
14680 #EA 14667 14679
14681 #EA 14665 14680
14682 #EC 2884 
14683 #EA 14682 14597
14684 #EC 2916 
14685 #ELS 69 6E 66 65 72 49 6E 73 74 61 6E 63 65
14686 #EA 14684 14685
14687 #EA 14683 14686
14688 #EA 14671 14685
14689 #EA 14687 14688
14690 #EA 3980 14542
14691 #EA 14689 14690
14692 #EA 14681 14691
14693 #EA 14677 14692
14694 #EA 14667 14693
14695 #EA 14674 14694
14696 #EA 14667 14695
14697 #EA 14670 14696
14698 #EA 14667 14697
14699 #EA 14664 14698
#DEF 2918 14547 14699 
2919 #NS 0 Trans
2920 #NS 2919 mk
14700 #ES 19
14701 #EP #BD 79 7 122
14702 #EP #BD 79 7 14701
14703 #EP #BD 79 7 134
14704 #EP #BD 79 7 14703
32 #UM 25 4
33 #UM 32 19
14705 #EC 605 33
14706 #ES 24
14707 #EP #BD 79 21 14706
14708 #EP #BD 79 22 14707
14709 #EA 14705 14708
2921 #NS 0 trans
14710 #EA 306 7
14711 #EP #BD 79 2155 14710
14712 #EP #BD 79 2155 14711
14713 #EP #BI 280 25 14712
14714 #EP #BI 83 25 14713
14715 #EP #BI 52 25 14714
14716 #EC 2919 1 7 24 4 6 19
14717 #EA 14716 68
14718 #EA 14717 25
14719 #EA 14718 22
14720 #EA 14719 21
14721 #EA 14720 7
14722 #EA 14721 5
14723 #EP #BD 2921 14715 14722
14724 #EP #BI 14 14709 14723
14725 #EP #BI 1547 14704 14724
14726 #EP #BI 273 14702 14725
14727 #EP #BI 608 14700 14726
14728 #EP #BI 88 58 14727
14729 #EP #BI 3 16 14728
34 #UM 8 4
35 #UM 34 6
36 #UM 35 19
37 #UM 36 7
38 #UM 37 24
14730 #ES 38
14731 #EP #BD 14 14709 14730
14732 #EP #BD 1547 14704 14731
14733 #EP #BD 273 14702 14732
14734 #EP #BI 608 14700 14733
14735 #EP #BI 88 58 14734
14736 #EP #BI 3 16 14735
#IND 6 2919 14736 1 2920 14729 4 89 609 15 48 227
2922 #NS 2917 _auto_3
#DEF 2922 14547 14699 
2923 #NS 2054 Total
2924 #NS 2923 mk
2925 #NS 0 total
14737 #EA 8243 97
14738 #EA 1216 5
14739 #EA 14737 14738
14740 #EP #BD 83 7 14739
14741 #EP #BD 52 5 14740
14742 #EC 2923 1
14743 #EA 14742 7
14744 #EA 14743 5
14745 #EP #BD 2925 14741 14744
14746 #EP #BI 273 120 14745
14747 #EP #BI 3 122 14746
#IND 2 2923 11657 1 2924 14747 4
2926 #NS 2917 _auto_5
#DEF 2926 14547 14699 
2927 #NS 2118 of_le
2928 #NS 2927 _auto_1
#DEF 2928 14547 14699 
2929 #NS 2927 _auto_3
#DEF 2929 14547 14699 
2930 #NS 2094 of_le
2931 #NS 2930 _auto_1
#DEF 2931 14547 14699 
2932 #NS 2930 _auto_3
#DEF 2932 14547 14699 
2933 #NS 2919 trans
14748 #EA 14716 25
14749 #EA 14748 22
14750 #EA 14749 21
14751 #EA 14750 7
14752 #EA 14751 5
14753 #EA 14752 2
14754 #EA 10155 7
14755 #EP #BD 79 2954 14754
14756 #EP #BD 79 2954 14755
14757 #EP #BI 280 68 14756
14758 #EP #BI 83 68 14757
14759 #EP #BI 52 68 14758
14760 #EP #BC 218 14753 14759
14761 #EP #BI 14 14709 14760
14762 #EP #BI 1547 14704 14761
14763 #EP #BI 273 14702 14762
14764 #EP #BI 608 14700 14763
14765 #EP #BI 88 58 14764
14766 #EP #BI 3 16 14765
14767 #EJ 2919 0 2
14768 #EL #BC 218 14753 14767
14769 #EL #BI 14 14709 14768
14770 #EL #BD 1547 14704 14769
14771 #EL #BD 273 14702 14770
14772 #EL #BD 608 14700 14771
14773 #EL #BD 88 58 14772
14774 #EL #BD 3 16 14773
#DEF 2933 14766 14774 4 89 609 15 48 227
2934 #NS 2066 Factories
2935 #NI 2934 819826709
2936 #NS 2935 _hygCtx
2937 #NS 2936 _hyg
2938 #NI 2937 3
14775 #EC 2887 0
14776 #EA 14775 11692
14777 #EC 2931 
14778 #EA 14776 14777
39 #UM 3 2
14779 #EC 2887 39
14780 #EC 2919 0 0 0 2 2 2
14781 #EA 14780 7
14782 #EA 14781 7
14783 #EA 14782 7
14784 #EA 14783 11772
14785 #EA 14784 11772
14786 #EA 14785 11772
14787 #EA 14779 14786
14788 #EC 2932 
14789 #EA 14787 14788
14790 #EP #BD 2102 14789 11750
14791 #EP #BD 2101 14778 14790
14792 #EP #BC 2938 1187 14791
14793 #EP #BI 3 0 14792
14794 #EC 2095 1
14795 #EA 14794 21
14796 #EA 14795 7
14797 #EC 2057 2
14798 #EA 14797 21
2939 #NS 2077 Factories
2940 #NI 2939 819826709
2941 #NS 2940 _hygCtx
2942 #NS 2941 _hyg
2943 #NI 2942 12
2944 #NS 2087 Factories
2945 #NI 2944 819826709
2946 #NS 2945 _hygCtx
2947 #NS 2946 _hyg
2948 #NI 2947 12
14799 #EA 11812 2
14800 #EL #BD 2948 22 14799
14801 #EL #BD 2943 21 14800
14802 #EA 14798 14801
14803 #EA 14802 5
14804 #EA 14796 14803
2949 #NS 25 Order
2950 #NS 2949 Factories
2951 #NI 2950 819826709
2952 #NS 2951 _hygCtx
2953 #NS 2952 _hyg
2954 #NI 2953 74
2955 #NI 2953 76
2956 #NI 2953 78
14805 #EC 2933 0 0 0 2 2 2
14806 #EA 14805 68
14807 #EA 14806 68
14808 #EA 14807 68
2957 #NI 2942 29
2958 #NI 2947 29
14809 #EA 9031 283
14810 #EA 14809 70
14811 #EA 14810 5
14812 #EA 14811 2
14813 #EL #BD 2958 70 14812
14814 #EL #BD 2957 68 14813
14815 #EA 14808 14814
14816 #EA 14815 14814
14817 #EA 14816 14814
14818 #EA 14817 21
14819 #EA 14818 7
14820 #EA 14819 5
14821 #EA 14820 2
14822 #EL #BD 2956 25 14821
14823 #EL #BD 2955 22 14822
14824 #EL #BD 2954 21 14823
14825 #EA 14804 14824
14826 #EL #BD 2102 14786 14825
14827 #EL #BD 2101 11692 14826
14828 #EL #BC 2938 1187 14827
14829 #EL #BI 3 0 14828
#DEF 2930 14793 14829 4
2959 #NS 0 inferInstance
#DEF 2959 3767 3769 4
2960 #NS 417 SimpLemmas
2961 #NI 2960 0
2962 #NS 2961 or_self
2963 #NS 2962 match_1_1
2964 #NI 933 4029276303
2965 #NS 2964 _hygCtx
2966 #NI 2965 16
2967 #NS 2966 Init
2968 #NS 2967 SimpLemmas
2969 #NI 2968 4029276303
2970 #NS 2969 _hygCtx
2971 #NS 2970 _hyg
2972 #NI 2971 26
14830 #EA 8243 2
14831 #EA 14830 2
14832 #EP #BD 2972 14831 108
14833 #EA 8252 5
14834 #EA 8255 21
14835 #EA 14834 21
14836 #EA 14835 2
14837 #EA 7 14836
14838 #EP #BD 119 7 14837
14839 #EA 8261 22
14840 #EA 14839 22
14841 #EA 14840 2
14842 #EA 21 14841
14843 #EP #BD 119 21 14842
14844 #EP #BD 51 14843 32
14845 #EP #BD 49 14838 14844
14846 #EP #BD 2972 14833 14845
14847 #EP #BD 13 14832 14846
14848 #EP #BD 270 108 14847
14849 #EA 8369 22
14850 #EA 14849 22
14851 #EA 8243 22
14852 #EA 14851 22
14853 #EL #BD 22 14852 203
14854 #EA 14850 14853
14855 #EA 14854 7
14856 #EA 14855 5993
14857 #EA 14856 1220
14858 #EL #BD 51 14843 14857
14859 #EL #BD 49 14838 14858
14860 #EL #BD 2972 14833 14859
14861 #EL #BD 13 14832 14860
14862 #EL #BD 270 108 14861
#DEF 2963 14848 14862 
2973 #NS 0 or_self
14863 #EA 4242 14831
14864 #EA 14863 2
14865 #EP #BD 270 108 14864
14866 #EA 4284 14831
14867 #EA 14866 2
14868 #EA 4287 14831
14869 #EA 14868 2
2974 #NS 2965 _hyg
2975 #NI 2974 16
14870 #EC 2963 
14871 #EA 14870 5
14872 #EL #BD 2972 14833 7
14873 #EA 14871 14872
14874 #EA 14873 2
14875 #EL #BD 119 5 2
14876 #EA 14874 14875
14877 #EA 14876 14875
14878 #EL #BD 2975 14831 14877
14879 #EA 14869 14878
14880 #EA 8255 2
14881 #EA 14880 2
14882 #EA 14879 14881
14883 #EA 14867 14882
14884 #EL #BD 270 108 14883
#DEF 2973 14865 14884 
2976 #NS 2923 total
14885 #EA 14742 5
14886 #EA 14885 2
14887 #EA 8243 3678
14888 #EA 184 5
14889 #EA 14887 14888
14890 #EP #BD 83 21 14889
14891 #EP #BD 52 7 14890
14892 #EP #BC 218 14886 14891
14893 #EP #BI 273 120 14892
14894 #EP #BI 3 122 14893
14895 #EJ 2923 0 2
14896 #EL #BC 218 14886 14895
14897 #EL #BD 273 120 14896
14898 #EL #BD 3 122 14897
#DEF 2976 14894 14898 4
2977 #NS 2058 Factories
2978 #NI 2977 0
2979 #NS 2978 Std
2980 #NS 2979 instReflOfTotal
2981 #NI 2934 2385622687
2982 #NS 2981 _hygCtx
2983 #NS 2982 _hyg
2984 #NI 2983 9
14899 #EC 2923 4
14900 #EA 14899 5
14901 #EA 14900 2
14902 #EC 2055 4
14903 #EA 14902 7
14904 #EA 14903 5
14905 #EP #BC 2984 14901 14904
14906 #EP #BI 273 120 14905
14907 #EP #BI 3 16 14906
14908 #EC 2056 4
14909 #EA 14908 7
14910 #EA 14909 5
14911 #EA 8243 11660
14912 #EA 14911 11660
14913 #EA 4948 14912
14914 #EA 14913 11660
14915 #EC 2973 
14916 #EA 14915 11660
14917 #EA 14914 14916
14918 #EC 2976 4
14919 #EA 14918 21
14920 #EA 14919 7
14921 #EA 14920 5
14922 #EA 14921 2
14923 #EA 14922 2
14924 #EA 14917 14923
14925 #EL #BD 52 7 14924
14926 #EA 14910 14925
14927 #EL #BC 2984 14901 14926
14928 #EL #BI 273 120 14927
14929 #EL #BI 3 16 14928
#DEF 2980 14907 14929 15
2985 #NI 2934 819826710
2986 #NS 2985 _hygCtx
2987 #NS 2986 _hyg
2988 #NI 2987 3
14930 #EA 14780 5
14931 #EA 14930 5
14932 #EA 14931 5
14933 #EA 14932 11691
14934 #EA 14933 11691
14935 #EA 14934 11691
14936 #EA 14779 14935
14937 #EC 2928 
14938 #EA 14936 14937
14939 #EC 2923 2
14940 #EA 14939 7
14941 #EA 14940 11772
14942 #EA 14775 14941
14943 #EC 2929 
14944 #EA 14942 14943
14945 #EP #BD 2125 14944 11796
14946 #EP #BD 2102 14938 14945
14947 #EP #BC 2988 1187 14946
14948 #EP #BI 3 0 14947
2989 #NS 0 __IsPreorder
2990 #NS 2989 _@
2991 #NS 2990 Init
2992 #NS 2991 Data
2993 #NS 2992 Order
2994 #NS 2993 Factories
2995 #NI 2994 819826710
2996 #NS 2995 _hygCtx
2997 #NS 2996 _hyg
2998 #NI 2997 70
14949 #EC 2930 1
14950 #EA 14949 21
14951 #EA 14950 7
14952 #EC 2959 0
14953 #EA 11686 21
14954 #EA 14953 14801
14955 #EA 14952 14954
14956 #EC 2980 2
14957 #EA 14956 21
14958 #EA 14957 14801
14959 #EA 14958 2
14960 #EA 14955 14959
14961 #EA 14951 14960
14962 #EC 2959 2
14963 #EA 14780 21
14964 #EA 14963 21
14965 #EA 14964 21
14966 #EA 14965 14801
14967 #EA 14966 14801
14968 #EA 14967 14801
14969 #EA 14962 14968
14970 #EA 14969 5
14971 #EA 14961 14970
14972 #EA 11867 22
14973 #EA 14972 21
14974 #EA 14973 2
14975 #EC 2976 2
14976 #EA 14975 22
2999 #NI 2939 819826710
3000 #NS 2999 _hygCtx
3001 #NS 3000 _hyg
3002 #NI 3001 53
3003 #NI 2944 819826710
3004 #NS 3003 _hygCtx
3005 #NS 3004 _hyg
3006 #NI 3005 53
14977 #EA 11736 5
14978 #EA 14977 2
14979 #EL #BD 3006 25 14978
14980 #EL #BD 3002 22 14979
14981 #EA 14976 14980
14982 #EA 14981 5
14983 #EA 14974 14982
14984 #EZ 2998 11750 14971 14983
14985 #EL #BD 2125 14941 14984
14986 #EL #BD 2102 14935 14985
14987 #EL #BC 2988 1187 14986
14988 #EL #BI 3 0 14987
#DEF 2927 14948 14988 4
3007 #NS 2889 antisymm
14989 #EA 14571 5
14990 #EA 14989 2
14991 #EA 157 7
14992 #EA 1854 21
14993 #EA 14992 7
14994 #EP #BD 79 14991 14993
14995 #EP #BD 79 3678 14994
14996 #EP #BD 83 21 14995
14997 #EP #BD 52 7 14996
14998 #EP #BC 218 14990 14997
14999 #EP #BI 273 120 14998
15000 #EP #BI 3 122 14999
15001 #EJ 2889 0 2
15002 #EL #BC 218 14990 15001
15003 #EL #BD 273 120 15002
15004 #EL #BD 3 122 15003
#DEF 3007 15000 15004 4
3008 #NS 2118 le_total
15005 #EP #BC 218 11802 11793
15006 #EP #BI 2123 1187 15005
15007 #EP #BI 3 0 15006
15008 #EJ 2118 1 2
15009 #EL #BC 218 11802 15008
15010 #EL #BI 2123 1187 15009
15011 #EL #BD 3 0 15010
#DEF 3008 15007 15011 4
3009 #NI 2934 819826712
3010 #NS 3009 _hygCtx
3011 #NS 3010 _hyg
3012 #NI 3011 3
15012 #EC 2889 2
15013 #EA 15012 5
15014 #EA 15013 11691
15015 #EA 14775 15014
15016 #EC 2918 
15017 #EA 15015 15016
15018 #EC 2922 
15019 #EA 14787 15018
15020 #EA 14939 21
15021 #EA 15020 14801
15022 #EA 14775 15021
15023 #EC 2926 
15024 #EA 15022 15023
15025 #EA 11830 22
15026 #EA 15025 21
15027 #EP #BD 2125 15024 15026
15028 #EP #BD 2102 15019 15027
15029 #EP #BD 2133 15017 15028
15030 #EP #BC 3012 1187 15029
15031 #EP #BI 3 0 15030
3013 #NS 0 __IsLinearPreorder
3014 #NS 3013 _@
3015 #NS 3014 Init
3016 #NS 3015 Data
3017 #NS 3016 Order
3018 #NS 3017 Factories
3019 #NI 3018 819826712
3020 #NS 3019 _hygCtx
3021 #NS 3020 _hyg
3022 #NI 3021 87
15032 #EA 11794 22
15033 #EA 15032 21
15034 #EC 2927 1
15035 #EA 15034 22
15036 #EA 15035 21
15037 #EA 14780 22
15038 #EA 15037 22
15039 #EA 15038 22
15040 #EA 15039 14980
15041 #EA 15040 14980
15042 #EA 15041 14980
15043 #EA 14962 15042
15044 #EA 15043 5
15045 #EA 15036 15044
15046 #EA 14939 22
15047 #EA 15046 14980
15048 #EA 14952 15047
15049 #EA 15048 2
15050 #EA 15045 15049
15051 #EC 2135 1
15052 #EA 15051 25
15053 #EA 15052 22
15054 #EC 2128 1
15055 #EA 15054 25
15056 #EA 15055 22
15057 #EC 2126 1
15058 #EA 15057 25
15059 #EA 15058 22
15060 #EA 15059 2
15061 #EA 15056 15060
15062 #EC 3007 2
15063 #EA 15062 25
3023 #NI 2939 819826712
3024 #NS 3023 _hygCtx
3025 #NS 3024 _hyg
3026 #NI 3025 12
3027 #NI 2944 819826712
3028 #NS 3027 _hygCtx
3029 #NS 3028 _hyg
3030 #NI 3029 12
15064 #EA 11740 5
15065 #EA 15064 2
15066 #EL #BD 3030 68 15065
15067 #EL #BD 3026 25 15066
15068 #EA 15063 15067
15069 #EA 15068 21
15070 #EA 15061 15069
15071 #EA 15053 15070
15072 #EC 3008 1
15073 #EA 15072 25
15074 #EA 15073 22
15075 #EA 15074 2
15076 #EA 15071 15075
15077 #EZ 3022 15033 15050 15076
15078 #EL #BD 2125 15021 15077
15079 #EL #BD 2102 14786 15078
15080 #EL #BD 2133 15014 15079
15081 #EL #BC 3012 1187 15080
15082 #EL #BI 3 0 15081
#DEF 2917 15031 15082 4
3031 #NS 8 instIsLinearOrder
15083 #EC 2134 0
15084 #EA 15083 13
15085 #EA 15084 2081
15086 #EC 2917 0
15087 #EA 15086 13
15088 #EA 15087 2081
15089 #EC 2890 3
15090 #EA 15089 13
15091 #EL #BD 3030 13 2304
15092 #EL #BD 3026 13 15091
15093 #EA 15090 15092
15094 #EA 15093 9659
15095 #EA 15088 15094
15096 #EC 2920 0 0 0 3 3 3
15097 #EA 15096 13
15098 #EA 15097 13
15099 #EA 15098 13
15100 #EA 15099 15092
15101 #EA 15100 15092
15102 #EA 15101 15092
15103 #EA 15102 7754
15104 #EA 15095 15103
15105 #EC 2924 3
15106 #EA 15105 13
15107 #EA 15106 15092
15108 #EA 15107 9734
15109 #EA 15104 15108
#DEF 3031 15085 15109 
3032 #NS 8 max_self
15110 #EA 9573 2
15111 #EA 1888 15110
15112 #EA 15111 2
15113 #EP #BD 52 13 15112
15114 #EA 4644 15112
15115 #EA 4653 15112
15116 #EA 15115 6905
15117 #EA 15116 1715
15118 #EA 8144 15111
15119 #EA 15118 4934
15120 #EA 8147 15110
15121 #EA 15120 2
15122 #EA 15121 1888
15123 #EA 9775 2
15124 #EA 15123 2
15125 #EA 4644 7904
15126 #EC 2093 0
15127 #EA 15126 13
15128 #EA 15127 2081
15129 #EC 2104 0
15130 #EA 15129 13
15131 #EA 15130 2081
15132 #EC 2126 0
15133 #EA 15132 13
15134 #EA 15133 2081
15135 #EC 2144 0
15136 #EA 15135 13
15137 #EA 15136 2081
15138 #EC 3031 
15139 #EA 15137 15138
15140 #EA 15134 15139
15141 #EA 15131 15140
15142 #EA 15128 15141
15143 #EA 15142 2
15144 #EA 15125 15143
15145 #EA 15124 15144
15146 #EA 15122 15145
15147 #EA 15119 15146
15148 #EA 15147 2
15149 #EA 15117 15148
15150 #EA 15149 8668
15151 #EA 15114 15150
15152 #EL #BD 52 13 15151
#DEF 3032 15113 15152 
3033 #NS 222 max0_2cons_eq
15153 #EA 4049 4050
15154 #EA 11468 15153
15155 #EA 1888 15154
15156 #EA 15155 11469
15157 #EP #BD 224 1010 15156
15158 #EP #BD 22 13 15157
15159 #EA 4886 15156
15160 #EA 11471 11469
15161 #EA 1888 15160
15162 #EA 15161 11469
15163 #EA 15159 15162
15164 #EA 4242 15156
15165 #EA 15164 15162
15166 #EA 4063 15165
15167 #EA 4931 15154
15168 #EA 15167 15160
15169 #EA 11468 3987
15170 #EA 4934 15169
15171 #EL #BD 1057 13 15170
15172 #EA 15168 15171
15173 #EC 2053 
15174 #EA 15173 5
15175 #EA 15174 4050
15176 #EA 15172 15175
15177 #EA 15166 15176
15178 #EA 15163 15177
15179 #EA 4886 15162
15180 #EA 11471 11473
15181 #EA 1888 15180
15182 #EA 15181 11473
15183 #EA 15179 15182
15184 #EA 4242 15162
15185 #EA 15184 15182
15186 #EA 4063 15185
15187 #EA 4931 11469
15188 #EA 15187 11473
15189 #EA 3625 7
15190 #EA 15189 2
15191 #EA 1888 15190
15192 #EA 15191 2
15193 #EL #BD 1057 13 15192
15194 #EA 15188 15193
15195 #EA 15174 2
15196 #EA 15194 15195
15197 #EA 15186 15196
15198 #EA 15183 15197
15199 #EA 3618 11472
15200 #EA 3618 15199
15201 #EA 11400 15200
15202 #EA 3618 5
15203 #EA 3617 15202
15204 #EA 15203 11472
15205 #EA 15201 15204
15206 #EA 15205 11473
15207 #EA 2566 15204
15208 #EA 15207 15200
15209 #EA 11630 5
15210 #EA 15209 5
15211 #EA 15210 11472
15212 #EA 15208 15211
15213 #EA 15206 15212
15214 #EA 1888 15204
15215 #EA 15214 11473
15216 #EA 4886 15215
15217 #EA 1888 15199
15218 #EA 15217 11473
15219 #EA 15216 15218
15220 #EA 4242 15215
15221 #EA 15220 15218
15222 #EA 4063 15221
15223 #EA 4931 15202
15224 #EA 15223 5
15225 #EA 11468 5
15226 #EA 9573 15225
15227 #EA 1888 15226
15228 #EA 15189 15225
15229 #EA 15227 15228
15230 #EL #BD 1057 13 15229
15231 #EA 15224 15230
15232 #EC 3032 
15233 #EA 15232 5
15234 #EA 15231 15233
15235 #EA 15222 15234
15236 #EA 15219 15235
15237 #EA 2759 15199
15238 #EA 15236 15237
15239 #EA 15213 15238
15240 #EA 15198 15239
15241 #EA 15178 15240
15242 #EL #BD 224 1010 15241
15243 #EL #BD 22 13 15242
#DEF 3033 15158 15243 
3034 #NS 0 Membership
3035 #NS 3034 mk
15244 #EC 605 16
15245 #EA 15244 0
3036 #NS 0 mem
15246 #EP #BD 79 2 1188
15247 #EC 3034 1 7
15248 #EA 15247 7
15249 #EA 15248 5
15250 #EP #BD 3036 15246 15249
15251 #EP #BI 608 1062 15250
15252 #EP #BI 3 15245 15251
15253 #EP #BD 3 15245 11924
#IND 2 3034 15253 1 3035 15252 4 89
3037 #NS 3034 mem
15254 #EA 15247 5
15255 #EA 15254 2
15256 #EP #BD 79 21 108
15257 #EP #BD 79 5 15256
15258 #EP #BC 218 15255 15257
15259 #EP #BI 608 1062 15258
15260 #EP #BI 3 15245 15259
15261 #EJ 3034 0 2
15262 #EL #BC 218 15255 15261
15263 #EL #BD 608 1062 15262
15264 #EL #BI 3 15245 15263
#DEF 3037 15260 15264 4 89
3038 #NS 1 Mem
3039 #NS 3038 head
15265 #EC 3038 1
15266 #EA 15265 7
15267 #EA 15266 5
15268 #EA 24 7
15269 #EA 15268 5
15270 #EA 15269 2
15271 #EA 15267 15270
15272 #EP #BD 53 6 15271
15273 #EP #BI 52 2 15272
15274 #EP #BI 3 0 15273
3040 #NS 3038 tail
15275 #EA 15265 21
15276 #EA 15275 7
15277 #EA 15276 2
15278 #EA 15265 22
15279 #EA 15278 21
15280 #EA 5469 5
15281 #EA 15279 15280
15282 #EP #BD 79 15277 15281
15283 #EP #BI 53 8 15282
15284 #EP #BD 83 5 15283
15285 #EP #BI 52 2 15284
15286 #EP #BI 3 0 15285
15287 #EP #BD 79 6 108
15288 #EP #BD 52 2 15287
15289 #EP #BI 3 0 15288
#IND 2 3038 15289 2 3039 15274 3040 15286 4
3041 #NS 1 instMembership
15290 #EC 3034 1 1
15291 #EA 15290 2
15292 #EA 15291 3
15293 #EP #BI 3 0 15292
15294 #EC 3035 1 1
15295 #EA 15294 2
15296 #EA 15295 3
15297 #EA 15266 2
15298 #EA 15297 5
15299 #EL #BD 52 5 15298
15300 #EL #BD 244 3 15299
15301 #EA 15296 15300
15302 #EL #BI 3 0 15301
#DEF 3041 15293 15302 4
3042 #NS 3038 casesOn
15303 #EA 15267 2
15304 #EP #BD 14 15303 108
15305 #EP #BD 79 6 15304
15306 #EA 26 22
15307 #EA 15306 2
15308 #EA 21 15307
15309 #EC 3039 1
15310 #EA 15309 25
15311 #EA 15310 22
15312 #EA 15311 2
15313 #EA 15308 15312
15314 #EP #BD 53 23 15313
15315 #EA 15265 70
15316 #EA 15315 68
15317 #EA 15316 2
15318 #EA 853 7
15319 #EA 15318 5
15320 #EA 68 15319
15321 #EC 3040 1
15322 #EA 15321 283
15323 #EA 15322 70
15324 #EA 15323 7
15325 #EA 15324 5
15326 #EA 15325 2
15327 #EA 15320 15326
15328 #EP #BD 79 15317 15327
15329 #EP #BI 53 455 15328
15330 #EP #BD 83 25 15329
15331 #EP #BD 7 15330 80
15332 #EP #BD 6 15314 15331
15333 #EP #BD 14 15277 15332
15334 #EP #BI 79 8 15333
15335 #EP #BI 13 15305 15334
15336 #EP #BI 52 2 15335
15337 #EP #BI 3 0 15336
3043 #NS 3038 rec
15338 #EC 3043 1
15339 #EA 15338 68
15340 #EA 15339 25
15341 #EA 15340 22
15342 #EL #BD 53 455 1216
15343 #EA 15341 15342
15344 #EA 15265 283
15345 #EA 15344 70
15346 #EA 15345 2
15347 #EA 80 5
15348 #EL #BD 526 321 15347
15349 #EL #BD 79 15346 15348
15350 #EL #BI 53 631 15349
15351 #EL #BD 83 68 15350
15352 #EA 15343 15351
15353 #EA 15352 21
15354 #EA 15353 7
15355 #EL #BD 7 15330 15354
15356 #EL #BD 6 15314 15355
15357 #EL #BD 14 15277 15356
15358 #EL #BI 79 8 15357
15359 #EL #BI 13 15305 15358
15360 #EL #BI 52 2 15359
15361 #EL #BI 3 0 15360
#DEF 3042 15337 15361 4
3044 #NS 823 not_mem_nil
3045 #NS 3044 match_1_1
3046 #NI 828 3621817628
3047 #NS 3046 _hygCtx
3048 #NI 3047 15
3049 #NS 3048 Init
3050 #NS 3049 Data
3051 #NS 3050 List
3052 #NS 3051 Lemmas
3053 #NI 3052 3621817628
3054 #NS 3053 _hygCtx
3055 #NS 3054 _hyg
3056 #NI 3055 22
15362 #EC 3037 4 4
15363 #EA 15362 5
15364 #EA 15363 61
15365 #EC 3041 4
15366 #EA 15365 5
15367 #EA 15364 15366
15368 #EA 15367 252
15369 #EA 15368 2
15370 #EP #BD 3056 15369 108
15371 #EA 15362 7
15372 #EA 15371 256
15373 #EA 15365 7
15374 #EA 15372 15373
15375 #EA 15374 259
15376 #EA 15375 5
15377 #EP #BD 3056 15376 1219
15378 #EP #BD 13 15370 15377
15379 #EP #BI 52 2 15378
15380 #EP #BI 3 55 15379
15381 #EC 3042 4
15382 #EA 15381 21
15383 #EA 15382 7
15384 #EC 3038 4
15385 #EA 15384 22
15386 #EA 15385 21
15387 #EA 15386 2
15388 #EA 3800 270
15389 #EA 15388 5
15390 #EA 15362 68
15391 #EA 15390 95
15392 #EA 15365 68
15393 #EA 15391 15392
15394 #EA 15393 276
15395 #EA 15394 25
15396 #EA 2009 15395
15397 #EA 15396 21
15398 #EA 15384 68
15399 #EA 15398 25
15400 #EA 15399 7
15401 #EA 15397 15400
15402 #EA 15401 5
15403 #EP #BD 119 15402 110
15404 #EP #BD 119 15389 15403
15405 #EL #BD 22 15387 15404
15406 #EL #BD 79 261 15405
15407 #EA 15383 15406
15408 #EA 15407 263
15409 #EA 15408 2
3057 #NS 53 _@
3058 #NS 3057 Init
3059 #NS 3058 Data
3060 #NS 3059 List
3061 #NS 3060 Lemmas
3062 #NI 3061 3621817628
3063 #NS 3062 _hygCtx
3064 #NS 3063 _hyg
3065 #NI 3064 23
3066 #NI 842 3621817628
3067 #NS 3066 _hygCtx
3068 #NS 3067 _hyg
3069 #NI 3068 27
15410 #EA 3797 2
15411 #EA 3826 15410
15412 #EA 15362 25
15413 #EA 15412 67
15414 #EA 15365 25
15415 #EA 15413 15414
15416 #EA 15415 270
15417 #EA 15416 22
15418 #EA 2009 15417
15419 #EA 15418 7
15420 #EA 15384 25
15421 #EA 15420 22
15422 #EA 15421 3941
15423 #EA 15419 15422
15424 #EC 3039 4
15425 #EA 15424 25
15426 #EA 15425 22
15427 #EA 15426 5
15428 #EA 15423 15427
15429 #EP #BD 119 15428 110
15430 #EA 1995 15429
15431 #EA 3844 3941
15432 #EA 15431 2
15433 #EA 15430 15432
15434 #EL #BD 3069 15411 15433
15435 #EL #BD 3065 261 15434
15436 #EA 15409 15435
3070 #NS 364 Data
3071 #NS 3070 List
3072 #NS 3071 Lemmas
3073 #NI 3072 3621817628
3074 #NS 3073 _hygCtx
3075 #NS 3074 _hyg
3076 #NI 3075 24
3077 #NI 3064 25
3078 #NS 582 Data
3079 #NS 3078 List
3080 #NS 3079 Lemmas
3081 #NI 3080 3621817628
3082 #NS 3081 _hygCtx
3083 #NS 3082 _hyg
3084 #NI 3083 26
15437 #EA 15421 2
3085 #NI 3068 28
15438 #EA 3806 4204
15439 #EA 15362 70
15440 #EA 15439 282
15441 #EA 15365 70
15442 #EA 15440 15441
15443 #EA 15442 318
15444 #EA 15443 68
15445 #EA 2009 15444
15446 #EA 15445 22
15447 #EA 15384 70
15448 #EA 15447 68
15449 #EA 4206 7
15450 #EA 15448 15449
15451 #EA 15446 15450
15452 #EC 3040 4
15453 #EA 15452 70
15454 #EA 15453 68
15455 #EA 15454 21
15456 #EA 15455 7
15457 #EA 15456 5
15458 #EA 15451 15457
15459 #EP #BD 119 15458 110
15460 #EA 1995 15459
15461 #EA 3839 282
15462 #EA 3841 70
15463 #EA 15461 15462
15464 #EA 15463 318
15465 #EA 15464 15449
15466 #EA 15465 2
15467 #EA 15460 15466
15468 #EL #BD 3085 15438 15467
15469 #EL #BD 3084 15437 15468
15470 #EL #BI 3077 3794 15469
15471 #EL #BD 3076 21 15470
15472 #EA 15436 15471
15473 #EA 15472 3931
15474 #EA 15362 21
15475 #EA 15474 261
15476 #EA 15365 21
15477 #EA 15475 15476
15478 #EA 15477 263
15479 #EA 15478 7
15480 #EA 2051 15479
15481 #EA 15480 2
15482 #EA 15473 15481
15483 #EA 3792 15482
15484 #EL #BD 3056 15376 15483
15485 #EL #BD 13 15370 15484
15486 #EL #BI 52 2 15485
15487 #EL #BI 3 55 15486
#DEF 3045 15380 15487 15
3086 #NS 1 not_mem_nil
15488 #EA 124 15369
15489 #EP #BI 52 2 15488
15490 #EP #BI 3 55 15489
3087 #NS 3047 _hyg
3088 #NI 3087 15
15491 #EC 3045 4
15492 #EA 15491 7
15493 #EA 15492 5
15494 #EL #BD 3056 15376 110
15495 #EA 15493 15494
15496 #EA 15495 2
15497 #EL #BD 3088 15369 15496
15498 #EL #BI 52 2 15497
15499 #EL #BI 3 55 15498
#DEF 3086 15490 15499 15
3089 #NS 3086 _simp_1
15500 #EA 4242 15369
15501 #EA 15500 110
15502 #EP #BI 52 2 15501
15503 #EP #BI 3 55 15502
15504 #EA 4552 15369
15505 #EC 3086 4
15506 #EA 15505 5
15507 #EA 15506 2
15508 #EA 15504 15507
15509 #EL #BI 52 2 15508
15510 #EL #BI 3 55 15509
#DEF 3089 15503 15510 15
3090 #NS 943 mp
15511 #EP #BD 218 4274 507
15512 #EP #BI 83 108 15511
15513 #EP #BI 52 108 15512
15514 #EJ 943 0 2
15515 #EL #BD 218 4274 15514
15516 #EL #BD 83 108 15515
15517 #EL #BD 52 108 15516
#DEF 3090 15513 15517 
3091 #NS 5 noConfusion
3092 #NS 0 head'
3093 #NS 0 tail'
15518 #EA 26 21
15519 #EA 15518 7
15520 #EA 809 15519
15521 #EA 15520 28
15522 #EA 447 68
15523 #EA 15522 22
15524 #EA 15523 68
15525 #EA 15524 7
15526 #EA 632 22
15527 #EA 15526 631
15528 #EA 15527 7
15529 #EP #BD 157 15528 70
15530 #EP #BD 156 15525 15529
15531 #EP #BD 192 15530 68
15532 #EP #BD 374 15521 15531
15533 #EP #BI 3093 23 15532
15534 #EP #BI 3092 21 15533
15535 #EP #BI 7 8 15534
15536 #EP #BI 6 5 15535
15537 #EP #BI 148 16 15536
15538 #EP #BI 3 0 15537
15539 #EC 816 4
15540 #EA 15539 68
15541 #EC 189 4 1
15542 #EA 15541 68
15543 #EA 15542 70
15544 #EA 845 25
15545 #EA 15544 22
15546 #EA 15543 15545
15547 #EA 15546 70
15548 #EA 846 7
15549 #EA 15547 15548
15550 #EC 81 16
15551 #EA 15550 0
15552 #EA 15551 70
15553 #EA 15549 15552
15554 #EA 872 631
15555 #EA 15554 15545
15556 #EA 15555 15548
15557 #EA 15556 5
15558 #EA 15553 15557
15559 #EA 15558 2
15560 #EA 15540 15559
15561 #EL #BD 192 15530 15560
15562 #EL #BD 374 15521 15561
15563 #EL #BI 3093 23 15562
15564 #EL #BI 3092 21 15563
15565 #EL #BI 7 8 15564
15566 #EL #BI 6 5 15565
15567 #EL #BI 148 16 15566
15568 #EL #BI 3 0 15567
#DEF 3091 15538 15568 15 4
3094 #NS 0 true_or
15569 #EA 8243 1715
15570 #EA 15569 2
15571 #EA 4242 15570
15572 #EA 15571 1715
15573 #EP #BD 270 108 15572
15574 #EA 4301 15570
15575 #EA 8255 1715
15576 #EA 15575 2
15577 #EA 15576 4254
15578 #EA 15574 15577
15579 #EL #BD 270 108 15578
#DEF 3094 15573 15579 
3095 #NS 0 or_true
15580 #EA 14830 1715
15581 #EA 4242 15580
15582 #EA 15581 1715
15583 #EP #BD 270 108 15582
15584 #EA 4301 15580
15585 #EA 8261 2
15586 #EA 15585 1715
15587 #EA 15586 4254
15588 #EA 15584 15587
15589 #EL #BD 270 108 15588
#DEF 3095 15583 15589 
3096 #NS 823 mem_cons
3097 #NS 3096 match_1_1
3098 #NI 1025 1285678181
3099 #NS 3098 _hygCtx
3100 #NS 3099 _hyg
3101 #NI 3100 60
3102 #NI 3072 1285678181
3103 #NS 3102 _hygCtx
3104 #NS 3103 _hyg
3105 #NI 3104 93
3106 #NI 1120 1285678181
3107 #NS 3106 _hygCtx
3108 #NI 3107 69
3109 #NS 3108 Init
3110 #NS 3109 Data
3111 #NS 3110 List
3112 #NS 3111 Lemmas
3113 #NI 3112 1285678181
3114 #NS 3113 _hygCtx
3115 #NS 3114 _hyg
3116 #NI 3115 78
15590 #EA 3880 5
15591 #EA 15590 2
15592 #EA 8243 15591
15593 #EA 15477 7
15594 #EA 15593 5
15595 #EA 15592 15594
15596 #EP #BD 3116 15595 108
15597 #EP #BD 3105 7 15596
15598 #EA 3901 7
15599 #EA 15598 2
15600 #EA 8243 15599
15601 #EA 15362 22
15602 #EA 15601 3794
15603 #EA 15365 22
15604 #EA 15602 15603
15605 #EA 15604 21
15606 #EA 15605 7
15607 #EA 15600 15606
15608 #EA 21 22
15609 #EA 914 68
15610 #EA 15609 22
15611 #EA 15610 22
15612 #EA 8255 15611
15613 #EA 15393 25
15614 #EA 15613 22
15615 #EA 15612 15614
15616 #EA 3956 22
15617 #EA 15615 15616
15618 #EA 15608 15617
15619 #EP #BD 370 1519 15618
15620 #EA 15442 68
15621 #EA 15620 25
15622 #EA 914 283
15623 #EA 15622 68
15624 #EA 15623 5
15625 #EA 8261 15624
15626 #EA 15362 283
15627 #EA 15626 284
15628 #EA 15365 283
15629 #EA 15627 15628
15630 #EA 15629 70
15631 #EA 15630 68
15632 #EA 15625 15631
15633 #EA 15632 2
15634 #EA 215 15633
15635 #EP #BD 119 15621 15634
15636 #EP #BD 83 68 15635
15637 #EP #BD 51 15636 80
15638 #EP #BD 49 15619 15637
15639 #EP #BD 3116 15607 15638
15640 #EP #BD 3105 21 15639
15641 #EP #BD 13 15597 15640
15642 #EP #BI 52 5 15641
15643 #EP #BI 244 57 15642
15644 #EP #BI 3101 55 15643
15645 #EA 914 70
15646 #EA 15645 25
15647 #EA 15646 21
15648 #EA 8369 15647
15649 #EA 15648 15621
15650 #EA 8243 15647
15651 #EA 15650 15621
15652 #EL #BD 22 15651 1043
15653 #EA 15649 15652
15654 #EA 15653 7
3117 #NI 842 1285678181
3118 #NS 3117 _hygCtx
3119 #NS 3118 _hyg
3120 #NI 3119 122
15655 #EA 3793 283
15656 #EA 15655 68
15657 #EA 914 294
15658 #EA 15657 70
15659 #EA 15658 2
15660 #EA 914 335
15661 #EA 15660 68
15662 #EA 15661 5
15663 #EA 914 344
15664 #EA 15663 294
15665 #EA 15664 70
15666 #EA 2009 15665
15667 #EA 15666 21
15668 #EA 15664 7
15669 #EA 15667 15668
15670 #EA 15669 5
15671 #EA 914 675
15672 #EA 15671 335
15673 #EA 15672 283
15674 #EA 8255 15673
15675 #EA 15362 675
15676 #EA 15675 5739
15677 #EA 15365 675
15678 #EA 15676 15677
15679 #EA 15678 344
15680 #EA 15679 335
15681 #EA 15674 15680
15682 #EA 15681 22
15683 #EA 8725 15682
15684 #EP #BD 119 15670 15683
15685 #EP #BD 119 15662 15684
15686 #EL #BD 22 15659 15685
15687 #EL #BD 79 283 15686
15688 #EA 15656 15687
15689 #EA 15688 22
15690 #EA 15689 2
3121 #NI 3119 124
15691 #EA 15622 22
15692 #EA 15691 68
15693 #EA 4629 294
15694 #EA 15693 70
15695 #EA 15660 283
15696 #EA 15695 2
15697 #EA 15664 5
15698 #EA 2009 15697
15699 #EA 15698 2
15700 #EA 15664 294
15701 #EA 15699 15700
15702 #EA 3833 344
15703 #EA 15702 294
15704 #EA 15701 15703
15705 #EA 15672 7
15706 #EA 8255 15705
15707 #EA 15706 15680
15708 #EA 15707 5
15709 #EA 2256 15708
15710 #EP #BD 119 15704 15709
15711 #EP #BD 3120 15696 15710
15712 #EL #BD 3105 294 15711
15713 #EA 15694 15712
15714 #EA 15658 70
3122 #NI 3119 125
15715 #EA 15695 283
15716 #EA 2009 15715
15717 #EA 15716 2
15718 #EA 15717 15715
15719 #EA 3833 335
15720 #EA 15719 283
15721 #EA 15718 15720
15722 #EA 2480 15700
15723 #EA 15722 15703
15724 #EA 294 335
15725 #EA 15672 335
15726 #EA 8255 15725
15727 #EA 15726 15680
15728 #EA 15727 2
15729 #EA 15724 15728
15730 #EL #BD 3120 15700 15729
15731 #EA 15723 15730
15732 #EA 25 1554
15733 #EA 15731 15732
15734 #EA 15733 5
15735 #EA 2535 15700
15736 #EA 15735 5
15737 #EA 15736 15703
15738 #EA 2539 15700
15739 #EA 15738 5
15740 #EA 15739 15703
15741 #EA 15740 2
15742 #EA 15737 15741
15743 #EA 15734 15742
15744 #EL #BD 3122 15721 15743
15745 #EL #BD 3120 15714 15744
15746 #EA 15713 15745
15747 #EA 15746 25
15748 #EA 4695 294
15749 #EA 15748 25
15750 #EA 15749 70
15751 #EA 15750 2
15752 #EA 15747 15751
15753 #EA 15752 5
15754 #EL #BD 3121 15692 15753
15755 #EA 15690 15754
15756 #EA 3833 283
15757 #EA 15756 22
15758 #EA 15755 15757
15759 #EA 15623 22
15760 #EA 2051 15759
15761 #EA 15760 2
15762 #EA 15758 15761
15763 #EL #BD 3120 15647 15762
15764 #EA 15654 15763
3123 #NI 3119 123
15765 #EL #BD 3123 15621 2859
15766 #EA 15764 15765
15767 #EL #BD 51 15636 15766
15768 #EL #BD 49 15619 15767
15769 #EL #BD 3116 15607 15768
15770 #EL #BD 3105 21 15769
15771 #EL #BD 13 15597 15770
15772 #EL #BI 52 5 15771
15773 #EL #BI 244 57 15772
15774 #EL #BI 3101 55 15773
#DEF 3097 15644 15774 15
3124 #NS 1 mem_cons
15775 #EA 15477 926
15776 #EA 15775 2
15777 #EA 4265 15776
15778 #EA 3880 2
15779 #EA 15778 7
15780 #EA 8243 15779
15781 #EA 15477 5
15782 #EA 15781 2
15783 #EA 15780 15782
15784 #EA 15777 15783
15785 #EP #BI 52 7 15784
15786 #EP #BI 244 61 15785
15787 #EP #BI 83 2 15786
15788 #EP #BI 3101 55 15787
15789 #EA 4287 15776
15790 #EA 15789 15783
15791 #EA 15381 22
15792 #EA 15791 5
3125 #NI 3080 1285678181
3126 #NS 3125 _hygCtx
3127 #NS 3126 _hyg
3128 #NI 3127 135
3129 #NI 1034 1285678181
3130 #NS 3129 _hygCtx
3131 #NS 3130 _hyg
3132 #NI 3131 136
15793 #EA 15420 7
15794 #EA 15793 2
15795 #EA 3958 22
15796 #EA 3805 15795
15797 #EA 15796 5
15798 #EA 15442 3810
15799 #EA 15798 22
15800 #EA 2009 15799
15801 #EA 15800 21
15802 #EA 15447 22
15803 #EA 15802 7
15804 #EA 15801 15803
15805 #EA 15804 5
15806 #EA 15622 25
15807 #EA 15806 70
15808 #EA 8243 15807
15809 #EA 15629 68
15810 #EA 15809 25
15811 #EA 15808 15810
15812 #EP #BD 119 15805 15811
15813 #EP #BD 119 15797 15812
15814 #EL #BD 3132 15794 15813
15815 #EL #BD 3128 3794 15814
15816 #EA 15792 15815
15817 #EA 15816 3798
15818 #EA 15817 2
3133 #NI 3061 1285678181
3134 #NS 3133 _hygCtx
3135 #NS 3134 _hyg
3136 #NI 3135 137
3137 #NI 3119 138
15819 #EA 3952 2
15820 #EA 3803 15819
15821 #EC 3091 0 4
15822 #EA 15821 68
15823 #EA 15393 15795
15824 #EA 15823 21
15825 #EA 2009 15824
15826 #EA 15825 7
15827 #EA 15398 21
15828 #EA 3959 5
15829 #EA 15827 15828
15830 #EA 15826 15829
15831 #EA 15424 68
15832 #EA 15831 21
15833 #EA 15832 5
15834 #EA 15830 15833
15835 #EA 15645 22
15836 #EA 15835 68
15837 #EA 8243 15836
15838 #EA 15442 25
15839 #EA 15838 22
15840 #EA 15837 15839
15841 #EP #BD 119 15834 15840
15842 #EA 15822 15841
15843 #EA 15842 25
15844 #EA 15843 22
15845 #EA 15844 21
15846 #EA 15845 5
15847 #EA 15846 2
3138 #NS 156 _@
3139 #NS 3138 Init
3140 #NS 3139 Data
3141 #NS 3140 List
3142 #NS 3141 Lemmas
3143 #NI 3142 1285678181
3144 #NS 3143 _hygCtx
3145 #NS 3144 _hyg
3146 #NI 3145 139
15848 #EC 145 5
15849 #EA 15848 68
15850 #EA 15849 25
15851 #EA 15850 68
15852 #EA 15851 21
15853 #EA 4629 70
15854 #EA 15853 68
15855 #EA 286 70
15856 #EA 15855 68
15857 #EA 15629 15856
15858 #EA 15857 2
15859 #EA 15848 334
15860 #EA 15859 70
15861 #EA 15860 334
15862 #EA 15861 22
15863 #EA 15362 335
15864 #EA 15863 336
15865 #EA 15365 335
15866 #EA 15864 15865
15867 #EA 338 294
15868 #EA 15867 283
15869 #EA 15866 15868
15870 #EA 15869 7
15871 #EA 2009 15870
15872 #EA 15871 5
15873 #EA 15384 335
15874 #EA 15873 7
15875 #EA 3670 25
15876 #EA 15874 15875
15877 #EA 15872 15876
15878 #EA 15424 335
15879 #EA 15878 7
15880 #EA 15879 25
15881 #EA 15877 15880
15882 #EA 15663 21
15883 #EA 15882 335
15884 #EA 8243 15883
15885 #EA 15362 344
15886 #EA 15885 363
15887 #EA 15365 344
15888 #EA 15886 15887
15889 #EA 15888 294
15890 #EA 15889 21
15891 #EA 15884 15890
15892 #EP #BD 119 15881 15891
15893 #EP #BD 157 15862 15892
15894 #EP #BD 119 15858 15893
15895 #EL #BI 52 70 15894
15896 #EA 15854 15895
15897 #EA 15798 68
3147 #NS 157 _@
3148 #NS 3147 Init
3149 #NS 3148 Data
3150 #NS 3149 List
3151 #NS 3150 Lemmas
3152 #NI 3151 1285678181
3153 #NS 3152 _hygCtx
3154 #NS 3153 _hyg
3155 #NI 3154 141
15898 #EA 15848 284
15899 #EA 15898 68
15900 #EA 15899 284
15901 #EA 15900 21
15902 #EA 4629 334
15903 #EA 15902 70
15904 #EA 15869 294
15905 #EA 2009 15904
15906 #EA 15905 7
15907 #EA 15873 294
15908 #EA 15867 2
15909 #EA 15907 15908
15910 #EA 15906 15909
15911 #EA 15878 294
15912 #EA 15911 2
15913 #EA 15910 15912
15914 #EA 15663 335
15915 #EA 15914 335
15916 #EA 8243 15915
15917 #EA 15889 335
15918 #EA 15916 15917
15919 #EP #BD 119 15913 15918
15920 #EL #BD 3136 334 15919
15921 #EA 15903 15920
3156 #NI 3119 143
15922 #EA 15362 294
15923 #EA 15922 334
15924 #EA 15365 294
15925 #EA 15923 15924
15926 #EA 295 283
15927 #EA 15926 70
15928 #EA 15925 15927
15929 #EA 15928 283
15930 #EA 2009 15929
15931 #EA 15930 5
15932 #EA 15384 294
15933 #EA 15932 283
15934 #EA 15933 15927
15935 #EA 15931 15934
15936 #EA 15424 294
15937 #EA 15936 283
15938 #EA 15937 70
15939 #EA 15935 15938
15940 #EA 15660 294
15941 #EA 15940 294
15942 #EA 8243 15941
15943 #EA 15907 283
15944 #EA 15942 15943
15945 #EA 4644 15944
15946 #EA 4653 15944
15947 #EA 15569 15943
15948 #EA 15946 15947
15949 #EA 15948 1715
15950 #EA 4670 15942
15951 #EA 15950 15569
15952 #EA 4673 15941
15953 #EA 15952 1715
15954 #EA 15953 8243
15955 #EA 4677 335
15956 #EA 15955 294
15957 #EA 15954 15956
15958 #EA 15951 15957
15959 #EA 15958 15943
15960 #EA 15949 15959
15961 #EC 3094 
15962 #EA 15961 15943
15963 #EA 15960 15962
15964 #EA 15945 15963
15965 #EL #BD 3156 15939 15964
15966 #EA 15921 15965
15967 #EA 15966 22
15968 #EC 174 5
15969 #EA 15968 334
15970 #EA 15969 70
15971 #EA 15970 22
15972 #EA 15971 2
15973 #EA 15967 15972
15974 #EL #BD 3155 15901 15973
15975 #EL #BD 119 15897 15974
15976 #EA 15896 15975
15977 #EA 15976 22
15978 #EA 15968 70
15979 #EA 15978 68
15980 #EA 15979 22
15981 #EA 15980 2
15982 #EA 15977 15981
15983 #EA 15982 21
15984 #EL #BD 3146 15852 15983
15985 #EA 15847 15984
15986 #EL #BD 3137 15820 15985
15987 #EL #BD 3136 3794 15986
15988 #EA 15818 15987
3157 #NI 3104 145
3158 #NI 3135 146
3159 #NI 3127 147
15989 #EA 15827 2
3160 #NI 3119 148
15990 #EA 3811 73
15991 #EA 15821 283
15992 #EA 15857 25
15993 #EA 2009 15992
15994 #EA 15993 22
15995 #EA 15384 283
15996 #EA 15995 25
15997 #EA 15996 5621
15998 #EA 15994 15997
15999 #EA 15452 283
16000 #EA 15999 25
16001 #EA 16000 21
16002 #EA 16001 7
16003 #EA 16002 5
16004 #EA 15998 16003
16005 #EA 15657 68
16006 #EA 16005 283
16007 #EA 8243 16006
16008 #EA 15925 70
16009 #EA 16008 68
16010 #EA 16007 16009
16011 #EP #BD 119 16004 16010
16012 #EA 15991 16011
16013 #EA 16012 70
16014 #EA 16013 68
16015 #EA 16014 21
16016 #EA 16015 7
16017 #EA 16016 2
3161 #NI 3145 149
16018 #EA 15848 283
16019 #EA 16018 70
16020 #EA 16019 283
16021 #EA 16020 21
16022 #EA 15693 283
16023 #EA 15848 336
16024 #EA 16023 283
16025 #EA 16024 336
16026 #EA 16025 22
16027 #EA 345 335
16028 #EA 16027 294
16029 #EA 15888 16028
16030 #EA 16029 283
16031 #EA 2009 16030
16032 #EA 16031 70
16033 #EA 15384 344
16034 #EA 16033 283
16035 #EA 365 25
16036 #EA 16034 16035
16037 #EA 16032 16036
16038 #EA 15452 344
16039 #EA 16038 283
16040 #EA 16039 5
16041 #EA 16040 25
16042 #EA 16041 22
16043 #EA 16037 16042
16044 #EA 15671 294
16045 #EA 16044 344
16046 #EA 8243 16045
16047 #EA 15678 335
16048 #EA 16047 294
16049 #EA 16046 16048
16050 #EP #BD 119 16043 16049
16051 #EP #BD 157 16026 16050
16052 #EL #BD 3157 294 16051
16053 #EA 16022 16052
3162 #NI 3154 151
16054 #EA 15861 21
16055 #EA 4629 336
16056 #EA 16055 283
16057 #EA 16034 2
16058 #EA 5793 344
16059 #EA 16058 335
16060 #EA 15678 16059
16061 #EA 16060 294
16062 #EA 2009 16061
16063 #EA 16062 283
16064 #EA 15384 675
16065 #EA 16064 294
16066 #EA 16058 5
16067 #EA 16065 16066
16068 #EA 16063 16067
16069 #EA 15452 675
16070 #EA 16069 294
16071 #EA 16070 344
16072 #EA 16071 5
16073 #EA 16072 2
16074 #EA 16068 16073
16075 #EA 914 2404
16076 #EA 16075 335
16077 #EA 16076 675
16078 #EA 8243 16077
16079 #EA 15362 2404
16080 #EA 16079 5741
16081 #EA 15365 2404
16082 #EA 16080 16081
16083 #EA 16082 344
16084 #EA 16083 335
16085 #EA 16078 16084
16086 #EP #BD 119 16074 16085
16087 #EP #BD 3159 16057 16086
16088 #EL #BI 3158 336 16087
16089 #EA 16056 16088
16090 #EA 15873 70
16091 #EA 16090 283
3163 #NI 3119 153
16092 #EA 16034 16028
16093 #EA 16032 16092
16094 #EA 16039 335
16095 #EA 16094 294
16096 #EA 16095 2
16097 #EA 16093 16096
16098 #EA 4644 16049
16099 #EA 4653 16049
16100 #EA 16046 1715
16101 #EA 16099 16100
16102 #EA 16101 1715
16103 #EA 4660 16048
16104 #EA 16103 1715
16105 #EA 16104 16046
16106 #EA 16065 335
16107 #EA 4301 16106
16108 #EA 16107 5
16109 #EA 16105 16108
16110 #EA 16102 16109
16111 #EC 3095 
16112 #EA 16111 16045
16113 #EA 16110 16112
16114 #EA 16098 16113
16115 #EL #BD 3163 16097 16114
16116 #EL #BD 3159 16091 16115
16117 #EA 16089 16116
16118 #EA 16117 22
16119 #EA 15968 336
16120 #EA 16119 283
16121 #EA 16120 22
16122 #EA 16121 2
16123 #EA 16118 16122
16124 #EA 16123 21
16125 #EL #BD 3162 16054 16124
16126 #EA 16053 16125
16127 #EA 16126 22
16128 #EA 15968 294
16129 #EA 16128 283
16130 #EA 16129 22
16131 #EA 16130 2
16132 #EA 16127 16131
16133 #EL #BD 3161 16021 16132
16134 #EA 16017 16133
16135 #EL #BD 3160 15990 16134
16136 #EL #BD 3159 15989 16135
16137 #EL #BI 3158 67 16136
16138 #EL #BD 3157 22 16137
16139 #EA 15988 16138
16140 #EA 3850 3798
16141 #EA 16139 16140
16142 #EA 15604 3798
16143 #EA 16142 5
16144 #EA 2051 16143
16145 #EA 16144 2
16146 #EA 16141 16145
16147 #EL #BD 119 15776 16146
16148 #EA 15790 16147
3164 #NS 3107 _hyg
3165 #NI 3164 69
16149 #EC 3097 4
16150 #EA 16149 22
16151 #EA 16150 7
16152 #EA 16151 5
16153 #EA 3939 7
16154 #EA 16153 2
16155 #EA 8243 16154
16156 #EA 15415 21
16157 #EA 16156 7
16158 #EA 16155 16157
16159 #EA 275 22
16160 #EA 15393 16159
16161 #EA 16160 21
16162 #EL #BD 3116 16158 16161
16163 #EL #BD 3105 22 16162
16164 #EA 16152 16163
16165 #EA 16164 21
16166 #EA 16165 2
16167 #EA 15425 7
16168 #EA 16167 21
16169 #EL #BD 370 1519 16168
16170 #EA 16166 16169
16171 #EA 15452 68
16172 #EA 16171 21
16173 #EA 16172 5
16174 #EA 16173 22
16175 #EA 16174 2
16176 #EL #BD 119 16157 16175
16177 #EL #BD 83 22 16176
16178 #EA 16170 16177
16179 #EL #BD 3165 15783 16178
16180 #EA 16148 16179
16181 #EL #BI 52 7 16180
16182 #EL #BI 244 61 16181
16183 #EL #BI 83 2 16182
16184 #EL #BI 3101 55 16183
#DEF 3124 15788 16184 15
3166 #NS 1515 _simp_1
16185 #EA 4242 7904
16186 #EA 16185 1715
16187 #EP #BD 11 13 16186
16188 #EA 4301 7904
16189 #EA 7911 2
16190 #EA 16188 16189
16191 #EL #BD 11 13 16190
#DEF 3166 16187 16191 
3167 #NS 8 le_max_left
16192 #EA 2303 3619
16193 #EP #BD 83 13 16192
16194 #EP #BD 52 13 16193
16195 #EA 9579 16192
16196 #EA 16195 2304
16197 #EA 16196 9583
3168 #NI 1735 2659063865
3169 #NS 3168 _hygCtx
3170 #NS 3169 _hyg
3171 #NI 3170 18
16198 #EA 2307 8673
16199 #EA 4644 16198
16200 #EA 4653 16198
16201 #EA 16200 7176
16202 #EA 16201 1715
16203 #EA 4931 8673
16204 #EA 16203 5
16205 #EA 16204 2307
16206 #EA 8654 7176
16207 #EA 16206 8682
16208 #EA 16207 5
16209 #EA 16208 7
16210 #EA 4301 7176
16211 #EA 16210 2
16212 #EA 16209 16211
16213 #EA 16205 16212
16214 #EA 16202 16213
16215 #EA 16214 16211
16216 #EA 16199 16215
16217 #EL #BD 3171 2304 16216
16218 #EA 16197 16217
16219 #EA 2307 7
16220 #EA 16200 16219
16221 #EA 16220 1715
16222 #EA 16203 7
16223 #EA 16222 2307
16224 #EA 9676 7176
16225 #EA 16224 8682
16226 #EA 16225 5
16227 #EA 16226 7
16228 #EA 4552 7176
16229 #EA 16228 2
16230 #EA 16227 16229
16231 #EA 16223 16230
16232 #EA 16221 16231
16233 #EC 3166 
16234 #EA 16233 7
16235 #EA 16232 16234
16236 #EA 16199 16235
16237 #EL #BD 3171 9693 16236
16238 #EA 16218 16237
16239 #EL #BD 83 13 16238
16240 #EL #BD 52 13 16239
#DEF 3167 16194 16240 
3172 #NS 8 le_max_right
16241 #EA 7724 3619
16242 #EP #BD 83 13 16241
16243 #EP #BD 52 13 16242
16244 #EA 1886 9574
3173 #NI 1730 2250656924
3174 #NS 3173 _hygCtx
3175 #NS 3174 _hyg
3176 #NI 3175 14
3177 #NI 1735 2250656924
3178 #NS 3177 _hygCtx
3179 #NS 3178 _hyg
3180 #NI 3179 15
16245 #EA 1888 9766
16246 #EA 16245 2
16247 #EL #BD 3180 16246 7176
16248 #EL #BD 3176 13 16247
16249 #EA 16244 16248
16250 #EC 3167 
16251 #EA 16250 2
16252 #EA 16251 5
16253 #EA 16249 16252
16254 #EA 16253 3619
16255 #EA 9781 2
16256 #EA 16255 5
16257 #EA 16254 16256
16258 #EL #BD 83 13 16257
16259 #EL #BD 52 13 16258
#DEF 3172 16243 16259 
3181 #NS 222 in_max0_le
16260 #EC 3037 0 0
16261 #EA 16260 13
16262 #EA 16261 1010
16263 #EC 3041 0
16264 #EA 16263 13
16265 #EA 16262 16264
16266 #EA 16265 5
16267 #EA 16266 2
16268 #EA 11468 7
16269 #EA 2303 16268
16270 #EP #BD 119 16267 16269
16271 #EP #BD 22 13 16270
16272 #EP #BD 224 1010 16271
16273 #EA 16265 2
16274 #EA 16273 7
16275 #EA 2320 15225
16276 #EP #BD 119 16274 16275
16277 #EL #BD 224 1010 16276
16278 #EA 4865 16277
16279 #EA 16265 3981
16280 #EA 16279 5
16281 #EA 11468 3981
16282 #EA 2307 16281
16283 #EA 1995 16282
16284 #EA 16279 7
16285 #EA 4948 16284
16286 #EA 16285 110
16287 #EC 3089 0
16288 #EA 16287 13
16289 #EA 16288 7
16290 #EA 16286 16289
16291 #EA 16290 2
16292 #EA 16283 16291
16293 #EL #BD 119 16280 16292
16294 #EA 16278 16293
16295 #EA 16273 21
16296 #EA 2309 15225
16297 #EP #BD 119 16295 16296
16298 #EA 16265 3987
16299 #EA 16298 22
16300 #EA 11468 4066
16301 #EA 2322 16300
16302 #EA 4886 16301
16303 #EA 11608 16268
16304 #EA 2322 16303
16305 #EA 16302 16304
16306 #EA 4242 16301
16307 #EA 16306 16304
16308 #EA 4063 16307
16309 #EA 4931 16300
16310 #EA 16309 16303
16311 #EL #BD 1057 13 2928
16312 #EA 16310 16311
16313 #EA 15173 21
16314 #EA 16313 7
16315 #EA 16312 16314
16316 #EA 16308 16315
16317 #EA 16305 16316
16318 #EA 7317 21
16319 #EA 8369 16318
16320 #EA 16265 7
16321 #EA 16320 25
16322 #EA 16319 16321
16323 #EA 8243 16318
16324 #EA 16323 16321
16325 #EA 3625 22
16326 #EA 11468 21
16327 #EA 16325 16326
16328 #EA 2927 16327
16329 #EL #BD 22 16324 16328
16330 #EA 16322 16329
16331 #EC 3090 
16332 #EA 16265 4066
16333 #EA 16332 25
16334 #EA 16331 16333
16335 #EA 16334 16324
16336 #EC 3124 0
16337 #EA 16336 13
16338 #EA 16337 21
16339 #EA 16338 7
16340 #EA 16339 25
16341 #EA 16335 16340
16342 #EA 16341 2
16343 #EA 16330 16342
3182 #NI 886 3292495235
3183 #NS 3182 _hygCtx
3184 #NS 3183 _hyg
3185 #NI 3184 60
16344 #EA 3985 2
16345 #EA 16344 22
16346 #EA 16265 16345
16347 #EA 16346 70
16348 #EA 11468 25
16349 #EA 11471 16348
16350 #EA 2378 16349
16351 #EP #BD 119 16347 16350
16352 #EL #BD 52 13 16351
16353 #EA 7032 16352
16354 #EA 4064 21
16355 #EA 16265 16354
16356 #EA 16355 68
16357 #EA 16250 70
16358 #EA 11468 22
16359 #EA 16357 16358
16360 #EL #BD 119 16356 16359
16361 #EA 16353 16360
16362 #EA 16361 22
16363 #EA 16362 2
16364 #EA 16363 5
16365 #EL #BD 3185 16318 16364
16366 #EA 16343 16365
3186 #NS 0 hin
16367 #EA 7754 68
16368 #EA 16367 16326
16369 #EA 16368 16327
16370 #EA 16369 1216
16371 #EC 3172 
16372 #EA 16371 22
16373 #EA 16372 16326
16374 #EA 16370 16373
16375 #EL #BD 3186 16321 16374
16376 #EA 16366 16375
16377 #EA 16317 16376
16378 #EL #BD 119 16299 16377
16379 #EL #BD 514 16297 16378
16380 #EL #BD 224 1010 16379
16381 #EL #BD 52 13 16380
16382 #EA 16294 16381
16383 #EA 16382 7
16384 #EA 16383 2
16385 #EL #BD 119 16267 16384
16386 #EL #BD 22 13 16385
16387 #EL #BD 224 1010 16386
#DEF 3181 16272 16387 
3187 #NS 1 mem_cons_self
16388 #EA 15374 918
16389 #EA 16388 5
16390 #EP #BI 244 61 16389
16391 #EP #BI 52 2 16390
16392 #EP #BI 3 55 16391
16393 #EA 15424 7
16394 #EA 16393 5
16395 #EA 16394 2
16396 #EL #BI 244 61 16395
16397 #EL #BI 52 2 16396
16398 #EL #BI 3 55 16397
#DEF 3187 16392 16398 15
3188 #NS 222 max0_2cons_le
16399 #EA 4065 3987
16400 #EA 11468 16399
16401 #EA 1888 16400
16402 #EA 16401 15169
16403 #EP #BD 119 7176 16402
16404 #EP #BD 224 1010 16403
16405 #EP #BD 2083 13 16404
16406 #EP #BD 2073 13 16405
16407 #EA 4886 16402
16408 #EA 11608 15169
16409 #EA 1888 16408
16410 #EA 16409 15169
16411 #EA 16407 16410
16412 #EA 4242 16402
16413 #EA 16412 16410
16414 #EA 4063 16413
16415 #EA 4931 16400
16416 #EA 16415 16408
16417 #EA 4934 16300
16418 #EL #BD 1057 13 16417
16419 #EA 16416 16418
16420 #EA 16313 3987
16421 #EA 16419 16420
16422 #EA 16414 16421
16423 #EA 16411 16422
16424 #EA 11124 15169
16425 #EA 7754 21
16426 #EA 16425 7
16427 #EA 16426 15169
16428 #EA 16427 2
16429 #EC 3181 
16430 #EA 16429 3987
16431 #EA 16430 7
16432 #EC 3187 0
16433 #EA 16432 13
16434 #EA 16433 7
16435 #EA 16434 5
16436 #EA 16431 16435
16437 #EA 16428 16436
16438 #EA 16424 16437
16439 #EA 16423 16438
16440 #EL #BD 119 7176 16439
16441 #EL #BD 224 1010 16440
16442 #EL #BD 2083 13 16441
16443 #EL #BD 2073 13 16442
#DEF 3188 16406 16443 
3189 #NS 0 Preorder
3190 #NS 3189 lt_iff_le_not_ge
3191 #NS 3190 _autoParam
16444 #ELS 69 6E 74 72 6F 73
16445 #EA 14661 16444
16446 #EA 14654 16445
16447 #EA 14678 16444
16448 #EA 14667 16447
16449 #EA 14665 16448
16450 #EA 14674 14666
16451 #EA 16449 16450
16452 #EA 16446 16451
16453 #EA 14667 16452
16454 #EA 14665 16453
16455 #ELS 3B
16456 #EA 14678 16455
16457 #EA 16454 16456
16458 #EA 14665 16457
16459 #ELS 74 61 63 74 69 63 52 66 6C
16460 #EA 14661 16459
16461 #EA 14654 16460
16462 #ELS 72 66 6C
16463 #EA 14678 16462
16464 #EA 14667 16463
16465 #EA 16461 16464
16466 #EA 16458 16465
16467 #EA 14674 16466
16468 #EA 14667 16467
16469 #EA 14670 16468
16470 #EA 14667 16469
16471 #EA 14664 16470
#DEF 3191 14547 16471 
3192 #NS 3189 mk
3193 #NS 0 toLE
16472 #EC 265 6
16473 #EA 16472 2
3194 #NS 0 toLT
16474 #EC 1320 6
16475 #EA 16474 5
16476 #EC 274 6
16477 #EA 16476 21
16478 #EA 16477 7
16479 #EA 16478 2
16480 #EA 16479 2
16481 #EP #BD 52 7 16480
16482 #EA 16476 68
16483 #EA 16482 25
16484 #EA 16483 7
16485 #EA 16484 5
16486 #EA 16476 70
16487 #EA 16486 68
16488 #EA 16487 7
16489 #EA 16488 5
16490 #EA 16476 283
16491 #EA 16490 70
16492 #EA 16491 22
16493 #EA 16492 7
16494 #EP #BD 79 16489 16493
16495 #EP #BD 79 16485 16494
16496 #EP #BD 280 25 16495
16497 #EP #BD 83 22 16496
16498 #EP #BD 52 21 16497
3195 #NS 0 lt_iff_le_not_ge
16499 #EC 1323 6
16500 #EA 16499 68
16501 #EA 16500 22
16502 #EA 16501 5
16503 #EA 16502 2
16504 #EA 4265 16503
16505 #EA 16483 5
16506 #EA 16505 2
16507 #EA 4361 16506
16508 #EA 16483 2
16509 #EA 16508 5
16510 #EA 124 16509
16511 #EA 16507 16510
16512 #EA 16504 16511
16513 #EP #BD 83 25 16512
16514 #EP #BD 52 22 16513
16515 #EA 14775 16514
16516 #EC 3191 
16517 #EA 16515 16516
16518 #EC 3189 6
16519 #EA 16518 25
16520 #EP #BD 3195 16517 16519
16521 #EP #BD 2102 16498 16520
16522 #EP #BD 2101 16481 16521
16523 #EP #BC 3194 16475 16522
16524 #EP #BC 3193 16473 16523
16525 #EP #BI 3 11937 16524
16526 #EP #BD 3 11937 11937
#IND 1 3189 16526 1 3192 16525 48
3196 #NS 3189 toLE
16527 #EA 16518 2
16528 #EA 16472 5
16529 #EP #BC 218 16527 16528
16530 #EP #BI 3 11937 16529
16531 #EJ 3189 0 2
16532 #EL #BC 218 16527 16531
16533 #EL #BD 3 11937 16532
#DEF 3196 16530 16533 48
3197 #NS 3189 le_refl
16534 #EA 16476 7
16535 #EC 3196 6
16536 #EA 16535 7
16537 #EA 16536 5
16538 #EA 16534 16537
16539 #EA 16538 2
16540 #EA 16539 2
16541 #EP #BD 52 5 16540
16542 #EP #BC 218 16527 16541
16543 #EP #BI 3 11937 16542
16544 #EJ 3189 2 2
16545 #EL #BC 218 16527 16544
16546 #EL #BD 3 11937 16545
#DEF 3197 16543 16546 48
3198 #NS 290 Mathlib
3199 #NS 3198 Order
3200 #NS 3199 Defs
3201 #NS 3200 PartialOrder
3202 #NI 3201 1173711369
3203 #NS 3202 _hygCtx
3204 #NS 3203 _hyg
3205 #NI 3204 3
16547 #EC 3189 4
16548 #EA 16547 2
16549 #EA 1254 7
16550 #EC 3196 4
16551 #EA 16550 7
16552 #EA 16551 5
16553 #EA 16549 16552
16554 #EA 16553 2
16555 #EA 16554 2
16556 #EP #BD 52 5 16555
16557 #EP #BC 3205 16548 16556
16558 #EP #BI 3 55 16557
16559 #EC 3197 4
16560 #EA 16559 5
16561 #EA 16560 2
16562 #EL #BC 3205 16548 16561
16563 #EL #BI 3 55 16562
#DEF 2101 16558 16563 15
3206 #NS 0 instReflLe
3207 #NS 3199 RelClasses
3208 #NI 3207 726492136
3209 #NS 3208 _hygCtx
3210 #NS 3209 _hyg
3211 #NI 3210 14
16564 #EC 3189 1
16565 #EA 16564 2
3212 #NS 2074 Mathlib
3213 #NS 3212 Order
3214 #NS 3213 RelClasses
3215 #NI 3214 726492136
3216 #NS 3215 _hygCtx
3217 #NS 3216 _hyg
3218 #NI 3217 21
3219 #NS 2084 Mathlib
3220 #NS 3219 Order
3221 #NS 3220 RelClasses
3222 #NI 3221 726492136
3223 #NS 3222 _hygCtx
3224 #NS 3223 _hyg
3225 #NI 3224 21
16566 #EC 3196 1
16567 #EA 16566 21
16568 #EA 16567 7
16569 #EA 9032 16568
16570 #EA 16569 5
16571 #EA 16570 2
16572 #EL #BD 3225 7 16571
16573 #EL #BD 3218 5 16572
16574 #EA 11687 16573
16575 #EP #BC 3211 16565 16574
16576 #EP #BI 3 0 16575
16577 #EA 11777 5
16578 #EA 16577 16573
16579 #EC 2101 1
16580 #EA 16579 5
16581 #EA 16580 2
16582 #EA 16578 16581
16583 #EL #BC 3211 16565 16582
16584 #EL #BI 3 0 16583
#DEF 3206 16576 16584 4
3226 #NS 0 PartialOrder
3227 #NS 3226 mk
3228 #NS 0 toPreorder
16585 #EA 16535 21
16586 #EA 16585 7
16587 #EA 16477 16586
16588 #EA 16587 5
16589 #EA 16588 2
16590 #EA 16476 22
16591 #EA 16535 22
16592 #EA 16591 21
16593 #EA 16590 16592
16594 #EA 16593 5
16595 #EA 16594 7
16596 #EC 80 30
16597 #EA 16596 25
16598 #EA 16597 21
16599 #EA 16598 7
16600 #EP #BD 79 16595 16599
16601 #EP #BD 79 16589 16600
16602 #EP #BD 83 7 16601
16603 #EP #BD 52 5 16602
16604 #EC 3226 6
16605 #EA 16604 7
16606 #EP #BD 2133 16603 16605
16607 #EP #BC 3228 16527 16606
16608 #EP #BI 3 11937 16607
#IND 1 3226 16526 1 3227 16608 48
3229 #NS 3226 toPreorder
16609 #EA 16604 2
16610 #EA 16518 5
16611 #EP #BC 218 16609 16610
16612 #EP #BI 3 11937 16611
16613 #EJ 3226 0 2
16614 #EL #BC 218 16609 16613
16615 #EL #BD 3 11937 16614
#DEF 3229 16612 16615 48
3230 #NS 0 Min
3231 #NS 3230 mk
3232 #NS 0 min
16616 #EC 3230 1
16617 #EA 16616 5
16618 #EP #BD 3232 1152 16617
16619 #EP #BI 3 0 16618
#IND 1 3230 12 1 3231 16619 4
3233 #NS 0 Ordering
3234 #NS 3233 lt
16620 #EC 3233 
3235 #NS 3233 eq
3236 #NS 3233 gt
#IND 0 3233 15 3 3234 16620 3235 16620 3236 16620 
3237 #NS 0 Ord
3238 #NS 3237 mk
3239 #NS 0 compare
16621 #EP #BD 79 5 16620
16622 #EP #BD 79 2 16621
16623 #EC 3237 1
16624 #EA 16623 5
16625 #EP #BD 3239 16622 16624
16626 #EP #BI 3 0 16625
#IND 1 3237 12 1 3238 16626 4
3240 #NS 0 DecidableLE
3241 #NI 292 217401435
3242 #NS 3241 _hygCtx
3243 #NS 3242 _hyg
3244 #NI 3243 3
16627 #ES 39
16628 #EP #BC 3244 1187 16627
16629 #EP #BD 3 0 16628
16630 #EC 272 2 2
16631 #EA 16630 5
16632 #EA 16631 5
16633 #EA 9031 5
16634 #EA 16633 2
16635 #EA 16632 16634
16636 #EL #BC 3244 1187 16635
16637 #EL #BD 3 0 16636
#DEF 3240 16629 16637 4
3245 #NS 0 DecidableLT
3246 #NI 292 1048366004
3247 #NS 3246 _hygCtx
3248 #NS 3247 _hyg
3249 #NI 3248 3
16638 #EP #BC 3249 6790 16627
16639 #EP #BD 3 0 16638
16640 #EC 1323 1
16641 #EA 16640 5
16642 #EA 16641 2
16643 #EA 16632 16642
16644 #EL #BC 3249 6790 16643
16645 #EL #BD 3 0 16644
#DEF 3245 16639 16645 4
3250 #NS 3189 toLT
16646 #EP #BC 218 16527 16475
16647 #EP #BI 3 11937 16646
16648 #EJ 3189 1 2
16649 #EL #BC 218 16527 16648
16650 #EL #BD 3 11937 16649
#DEF 3250 16647 16650 48
3251 #NS 3230 min
16651 #EA 16616 2
16652 #EP #BC 218 16651 1159
16653 #EP #BI 3 0 16652
16654 #EJ 3230 0 2
16655 #EL #BC 218 16651 16654
16656 #EL #BD 3 0 16655
#DEF 3251 16653 16656 4
3252 #NS 0 LinearOrder
3253 #NS 3252 min_def
3254 #NS 3253 _autoParam
#DEF 3254 14547 16471 
3255 #NS 3252 max_def
3256 #NS 3255 _autoParam
#DEF 3256 14547 16471 
3257 #NS 3237 compare
16657 #EA 16623 2
16658 #EP #BD 79 7 16620
16659 #EP #BD 79 5 16658
16660 #EP #BC 218 16657 16659
16661 #EP #BI 3 0 16660
16662 #EJ 3237 0 2
16663 #EL #BC 218 16657 16662
16664 #EL #BD 3 0 16663
#DEF 3257 16661 16664 4
3258 #NS 0 compareOfLessAndEq
3259 #NS 2065 Ord
3260 #NS 3259 Basic
3261 #NI 3260 466360442
3262 #NS 3261 _hygCtx
3263 #NS 3262 _hyg
3264 #NI 3263 5
16665 #EC 1320 4
16666 #EA 16665 7
3265 #NI 3263 8
16667 #EC 1323 4
16668 #EA 16667 21
16669 #EA 16668 2
16670 #EA 16669 7
16671 #EA 16670 5
16672 #EA 1170 16671
3266 #NI 3263 17
16673 #EC 348 5
16674 #EA 16673 22
16675 #EP #BC 3266 16674 16620
16676 #EP #BC 3265 16672 16675
16677 #EP #BC 3264 16666 16676
16678 #EP #BD 298 5 16677
16679 #EP #BD 22 2 16678
16680 #EP #BI 3 55 16679
16681 #EA 8061 16620
16682 #EA 16667 25
16683 #EA 16682 7
16684 #EA 16683 22
16685 #EA 16684 21
16686 #EA 16681 16685
16687 #EA 16686 5
16688 #EC 3234 
16689 #EA 16687 16688
16690 #EA 3939 22
16691 #EA 16690 21
16692 #EA 16681 16691
16693 #EA 593 21
16694 #EA 16692 16693
16695 #EC 3235 
16696 #EA 16694 16695
16697 #EC 3236 
16698 #EA 16696 16697
16699 #EA 16689 16698
16700 #EL #BC 3266 16674 16699
16701 #EL #BC 3265 16672 16700
16702 #EL #BC 3264 16666 16701
16703 #EL #BD 298 5 16702
16704 #EL #BD 22 2 16703
16705 #EL #BI 3 55 16704
#DEF 3258 16680 16705 15
3267 #NS 3252 compare_eq_compareOfLessAndEq
3268 #NS 3267 _autoParam
16706 #ELS 74 61 63 74 69 63 43 6F 6D 70 61 72 65 4F 66 4C 65 73 73 41 6E 64 45 71 5F 72 66 6C
16707 #EA 14671 16706
16708 #EA 14654 16707
16709 #ELS 63 6F 6D 70 61 72 65 4F 66 4C 65 73 73 41 6E 64 45 71 5F 72 66 6C
16710 #EA 14678 16709
16711 #EA 14667 16710
16712 #EA 16708 16711
16713 #EA 14667 16712
16714 #EA 14674 16713
16715 #EA 14667 16714
16716 #EA 14670 16715
16717 #EA 14667 16716
16718 #EA 14664 16717
#DEF 3268 14547 16718 
3269 #NS 3252 mk
3270 #NS 0 toPartialOrder
3271 #NS 0 toMin
16719 #EC 3230 6
16720 #EA 16719 5
3272 #NS 0 toMax
16721 #EC 261 6
16722 #EA 16721 7
3273 #NS 0 toOrd
16723 #EC 3237 6
16724 #EA 16723 21
16725 #EA 16535 68
16726 #EC 3229 6
16727 #EA 16726 68
16728 #EA 16727 25
16729 #EA 16725 16728
16730 #EA 16482 16729
16731 #EA 16730 5
16732 #EA 16731 2
16733 #EA 8243 16732
16734 #EA 16730 2
16735 #EA 16734 5
16736 #EA 16733 16735
16737 #EP #BD 83 25 16736
16738 #EP #BD 52 22 16737
3274 #NS 0 toDecidableLE
16739 #EC 3240 6
16740 #EA 16739 25
16741 #EA 16535 25
16742 #EA 16726 25
16743 #EA 16742 22
16744 #EA 16741 16743
16745 #EA 16740 16744
3275 #NS 0 toDecidableEq
16746 #EC 348 30
16747 #EA 16746 68
3276 #NS 0 toDecidableLT
16748 #EC 3245 6
16749 #EA 16748 70
16750 #EC 3250 6
16751 #EA 16750 70
16752 #EA 16726 70
16753 #EA 16752 68
16754 #EA 16751 16753
16755 #EA 16749 16754
3277 #NS 0 min_def
16756 #EA 16596 335
16757 #EC 3251 6
16758 #EA 16757 335
16759 #EA 16758 283
16760 #EA 16759 5
16761 #EA 16760 2
16762 #EA 16756 16761
16763 #EC 279 30
16764 #EA 16763 335
16765 #EA 16476 335
16766 #EA 16535 335
16767 #EA 16726 335
16768 #EA 16767 294
16769 #EA 16766 16768
16770 #EA 16765 16769
16771 #EA 16770 5
16772 #EA 16771 2
16773 #EA 16764 16772
16774 #EA 16773 2311
16775 #EA 16774 5
16776 #EA 16775 2
16777 #EA 16762 16776
16778 #EP #BD 83 294 16777
16779 #EP #BD 52 283 16778
16780 #EA 14775 16779
16781 #EC 3254 
16782 #EA 16780 16781
3278 #NS 0 max_def
16783 #EA 16596 344
16784 #EC 264 6
16785 #EA 16784 344
16786 #EA 16785 283
16787 #EA 16786 5
16788 #EA 16787 2
16789 #EA 16783 16788
16790 #EA 16763 344
16791 #EA 16476 344
16792 #EA 16535 344
16793 #EA 16726 344
16794 #EA 16793 335
16795 #EA 16792 16794
16796 #EA 16791 16795
16797 #EA 16796 5
16798 #EA 16797 2
16799 #EA 16790 16798
16800 #EA 16799 2324
16801 #EA 16800 2
16802 #EA 16801 5
16803 #EA 16789 16802
16804 #EP #BD 83 335 16803
16805 #EP #BD 52 294 16804
16806 #EA 14775 16805
16807 #EC 3256 
16808 #EA 16806 16807
3279 #NS 0 compare_eq_compareOfLessAndEq
16809 #EA 1593 16620
16810 #EC 3257 6
16811 #EA 16810 675
16812 #EA 16811 283
16813 #EA 16812 5
16814 #EA 16813 2
16815 #EA 16809 16814
16816 #EC 3258 6
16817 #EA 16816 675
16818 #EA 16817 5
16819 #EA 16818 2
16820 #EA 16750 675
16821 #EA 16726 675
16822 #EA 16821 344
16823 #EA 16820 16822
16824 #EA 16819 16823
16825 #EA 16824 2311
16826 #EA 16825 25
16827 #EA 16815 16826
16828 #EP #BD 83 344 16827
16829 #EP #BD 52 335 16828
16830 #EA 14775 16829
16831 #EC 3268 
16832 #EA 16830 16831
16833 #EC 3252 6
16834 #EA 16833 344
16835 #EP #BD 3279 16832 16834
16836 #EP #BD 3278 16808 16835
16837 #EP #BD 3277 16782 16836
16838 #EP #BD 3276 16755 16837
16839 #EP #BD 3275 16747 16838
16840 #EP #BD 3274 16745 16839
16841 #EP #BD 2125 16738 16840
16842 #EP #BC 3273 16724 16841
16843 #EP #BC 3272 16722 16842
16844 #EP #BC 3271 16720 16843
16845 #EP #BC 3270 16609 16844
16846 #EP #BI 3 11937 16845
#IND 1 3252 16526 1 3269 16846 48
3280 #NS 3252 toPartialOrder
16847 #EA 16833 2
16848 #EA 16604 5
16849 #EP #BC 218 16847 16848
16850 #EP #BI 3 11937 16849
16851 #EJ 3252 0 2
16852 #EL #BC 218 16847 16851
16853 #EL #BD 3 11937 16852
#DEF 3280 16850 16853 48
3281 #NS 0 GT
3282 #NS 3281 gt
3283 #NI 292 96198867
3284 #NS 3283 _hygCtx
3285 #NS 3284 _hyg
3286 #NI 3285 3
16854 #EA 16640 21
16855 #EA 16854 7
16856 #EA 16855 2
16857 #EA 16856 5
16858 #EL #BD 83 7 16857
16859 #EL #BD 52 5 16858
16860 #EL #BC 3286 6790 16859
16861 #EL #BI 3 0 16860
#DEF 3282 6792 16861 4
3287 #NS 1632 not_le_of_gt
3288 #NS 3287 match_1_1
#DEF 3288 9075 9092 
3289 #NS 8 lt_trans
16862 #EP #BD 136 8858 8861
16863 #EP #BI 192 13 16862
16864 #EP #BI 161 13 16863
16865 #EP #BI 11 13 16864
16866 #EA 7754 1984
16867 #EA 16866 1944
16868 #EA 16867 5
16869 #EA 9457 1984
16870 #EA 16869 7
16871 #EA 16870 2
16872 #EA 16868 16871
16873 #EL #BD 136 8858 16872
16874 #EL #BI 192 13 16873
16875 #EL #BI 161 13 16874
16876 #EL #BI 11 13 16875
#DEF 3289 16865 16876 
3290 #NS 8 not_le_of_gt
16877 #EC 3282 0
16878 #EA 16877 13
16879 #EA 16878 7832
16880 #EA 16879 5
16881 #EA 16880 2
16882 #EA 124 7176
16883 #EP #BD 119 16881 16882
16884 #EP #BI 161 13 16883
16885 #EP #BI 11 13 16884
16886 #EC 3288 
16887 #EA 16886 21
16888 #EA 16887 7
3291 #NI 1501 792224983
3292 #NS 3291 _hygCtx
3293 #NS 3292 _hyg
3294 #NI 3293 29
16889 #EA 8243 9052
16890 #EA 9043 21
16891 #EA 16890 7
16892 #EA 16889 16891
16893 #EL #BD 3294 16892 110
16894 #EA 16888 16893
16895 #EA 9552 21
16896 #EA 16895 7
16897 #EA 16894 16896
16898 #EC 3289 
16899 #EA 16898 21
16900 #EA 16899 22
16901 #EA 16900 21
16902 #EA 16901 7
16903 #EA 16902 2
16904 #EA 7854 16903
16905 #EA 16904 7882
16906 #EL #BD 137 9052 16905
16907 #EA 16897 16906
3295 #NS 0 Heq
16908 #EA 9659 22
16909 #EA 16908 21
16910 #EA 16909 5
16911 #EA 16910 2
16912 #EA 8859 22
16913 #EA 3562 16912
16914 #EA 16913 110
16915 #EC 193 3
16916 #EA 16915 13
16917 #EA 16916 8859
16918 #EA 16917 25
16919 #EA 16918 22
16920 #EA 16919 2
16921 #EA 16920 21
16922 #EA 16914 16921
16923 #EA 7881 22
16924 #EA 16922 16923
16925 #EZ 3295 9240 16911 16924
16926 #EL #BD 137 16891 16925
16927 #EA 16907 16926
16928 #EL #BD 136 7176 16927
16929 #EL #BD 119 16881 16928
16930 #EL #BI 161 13 16929
16931 #EL #BI 11 13 16930
#DEF 3290 16885 16931 
3296 #NS 1632 lt_iff_le_and_not_ge
3297 #NS 3296 match_1_1
3298 #NI 1501 3430805752
3299 #NS 3298 _hygCtx
3300 #NI 3299 41
3301 #NS 3300 Init
3302 #NS 3301 Data
3303 #NS 3302 Nat
3304 #NS 3303 Basic
3305 #NI 3304 3430805752
3306 #NS 3305 _hygCtx
3307 #NS 3306 _hyg
3308 #NI 3307 48
16932 #EA 4361 2304
16933 #EA 124 9541
16934 #EA 16932 16933
16935 #EP #BD 3308 16934 108
16936 #EA 4361 7176
16937 #EA 16936 9667
3309 #NS 2467 Data
3310 #NS 3309 Nat
3311 #NS 3310 Basic
3312 #NI 3311 3430805752
3313 #NS 3312 _hygCtx
3314 #NS 3313 _hyg
3315 #NI 3314 57
16938 #EA 124 9730
16939 #EA 4450 7165
16940 #EA 124 12915
16941 #EA 16939 16940
16942 #EA 16941 5
16943 #EA 16942 2
16944 #EA 21 16943
16945 #EP #BD 119 16938 16944
16946 #EP #BD 3315 7180 16945
16947 #EP #BD 49 16946 96
16948 #EP #BD 3308 16937 16947
16949 #EP #BD 13 16935 16948
16950 #EP #BI 11 13 16949
16951 #EP #BI 161 13 16950
16952 #EA 12927 7195
16953 #EA 16952 16938
16954 #EA 4361 7195
16955 #EA 16954 16938
16956 #EL #BD 22 16955 184
16957 #EA 16953 16956
16958 #EA 16957 5
3316 #NI 3314 61
3317 #NS 2474 Data
3318 #NS 3317 Nat
3319 #NS 3318 Basic
3320 #NI 3319 3430805752
3321 #NS 3320 _hygCtx
3322 #NS 3321 _hyg
3323 #NI 3322 62
16959 #EL #BD 3323 16940 97
16960 #EL #BD 3316 7195 16959
16961 #EA 16958 16960
16962 #EL #BD 49 16946 16961
16963 #EL #BD 3308 16937 16962
16964 #EL #BD 13 16935 16963
16965 #EL #BI 11 13 16964
16966 #EL #BI 161 13 16965
#DEF 3297 16951 16966 
3324 #NS 8 gt_of_not_le
16967 #EA 16879 7
16968 #EA 16967 5
16969 #EP #BD 119 9693 16968
16970 #EP #BI 161 13 16969
16971 #EP #BI 11 13 16970
#DEF 3324 16971 13630 
3325 #NS 8 lt_of_not_ge
16972 #EA 9043 2
16973 #EA 16972 5
16974 #EA 124 16973
16975 #EP #BD 79 16974 9109
16976 #EP #BI 83 13 16975
16977 #EP #BI 52 13 16976
3326 #NS 826 Nat
3327 #NS 3326 Basic
3328 #NI 3327 4066266414
3329 #NS 3328 _hygCtx
3330 #NS 3329 _hyg
3331 #NI 3330 23
3332 #NS 3070 Nat
3333 #NS 3332 Basic
3334 #NI 3333 4066266414
3335 #NS 3334 _hygCtx
3336 #NS 3335 _hyg
3337 #NI 3336 24
16978 #EC 3324 
16979 #EA 16978 5
16980 #EA 16979 2
16981 #EL #BI 3337 13 16980
16982 #EL #BI 3331 13 16981
#DEF 3325 16977 16982 
3338 #NS 8 lt_iff_le_and_not_ge
16983 #EA 4265 7842
16984 #EA 16983 16934
16985 #EP #BI 11 13 16984
16986 #EP #BI 161 13 16985
16987 #EA 4287 7842
16988 #EA 16987 16934
16989 #EA 4450 7176
16990 #EA 16989 9667
16991 #EA 16990 9561
16992 #EC 3290 
16993 #EA 16992 5
16994 #EA 16993 7
16995 #EA 16994 2
16996 #EA 16991 16995
16997 #EL #BD 119 7842 16996
16998 #EA 16988 16997
3339 #NS 3299 _hyg
3340 #NI 3339 41
16999 #EC 3297 
17000 #EA 16999 7
17001 #EA 17000 5
17002 #EL #BD 3308 16937 9052
17003 #EA 17001 17002
17004 #EA 17003 2
17005 #EA 124 9619
17006 #EC 3325 
17007 #EA 17006 21
17008 #EA 17007 22
17009 #EA 17008 2
17010 #EL #BD 119 17005 17009
17011 #EL #BD 3315 7176 17010
17012 #EA 17004 17011
17013 #EL #BD 3340 16934 17012
17014 #EA 16998 17013
17015 #EL #BI 11 13 17014
17016 #EL #BI 161 13 17015
#DEF 3338 16986 17016 
3341 #NS 0 minOfLe
3342 #NI 292 636837753
3343 #NS 3342 _hygCtx
3344 #NS 3343 _hyg
3345 #NI 3344 5
3346 #NI 3344 8
17017 #EC 3230 4
17018 #EA 17017 7
17019 #EP #BC 3346 1257 17018
17020 #EP #BC 3345 1250 17019
17021 #EP #BI 3 55 17020
17022 #EC 3231 4
17023 #EA 17022 7
17024 #EA 1272 5
17025 #EA 17024 2
17026 #EL #BD 298 21 17025
17027 #EL #BD 22 7 17026
17028 #EA 17023 17027
17029 #EL #BC 3346 1257 17028
17030 #EL #BC 3345 1250 17029
17031 #EL #BI 3 55 17030
#DEF 3341 17021 17031 15
3347 #NS 0 instMinNat
17032 #EC 3230 0
17033 #EA 17032 13
17034 #EC 3341 0
17035 #EA 17034 13
17036 #EA 17035 2081
17037 #EA 17036 3611
#DEF 3347 17033 17037 
3348 #NS 0 instOrdNat
17038 #EC 3237 0
17039 #EA 17038 13
17040 #EC 3238 0
17041 #EA 17040 13
17042 #EC 3258 0
17043 #EA 17042 13
17044 #EA 17043 5
17045 #EA 17044 2
17046 #EA 17045 7832
17047 #EA 13334 5
17048 #EA 17047 2
17049 #EA 17046 17048
17050 #EA 17049 11004
17051 #EL #BD 298 13 17050
17052 #EL #BD 22 13 17051
17053 #EA 17041 17052
#DEF 3348 17039 17053 
3349 #NS 8 instLinearOrder
3350 #NS 3349 _proof_1
17054 #EC 3251 0
17055 #EA 17054 13
17056 #EC 3347 
17057 #EA 17055 17056
17058 #EA 17057 5
17059 #EA 17058 2
17060 #EA 1888 17059
17061 #EA 9580 1286
17062 #EC 2959 3
17063 #EC 3240 0
17064 #EA 17063 13
17065 #EA 17064 1300
17066 #EA 17062 17065
17067 #EA 17066 3611
17068 #EA 17067 5
17069 #EA 17068 2
17070 #EA 17061 17069
17071 #EA 17070 5
17072 #EA 17071 2
17073 #EA 17060 17072
17074 #EP #BD 83 13 17073
17075 #EP #BD 52 13 17074
3351 #NS 76 Mathlib
3352 #NS 3351 Data
3353 #NS 3352 Nat
3354 #NS 3353 Basic
3355 #NI 3354 2598433826
3356 #NS 3355 _hygCtx
3357 #NS 3356 _hyg
3358 #NI 3357 53
3359 #NS 363 Mathlib
3360 #NS 3359 Data
3361 #NS 3360 Nat
3362 #NS 3361 Basic
3363 #NI 3362 2598433826
3364 #NS 3363 _hygCtx
3365 #NS 3364 _hyg
3366 #NI 3365 54
17076 #EA 2759 17059
17077 #EL #BD 3366 13 17076
17078 #EL #BD 3358 13 17077
#DEF 3350 17075 17078 
3367 #NS 3349 _proof_2
17079 #EA 17070 2
17080 #EA 17079 5
17081 #EA 9572 17080
17082 #EP #BD 83 13 17081
17083 #EP #BD 52 13 17082
3368 #NI 3357 64
3369 #NI 3365 65
17084 #EA 2759 3619
17085 #EL #BD 3369 13 17084
17086 #EL #BD 3368 13 17085
#DEF 3367 17083 17086 
3370 #NS 3349 _proof_3
17087 #EC 3257 0
17088 #EA 17087 13
17089 #EC 3348 
17090 #EA 17088 17089
17091 #EA 17090 5
17092 #EA 17091 2
17093 #EA 16809 17092
17094 #EA 17045 6805
17095 #EC 3245 0
17096 #EA 17095 13
17097 #EA 17096 6805
17098 #EA 17062 17097
17099 #EA 17098 13334
17100 #EA 17099 5
17101 #EA 17100 2
17102 #EA 17094 17101
17103 #EA 17062 10312
17104 #EA 17103 11004
17105 #EA 17102 17104
17106 #EA 17093 17105
17107 #EP #BD 83 13 17106
17108 #EP #BD 52 13 17107
3371 #NI 3357 74
3372 #NI 3365 74
17109 #EA 2033 16620
17110 #EA 17109 17092
17111 #EL #BD 3372 13 17110
17112 #EL #BD 3371 13 17111
#DEF 3370 17108 17112 
17113 #EC 3252 0
17114 #EA 17113 13
17115 #EC 3269 0
17116 #EA 17115 13
17117 #EC 3227 0
17118 #EA 17117 13
17119 #EC 3192 0
17120 #EA 17119 13
17121 #EA 17120 1300
17122 #EA 17121 6805
17123 #EA 17122 7911
17124 #EA 17123 7754
17125 #EC 3338 
17126 #EA 17124 17125
17127 #EA 17118 17126
17128 #EA 17127 9659
17129 #EA 17116 17128
17130 #EA 17129 17056
17131 #EA 17130 3616
17132 #EA 17131 17089
17133 #EA 17132 9734
17134 #EA 17133 17067
17135 #EA 17134 17104
17136 #EA 17135 17099
17137 #EC 3350 
17138 #EA 17136 17137
17139 #EC 3367 
17140 #EA 17138 17139
17141 #EC 3370 
17142 #EA 17140 17141
#DEF 3349 17114 17142 
3373 #NS 8 instPreorder
17143 #EC 3189 0
17144 #EA 17143 13
17145 #EA 17062 17144
17146 #EC 3229 0
17147 #EA 17146 13
17148 #EC 3280 0
17149 #EA 17148 13
17150 #EC 3349 
17151 #EA 17149 17150
17152 #EA 17147 17151
17153 #EA 17145 17152
#DEF 3373 17144 17153 
3374 #NS 222 last_of_seq_le_max_of_seq
17154 #EA 2082 4908
17155 #EA 17154 11472
17156 #EP #BD 224 1010 17155
3375 #NI 879 788254508
3376 #NS 3375 _hygCtx
3377 #NS 3376 _hyg
3378 #NI 3377 16
17157 #EA 4010 2
17158 #EA 2082 4870
17159 #EA 17158 16268
17160 #EP #BD 119 17157 17159
17161 #EL #BD 3378 1010 17160
17162 #EA 3996 17161
17163 #EA 17162 2
3379 #NI 886 788254508
3380 #NS 3379 _hygCtx
3381 #NS 3380 _hyg
3382 #NI 3381 17
17164 #EA 3997 2
17165 #EA 17164 3981
17166 #EL #BD 224 1010 17155
17167 #EA 4013 17166
17168 #EA 4644 10494
17169 #EC 3206 0
17170 #EA 17169 13
17171 #EC 3373 
17172 #EA 17170 17171
17173 #EA 15128 17172
17174 #EA 17173 1021
17175 #EA 17168 17174
17176 #EA 17167 17175
17177 #EA 17176 5
17178 #EA 4040 5
17179 #EA 17178 3981
17180 #EA 17179 2
17181 #EA 17177 17180
17182 #EL #BD 3382 17165 17181
17183 #EA 17163 17182
3383 #NI 3381 21
17184 #EA 3998 4050
17185 #EA 4052 17166
17186 #EA 16344 5
17187 #EA 3983 17186
17188 #EA 2082 17187
17189 #EA 11468 17186
17190 #EA 17188 17189
17191 #EP #BD 22 13 17190
17192 #EL #BD 224 1010 17191
17193 #EA 4865 17192
17194 #EA 16344 3981
17195 #EA 11468 17194
17196 #EA 7724 17195
17197 #EA 4644 17196
17198 #EA 4653 17196
17199 #EA 17198 7904
17200 #EA 17199 1715
17201 #EA 4931 17195
17202 #EA 17201 2
17203 #EA 17202 7724
17204 #EA 9775 1021
17205 #EA 17204 2
17206 #EA 17205 11538
17207 #EA 17203 17206
17208 #EA 17200 17207
17209 #EA 17173 2
17210 #EA 17208 17209
17211 #EA 17197 17210
17212 #EL #BD 22 13 17211
17213 #EA 17193 17212
17214 #EA 16344 4066
17215 #EA 3983 17214
17216 #EA 2082 17215
17217 #EA 11468 17214
17218 #EA 17216 17217
17219 #EA 4886 17218
17220 #EA 2082 4070
17221 #EA 17220 17217
17222 #EA 17219 17221
17223 #EA 4242 17218
17224 #EA 17223 17221
17225 #EA 4063 17224
17226 #EA 4931 17215
17227 #EA 17226 4070
17228 #EA 4049 4001
17229 #EA 11468 17228
17230 #EA 7724 17229
17231 #EL #BD 1057 13 17230
17232 #EA 17227 17231
17233 #EA 4938 2
17234 #EA 17233 4066
17235 #EA 17234 4080
17236 #EA 17232 17235
17237 #EA 17225 17236
17238 #EA 17222 17237
17239 #EA 4886 17221
17240 #EA 11518 16300
17241 #EA 17220 17240
17242 #EA 17239 17241
17243 #EA 4242 17221
17244 #EA 17243 17241
17245 #EA 4063 17244
17246 #EA 4931 17217
17247 #EA 17246 17240
17248 #EA 2082 4002
17249 #EA 17248 2
17250 #EL #BD 1057 13 17249
17251 #EA 17247 17250
17252 #EA 15173 2
17253 #EA 17252 4066
17254 #EA 17251 17253
17255 #EA 17245 17254
17256 #EA 17242 17255
17257 #EA 7754 4070
17258 #EA 17257 16300
17259 #EA 17258 17240
17260 #EA 17259 1047
17261 #EA 16371 2
17262 #EA 17261 16300
17263 #EA 17260 17262
17264 #EA 17256 17263
17265 #EA 17238 17264
17266 #EL #BD 22 13 17265
17267 #EL #BD 514 17191 17266
17268 #EL #BD 891 1010 17267
17269 #EL #BD 298 13 17268
17270 #EA 17213 17269
17271 #EA 17270 5
17272 #EA 17271 7
17273 #EA 17185 17272
17274 #EA 17273 21
17275 #EA 4040 21
17276 #EA 17275 3987
17277 #EA 17276 2
17278 #EA 17274 17277
17279 #EL #BD 3383 17184 17278
17280 #EL #BD 224 1010 17279
17281 #EL #BD 22 13 17280
17282 #EA 17183 17281
17283 #EA 4033 2
17284 #EA 17282 17283
17285 #EL #BD 224 1010 17284
#DEF 3374 17156 17285 
3384 #NS 0 gt_iff_lt
3385 #NI 1541 3961863493
3386 #NS 3385 _hygCtx
3387 #NS 3386 _hyg
3388 #NI 3387 9
17286 #EA 16665 2
17287 #EC 3282 4
17288 #EA 17287 21
17289 #EA 17288 7
17290 #EA 17289 5
17291 #EA 17290 2
17292 #EA 4265 17291
17293 #EA 16668 7
17294 #EA 17293 2
17295 #EA 17294 5
17296 #EA 17292 17295
17297 #EP #BI 298 7 17296
17298 #EP #BI 22 5 17297
17299 #EP #BC 3388 17286 17298
17300 #EP #BI 3 55 17299
17301 #EA 4474 17291
17302 #EL #BI 298 7 17301
17303 #EL #BI 22 5 17302
17304 #EL #BC 3388 17286 17303
17305 #EL #BI 3 55 17304
#DEF 3384 17300 17305 15
3389 #NS 3384 _simp_1
17306 #EA 4242 17291
17307 #EA 17306 17295
17308 #EP #BI 298 7 17307
17309 #EP #BI 22 5 17308
17310 #EP #BC 3388 17286 17309
17311 #EP #BI 3 55 17310
17312 #EA 4284 17291
17313 #EA 17312 17295
17314 #EC 3384 4
17315 #EA 17314 21
17316 #EA 17315 7
17317 #EA 17316 5
17318 #EA 17317 2
17319 #EA 17313 17318
17320 #EL #BI 298 7 17319
17321 #EL #BI 22 5 17320
17322 #EL #BC 3388 17286 17321
17323 #EL #BI 3 55 17322
#DEF 3389 17311 17323 15
17324 #EA 16499 21
17325 #EA 16750 21
17326 #EA 17325 7
17327 #EA 17324 17326
17328 #EA 17327 5
17329 #EA 17328 2
17330 #EA 4265 17329
17331 #EA 4361 16589
17332 #EA 16587 2
17333 #EA 17332 5
17334 #EA 124 17333
17335 #EA 17331 17334
17336 #EA 17330 17335
17337 #EP #BD 83 7 17336
17338 #EP #BD 52 5 17337
17339 #EP #BC 218 16527 17338
17340 #EP #BI 3 11937 17339
17341 #EJ 3189 4 2
17342 #EL #BC 218 16527 17341
17343 #EL #BD 3 11937 17342
#DEF 3190 17340 17343 48
3390 #NI 3201 1129205232
3391 #NS 3390 _hygCtx
3392 #NS 3391 _hyg
3393 #NI 3392 3
17344 #EC 3250 4
17345 #EA 17344 21
17346 #EA 17345 7
17347 #EA 16668 17346
17348 #EA 17347 5
17349 #EA 17348 2
17350 #EA 4265 17349
17351 #EA 1254 21
17352 #EA 16550 21
17353 #EA 17352 7
17354 #EA 17351 17353
17355 #EA 17354 5
17356 #EA 17355 2
17357 #EA 4361 17356
17358 #EA 17354 2
17359 #EA 17358 5
17360 #EA 124 17359
17361 #EA 17357 17360
17362 #EA 17350 17361
17363 #EP #BI 83 7 17362
17364 #EP #BI 52 5 17363
17365 #EP #BC 3393 16548 17364
17366 #EP #BI 3 55 17365
17367 #EC 3190 4
17368 #EA 17367 21
17369 #EA 17368 7
17370 #EA 17369 5
17371 #EA 17370 2
17372 #EL #BI 83 7 17371
17373 #EL #BI 52 5 17372
17374 #EL #BC 3393 16548 17373
17375 #EL #BI 3 55 17374
#DEF 3195 17366 17375 15
3394 #NS 0 not_le_of_gt
3395 #NI 3201 792224983
3396 #NS 3395 _hygCtx
3397 #NS 3396 _hyg
3398 #NI 3397 3
3399 #NS 0 hab
17376 #EA 16550 22
17377 #EA 17376 21
17378 #EA 1267 17377
17379 #EA 17378 5
17380 #EA 17379 7
17381 #EA 124 17380
17382 #EP #BD 3399 17349 17381
17383 #EP #BI 83 7 17382
17384 #EP #BI 52 5 17383
17385 #EP #BC 3398 16548 17384
17386 #EP #BI 3 55 17385
17387 #EA 17378 7
17388 #EA 17387 5
17389 #EA 4444 17388
17390 #EA 17389 17381
17391 #EA 16667 22
17392 #EA 17344 22
17393 #EA 17392 21
17394 #EA 17391 17393
17395 #EA 17394 7
17396 #EA 17395 5
17397 #EA 16331 17396
17398 #EA 4361 17388
17399 #EA 17398 17381
17400 #EA 17397 17399
17401 #EC 3195 4
17402 #EA 17401 22
17403 #EA 17402 21
17404 #EA 17403 7
17405 #EA 17404 5
17406 #EA 17400 17405
17407 #EA 17406 2
17408 #EA 17390 17407
17409 #EL #BD 3399 17349 17408
17410 #EL #BI 83 7 17409
17411 #EL #BI 52 5 17410
17412 #EL #BC 3398 16548 17411
17413 #EL #BI 3 55 17412
#DEF 3394 17386 17413 15
3400 #NS 0 le_rfl
3401 #NI 3201 1976714463
3402 #NS 3401 _hygCtx
3403 #NS 3402 _hyg
3404 #NI 3403 3
17414 #EC 2101 4
17415 #EA 17414 7
17416 #EA 17415 5
17417 #EA 17416 2
17418 #EL #BI 52 5 17417
17419 #EL #BC 3404 16548 17418
17420 #EL #BI 3 55 17419
#DEF 3400 16558 17420 15
3405 #NS 0 lt_irrefl
3406 #NI 3201 3986318044
3407 #NS 3406 _hygCtx
3408 #NS 3407 _hyg
3409 #NI 3408 3
17421 #EA 16667 7
17422 #EA 17344 7
17423 #EA 17422 5
17424 #EA 17421 17423
17425 #EA 17424 2
17426 #EA 17425 2
17427 #EA 124 17426
17428 #EP #BD 52 5 17427
17429 #EP #BC 3409 16548 17428
17430 #EP #BI 3 55 17429
17431 #EC 3394 4
17432 #EA 17431 21
17433 #EA 17432 7
17434 #EA 17433 5
17435 #EA 17434 5
17436 #EA 17435 2
17437 #EC 3400 4
17438 #EA 17437 21
17439 #EA 17438 7
17440 #EA 17439 5
17441 #EA 17436 17440
17442 #EL #BD 119 17426 17441
17443 #EL #BD 52 5 17442
17444 #EL #BC 3409 16548 17443
17445 #EL #BI 3 55 17444
#DEF 3405 17430 17445 15
3410 #NS 0 lt_self_iff_false
3411 #NS 3199 Basic
3412 #NI 3411 2461395411
3413 #NS 3412 _hygCtx
3414 #NS 3413 _hyg
3415 #NI 3414 8
17446 #EA 16499 7
17447 #EA 16750 7
17448 #EA 17447 5
17449 #EA 17446 17448
17450 #EA 17449 2
17451 #EA 17450 2
17452 #EA 4265 17451
17453 #EA 17452 110
17454 #EP #BD 22 5 17453
17455 #EP #BC 3415 16527 17454
17456 #EP #BI 3 11937 17455
17457 #EA 4287 17451
17458 #EA 17457 110
17459 #EC 3405 6
17460 #EA 17459 7
17461 #EA 17460 5
17462 #EA 17461 2
17463 #EA 17458 17462
17464 #EA 1995 17451
17465 #EA 17463 17464
17466 #EL #BD 22 5 17465
17467 #EL #BC 3415 16527 17466
17468 #EL #BI 3 11937 17467
#DEF 3410 17456 17468 48
3416 #NS 3410 _simp_1
17469 #EA 4242 17451
17470 #EA 17469 110
17471 #EP #BD 22 5 17470
17472 #EP #BC 3415 16527 17471
17473 #EP #BI 3 11937 17472
17474 #EA 4284 17451
17475 #EA 17474 110
17476 #EC 3410 6
17477 #EA 17476 7
17478 #EA 17477 5
17479 #EA 17478 2
17480 #EA 17475 17479
17481 #EL #BD 22 5 17480
17482 #EL #BC 3415 16527 17481
17483 #EL #BI 3 11937 17482
#DEF 3416 17473 17483 48
3417 #NS 2633 _simp_1
17484 #EA 4242 12956
17485 #EA 17484 1715
17486 #EP #BD 11 13 17485
17487 #EA 4301 12956
17488 #EA 13846 2
17489 #EA 17487 17488
17490 #EL #BD 11 13 17489
#DEF 3417 17486 17490 
3418 #NS 1 mem_cons_of_mem
17491 #EA 15477 2
17492 #EA 17491 5
17493 #EA 15604 3903
17494 #EA 17493 7
17495 #EP #BD 79 17492 17494
17496 #EP #BI 244 256 17495
17497 #EP #BI 52 5 17496
17498 #EP #BD 298 2 17497
17499 #EP #BI 3 55 17498
17500 #EA 15452 21
17501 #EA 17500 5
17502 #EA 17501 7
17503 #EA 17502 2
17504 #EL #BI 244 256 17503
17505 #EL #BI 52 5 17504
17506 #EL #BD 298 2 17505
17507 #EL #BI 3 55 17506
#DEF 3418 17499 17507 15
3419 #NS 3252 toMax
17508 #EA 16721 5
17509 #EP #BC 218 16847 17508
17510 #EP #BI 3 11937 17509
17511 #EJ 3252 2 2
17512 #EL #BC 218 16847 17511
17513 #EL #BD 3 11937 17512
#DEF 3419 17510 17513 48
3420 #NS 3252 toDecidableLE
17514 #EA 16739 5
17515 #EA 16535 5
17516 #EA 16726 5
17517 #EC 3280 6
17518 #EA 17517 5
17519 #EA 17518 2
17520 #EA 17516 17519
17521 #EA 17515 17520
17522 #EA 17514 17521
17523 #EP #BC 218 16847 17522
17524 #EP #BI 3 11937 17523
17525 #EJ 3252 5 2
17526 #EL #BC 218 16847 17525
17527 #EL #BD 3 11937 17526
#DEF 3420 17524 17527 48
3421 #NS 0 Function
3422 #NS 3421 comp
3423 #NS 0 δ
17528 #EP #BD 983 1838 10532
17529 #EP #BD 96 4264 17528
17530 #EP #BI 3423 14706 17529
17531 #EP #BI 88 134 17530
17532 #EP #BI 3 122 17531
17533 #EA 7 1219
17534 #EL #BD 22 22 17533
17535 #EL #BD 983 1838 17534
17536 #EL #BD 96 4264 17535
17537 #EL #BI 3423 14706 17536
17538 #EL #BI 88 134 17537
17539 #EL #BI 3 122 17538
#DEF 3422 17532 17539 4 89 609
3424 #NS 1523 imp
3425 #NS 0 d
17540 #EA 8978 21
17541 #EP #BD 119 17540 17540
17542 #EP #BD 983 507 17541
17543 #EP #BD 96 1838 17542
17544 #EP #BI 3425 108 17543
17545 #EP #BI 83 108 17544
17546 #EP #BI 280 108 17545
17547 #EP #BI 52 108 17546
17548 #EA 9019 68
17549 #EA 17548 22
17550 #EA 17549 17540
17551 #EA 17550 2
17552 #EC 3422 0 0 0
17553 #EA 17552 68
17554 #EA 17553 25
17555 #EA 17554 17540
17556 #EA 8255 25
17557 #EA 17556 21
17558 #EA 17555 17557
17559 #EA 17558 7
17560 #EA 17551 17559
17561 #EA 17552 22
17562 #EA 17561 21
17563 #EA 17562 17540
17564 #EA 8262 21
17565 #EA 17563 17564
17566 #EA 17565 5
17567 #EA 17560 17566
17568 #EL #BD 119 17540 17567
17569 #EL #BD 983 507 17568
17570 #EL #BD 96 1838 17569
17571 #EL #BI 3425 108 17570
17572 #EL #BI 83 108 17571
17573 #EL #BI 280 108 17572
17574 #EL #BI 52 108 17573
#DEF 3424 17547 17574 
3426 #NS 1523 imp_right
17575 #EA 8252 21
17576 #EA 8244 21
17577 #EP #BD 79 17575 17576
17578 #EP #BD 96 507 17577
17579 #EP #BI 52 108 17578
17580 #EP #BI 280 108 17579
17581 #EP #BI 83 108 17580
17582 #EC 3424 
17583 #EA 17582 5
17584 #EA 17583 5
17585 #EA 17584 21
17586 #EA 17585 7
17587 #EA 4063 5
17588 #EA 17586 17587
17589 #EA 17588 2
17590 #EL #BD 96 507 17589
17591 #EL #BI 52 108 17590
17592 #EL #BI 280 108 17591
17593 #EL #BI 83 108 17592
#DEF 3426 17581 17593 
3427 #NS 1523 symm
17594 #EA 8252 7
17595 #EP #BD 79 8253 17594
17596 #EP #BI 83 108 17595
17597 #EP #BI 52 108 17596
17598 #EA 8273 7
17599 #EA 17598 5
3428 #NI 956 2345006596
3429 #NS 3428 _hygCtx
3430 #NS 3429 _hyg
3431 #NI 3430 18
17600 #EL #BD 3431 8245 17576
17601 #EA 17599 17600
17602 #EA 8329 7
17603 #EA 17601 17602
17604 #EA 8326 7
17605 #EA 17603 17604
17606 #EA 17605 2
17607 #EL #BD 14 8253 17606
17608 #EL #BI 83 108 17607
17609 #EL #BI 52 108 17608
#DEF 3427 17597 17609 
3432 #NS 0 flip
3433 #NS 0 φ
17610 #EP #BD 79 7 10532
17611 #EP #BD 96 2786 17610
17612 #EP #BI 3433 14706 17611
17613 #EP #BI 88 134 17612
17614 #EP #BI 3 122 17613
17615 #EL #BD 52 22 14738
17616 #EL #BD 83 7 17615
17617 #EL #BD 96 2786 17616
17618 #EL #BI 3433 14706 17617
17619 #EL #BI 88 134 17618
17620 #EL #BI 3 122 17619
#DEF 3432 17614 17620 4 89 609
3434 #NS 3226 le_antisymm
17621 #EA 16726 21
17622 #EA 17621 7
17623 #EA 16585 17622
17624 #EA 16477 17623
17625 #EA 17624 5
17626 #EA 17625 2
17627 #EA 16726 22
17628 #EA 17627 21
17629 #EA 16591 17628
17630 #EA 16590 17629
17631 #EA 17630 5
17632 #EA 17631 7
17633 #EP #BD 79 17632 16599
17634 #EP #BD 79 17626 17633
17635 #EP #BD 83 7 17634
17636 #EP #BD 52 5 17635
17637 #EP #BC 218 16609 17636
17638 #EP #BI 3 11937 17637
17639 #EJ 3226 1 2
17640 #EL #BC 218 16609 17639
17641 #EL #BD 3 11937 17640
#DEF 3434 17638 17641 48
3435 #NI 3201 1392848918
3436 #NS 3435 _hygCtx
3437 #NS 3436 _hyg
3438 #NI 3437 3
17642 #EC 3226 4
17643 #EA 17642 2
17644 #EC 3229 4
17645 #EA 17644 21
17646 #EA 17645 7
17647 #EA 17352 17646
17648 #EA 17351 17647
17649 #EA 17648 5
17650 #EA 17649 2
17651 #EA 17644 22
17652 #EA 17651 21
17653 #EA 17376 17652
17654 #EA 1267 17653
17655 #EA 17654 5
17656 #EA 17655 7
17657 #EA 3939 21
17658 #EA 17657 7
17659 #EP #BD 79 17656 17658
17660 #EP #BD 79 17650 17659
17661 #EP #BI 83 7 17660
17662 #EP #BI 52 5 17661
17663 #EP #BC 3438 17643 17662
17664 #EP #BI 3 55 17663
17665 #EC 3434 4
17666 #EA 17665 21
17667 #EA 17666 7
17668 #EA 17667 5
17669 #EA 17668 2
17670 #EL #BI 83 7 17669
17671 #EL #BI 52 5 17670
17672 #EL #BC 3438 17643 17671
17673 #EL #BI 3 55 17672
#DEF 2133 17664 17673 15
3439 #NS 0 ge_antisymm
3440 #NI 3201 618933895
3441 #NS 3440 _hygCtx
3442 #NS 3441 _hyg
3443 #NI 3442 3
17674 #EA 17648 2
17675 #EA 17674 5
17676 #EA 17654 7
17677 #EA 17676 5
17678 #EP #BD 79 17677 17658
17679 #EP #BD 79 17675 17678
17680 #EP #BI 83 7 17679
17681 #EP #BI 52 5 17680
17682 #EP #BC 3443 17643 17681
17683 #EP #BI 3 55 17682
17684 #EC 3432 0 0 0
17685 #EA 17684 17650
17686 #EA 17685 17675
17687 #EA 17686 15591
17688 #EC 2133 4
17689 #EA 17688 21
17690 #EA 17689 7
17691 #EA 17690 5
17692 #EA 17691 2
17693 #EA 17687 17692
17694 #EL #BI 83 7 17693
17695 #EL #BI 52 5 17694
17696 #EL #BC 3443 17643 17695
17697 #EL #BI 3 55 17696
#DEF 3439 17683 17697 15
3444 #NS 943 mpr
17698 #EP #BD 218 4274 1063
17699 #EP #BI 83 108 17698
17700 #EP #BI 52 108 17699
17701 #EJ 943 1 2
17702 #EL #BD 218 4274 17701
17703 #EL #BD 83 108 17702
17704 #EL #BD 52 108 17703
#DEF 3444 17700 17704 
3445 #NS 0 lt_of_le_not_ge
3446 #NI 3201 2987136776
3447 #NS 3446 _hygCtx
3448 #NS 3447 _hyg
3449 #NI 3448 3
3450 #NS 0 hba
17705 #EA 17344 25
17706 #EA 17705 22
17707 #EA 16682 17706
17708 #EA 17707 21
17709 #EA 17708 7
17710 #EP #BD 3450 17381 17709
17711 #EP #BD 3399 17356 17710
17712 #EP #BI 83 7 17711
17713 #EP #BI 52 5 17712
17714 #EP #BC 3449 16548 17713
17715 #EP #BI 3 55 17714
17716 #EC 3444 
17717 #EA 17716 17709
17718 #EA 1254 25
17719 #EA 16550 25
17720 #EA 17719 22
17721 #EA 17718 17720
17722 #EA 17721 21
17723 #EA 17722 7
17724 #EA 4361 17723
17725 #EA 17721 7
17726 #EA 17725 21
17727 #EA 124 17726
17728 #EA 17724 17727
17729 #EA 17717 17728
17730 #EA 17401 25
17731 #EA 17730 22
17732 #EA 17731 21
17733 #EA 17732 7
17734 #EA 17729 17733
17735 #EA 4450 17723
17736 #EA 17735 17727
17737 #EA 17736 5
17738 #EA 17737 2
17739 #EA 17734 17738
17740 #EL #BD 3450 17381 17739
17741 #EL #BD 3399 17356 17740
17742 #EL #BI 83 7 17741
17743 #EL #BI 52 5 17742
17744 #EL #BC 3449 16548 17743
17745 #EL #BI 3 55 17744
#DEF 3445 17715 17745 15
3451 #NS 268 lt_or_eq_of_le'
3452 #NI 3201 1136135823
3453 #NS 3452 _hygCtx
3454 #NS 3453 _hyg
3455 #NI 3454 3
3456 #NI 3454 8
17746 #EC 3240 4
17747 #EA 17746 21
17748 #EA 17747 17647
17749 #EA 17644 25
17750 #EA 17749 22
17751 #EA 17705 17750
17752 #EA 16682 17751
17753 #EA 17752 7
17754 #EA 17753 21
17755 #EA 8243 17754
17756 #EA 17755 17658
17757 #EP #BD 3399 17656 17756
17758 #EP #BC 3456 17748 17757
17759 #EP #BI 83 7 17758
17760 #EP #BI 52 5 17759
17761 #EP #BC 3455 17643 17760
17762 #EP #BI 3 55 17761
17763 #EA 9579 17756
17764 #EA 17719 17750
17765 #EA 17718 17764
17766 #EA 17765 21
17767 #EA 17766 7
17768 #EA 17763 17767
17769 #EA 1047 7
17770 #EA 17768 17769
17771 #EA 16667 68
17772 #EA 17344 68
17773 #EA 17644 68
17774 #EA 17773 25
17775 #EA 17772 17774
17776 #EA 17771 17775
17777 #EA 17776 21
17778 #EA 17777 22
17779 #EA 8261 17778
17780 #EA 15610 21
17781 #EA 17779 17780
17782 #EC 3439 4
17783 #EA 17782 68
17784 #EA 17783 25
17785 #EA 17784 22
17786 #EA 17785 21
17787 #EA 17786 5
17788 #EA 17787 2
17789 #EA 17781 17788
17790 #EL #BD 3450 17767 17789
17791 #EA 17770 17790
17792 #EA 124 17767
17793 #EA 8255 17778
17794 #EA 17793 17780
17795 #EC 3445 4
17796 #EA 17795 68
17797 #EA 17796 17774
17798 #EA 17797 21
17799 #EA 17798 22
17800 #EA 17799 5
17801 #EA 17800 2
17802 #EA 17794 17801
17803 #EL #BD 3450 17792 17802
17804 #EA 17791 17803
17805 #EL #BD 3399 17656 17804
17806 #EL #BC 3456 17748 17805
17807 #EL #BI 83 7 17806
17808 #EL #BI 52 5 17807
17809 #EL #BC 3455 17643 17808
17810 #EL #BI 3 55 17809
#DEF 3451 17762 17810 15
3457 #NS 1523 resolve_left
17811 #EP #BD 119 8253 393
17812 #EP #BI 83 108 17811
17813 #EP #BI 52 108 17812
3458 #NS 0 na
17814 #EA 13603 7
17815 #EA 17814 5
3459 #NI 139 2403819507
3460 #NS 3459 _hygCtx
3461 #NS 3460 _hyg
3462 #NI 3461 16
17816 #EA 6548 21
17817 #EA 17816 2
17818 #EA 17817 5
17819 #EL #BD 3462 21 17818
17820 #EA 17815 17819
17821 #EA 4063 7
17822 #EA 17820 17821
17823 #EL #BD 3458 392 17822
17824 #EL #BD 119 8253 17823
17825 #EL #BI 83 108 17824
17826 #EL #BI 52 108 17825
#DEF 3457 17813 17826 
3463 #NS 3252 le_total
17827 #EA 17517 21
17828 #EA 17827 7
17829 #EA 17621 17828
17830 #EA 16585 17829
17831 #EA 16477 17830
17832 #EA 17831 5
17833 #EA 17832 2
17834 #EA 8243 17833
17835 #EA 17831 2
17836 #EA 17835 5
17837 #EA 17834 17836
17838 #EP #BD 83 7 17837
17839 #EP #BD 52 5 17838
17840 #EP #BC 218 16847 17839
17841 #EP #BI 3 11937 17840
17842 #EJ 3252 4 2
17843 #EL #BC 218 16847 17842
17844 #EL #BD 3 11937 17843
#DEF 3463 17841 17844 48
3464 #NS 3200 LinearOrder
3465 #NI 3464 477940745
3466 #NS 3465 _hygCtx
3467 #NS 3466 _hyg
3468 #NI 3467 3
17845 #EC 3252 4
17846 #EA 17845 2
17847 #EC 3280 4
17848 #EA 17847 21
17849 #EA 17848 7
17850 #EA 17645 17849
17851 #EA 17352 17850
17852 #EA 17351 17851
17853 #EA 17852 5
17854 #EA 17853 2
17855 #EA 8243 17854
17856 #EA 17852 2
17857 #EA 17856 5
17858 #EA 17855 17857
17859 #EP #BD 83 7 17858
17860 #EP #BD 52 5 17859
17861 #EP #BC 3468 17846 17860
17862 #EP #BI 3 55 17861
17863 #EC 3463 4
17864 #EA 17863 5
17865 #EA 17864 2
17866 #EL #BC 3468 17846 17865
17867 #EL #BI 3 55 17866
#DEF 2125 17862 17867 15
3469 #NS 0 le_of_not_ge
3470 #NI 3464 2853965226
3471 #NS 3470 _hygCtx
3472 #NS 3471 _hyg
3473 #NI 3472 3
17868 #EA 124 17854
17869 #EA 17847 22
17870 #EA 17869 21
17871 #EA 17651 17870
17872 #EA 17376 17871
17873 #EA 1267 17872
17874 #EA 17873 5
17875 #EA 17874 7
17876 #EP #BD 79 17868 17875
17877 #EP #BI 83 7 17876
17878 #EP #BI 52 5 17877
17879 #EP #BC 3473 17846 17878
17880 #EP #BI 3 55 17879
17881 #EC 3457 
17882 #EA 17881 17854
17883 #EA 17882 17857
17884 #EC 2125 4
17885 #EA 17884 21
17886 #EA 17885 7
17887 #EA 17886 5
17888 #EA 17887 2
17889 #EA 17883 17888
17890 #EL #BI 83 7 17889
17891 #EL #BI 52 5 17890
17892 #EL #BC 3473 17846 17891
17893 #EL #BI 3 55 17892
#DEF 3469 17880 17893 15
3474 #NS 0 lt_of_not_ge
3475 #NI 3464 4066266414
3476 #NS 3475 _hygCtx
3477 #NS 3476 _hyg
3478 #NI 3477 3
17894 #EA 124 17857
17895 #EA 17392 17871
17896 #EA 17391 17895
17897 #EA 17896 7
17898 #EA 17897 5
17899 #EP #BD 119 17894 17898
17900 #EP #BI 83 7 17899
17901 #EP #BI 52 5 17900
17902 #EP #BC 3478 17846 17901
17903 #EP #BI 3 55 17902
17904 #EA 17795 22
17905 #EA 17904 17871
17906 #EA 17905 7
17907 #EA 17906 5
17908 #EC 3469 4
17909 #EA 17908 22
17910 #EA 17909 21
17911 #EA 17910 5
17912 #EA 17911 7
17913 #EA 17912 2
17914 #EA 17907 17913
17915 #EA 17914 2
17916 #EL #BD 119 17894 17915
17917 #EL #BI 83 7 17916
17918 #EL #BI 52 5 17917
17919 #EL #BC 3478 17846 17918
17920 #EL #BI 3 55 17919
#DEF 3474 17903 17920 15
3479 #NS 0 lt_or_ge
3480 #NI 3464 3672051305
3481 #NS 3480 _hygCtx
3482 #NS 3481 _hyg
3483 #NI 3482 3
17921 #EA 17345 17850
17922 #EA 16668 17921
17923 #EA 17922 5
17924 #EA 17923 2
17925 #EA 8243 17924
17926 #EA 17925 17857
17927 #EP #BD 83 7 17926
17928 #EP #BD 52 5 17927
17929 #EP #BC 3483 17846 17928
17930 #EP #BI 3 55 17929
17931 #EA 9579 17926
17932 #EA 17931 17857
17933 #EC 3420 4
17934 #EA 17933 21
17935 #EA 17934 7
17936 #EA 17935 2
17937 #EA 17936 5
17938 #EA 17932 17937
17939 #EA 8261 17898
17940 #EA 17939 17875
17941 #EA 17940 2
17942 #EL #BD 3450 17857 17941
17943 #EA 17938 17942
17944 #EA 8255 17898
17945 #EA 17944 17875
17946 #EC 3474 4
17947 #EA 17946 22
17948 #EA 17947 21
17949 #EA 17948 7
17950 #EA 17949 5
17951 #EA 17950 2
17952 #EA 17945 17951
17953 #EL #BD 3450 17894 17952
17954 #EA 17943 17953
17955 #EL #BD 83 7 17954
17956 #EL #BD 52 5 17955
17957 #EL #BC 3483 17846 17956
17958 #EL #BI 3 55 17957
#DEF 3479 17930 17958 15
3484 #NS 0 lt_trichotomy
3485 #NI 3464 3077274597
3486 #NS 3485 _hygCtx
3487 #NS 3486 _hyg
3488 #NI 3487 3
17959 #EA 17922 2
17960 #EA 17959 5
17961 #EA 15592 17960
17962 #EA 17925 17961
17963 #EP #BD 83 7 17962
17964 #EP #BD 52 5 17963
17965 #EP #BC 3488 17846 17964
17966 #EP #BI 3 55 17965
17967 #EC 3426 
17968 #EA 17967 17857
17969 #EA 17968 17961
17970 #EA 17969 17924
17971 #EC 3427 
17972 #EA 17896 5
17973 #EA 17972 7
17974 #EA 17971 17973
17975 #EA 15598 5
17976 #EA 17974 17975
17977 #EC 3451 4
17978 #EA 17977 22
17979 #EA 17978 17870
17980 #EA 17979 7
17981 #EA 17980 5
17982 #EA 17933 22
17983 #EA 17982 21
17984 #EA 17981 17983
17985 #EA 17984 2
17986 #EA 17976 17985
17987 #EL #BD 119 17857 17986
17988 #EA 17970 17987
17989 #EC 3479 4
17990 #EA 17989 21
17991 #EA 17990 7
17992 #EA 17991 5
17993 #EA 17992 2
17994 #EA 17988 17993
17995 #EL #BD 83 7 17994
17996 #EL #BD 52 5 17995
17997 #EL #BC 3488 17846 17996
17998 #EL #BI 3 55 17997
#DEF 3484 17966 17998 15
17999 #EA 16596 21
18000 #EA 16784 21
18001 #EC 3419 6
18002 #EA 18001 21
18003 #EA 18002 7
18004 #EA 18000 18003
18005 #EA 18004 5
18006 #EA 18005 2
18007 #EA 17999 18006
18008 #EA 16763 21
18009 #EA 18008 17833
18010 #EC 3420 6
18011 #EA 18010 21
18012 #EA 18011 7
18013 #EA 18012 5
18014 #EA 18013 2
18015 #EA 18009 18014
18016 #EA 18015 2
18017 #EA 18016 5
18018 #EA 18007 18017
18019 #EP #BD 83 7 18018
18020 #EP #BD 52 5 18019
18021 #EP #BC 218 16847 18020
18022 #EP #BI 3 11937 18021
18023 #EJ 3252 9 2
18024 #EL #BC 218 16847 18023
18025 #EL #BD 3 11937 18024
#DEF 3255 18022 18025 48
3489 #NI 3464 1392472907
3490 #NS 3489 _hygCtx
3491 #NS 3490 _hyg
3492 #NI 3491 3
18026 #EC 264 4
18027 #EA 18026 21
18028 #EC 3419 4
18029 #EA 18028 21
18030 #EA 18029 7
18031 #EA 18027 18030
18032 #EA 18031 5
18033 #EA 18032 2
18034 #EA 3880 18033
18035 #EA 1265 21
18036 #EA 18035 17854
18037 #EA 17935 5
18038 #EA 18037 2
18039 #EA 18036 18038
18040 #EA 18039 2
18041 #EA 18040 5
18042 #EA 18034 18041
18043 #EP #BD 83 7 18042
18044 #EP #BD 52 5 18043
18045 #EP #BC 3492 17846 18044
18046 #EP #BI 3 55 18045
18047 #EC 3255 4
18048 #EA 18047 21
18049 #EA 18048 7
18050 #EA 18049 5
18051 #EA 18050 2
18052 #EL #BD 83 7 18051
18053 #EL #BD 52 5 18052
18054 #EL #BC 3492 17846 18053
18055 #EL #BI 3 55 18054
#DEF 3278 18046 18055 15
3493 #NS 0 le_of_lt
3494 #NI 3201 433611893
3495 #NS 3494 _hygCtx
3496 #NS 3495 _hyg
3497 #NI 3496 3
18056 #EP #BD 3399 17349 17388
18057 #EP #BI 83 7 18056
18058 #EP #BI 52 5 18057
18059 #EP #BC 3497 16548 18058
18060 #EP #BI 3 55 18059
18061 #EA 4570 17388
18062 #EA 18061 17381
18063 #EA 18062 17407
18064 #EL #BD 3399 17349 18063
18065 #EL #BI 83 7 18064
18066 #EL #BI 52 5 18065
18067 #EL #BC 3497 16548 18066
18068 #EL #BI 3 55 18067
#DEF 3493 18060 18068 15
3498 #NS 416 Mathlib
3499 #NS 3498 Order
3500 #NS 3499 Defs
3501 #NS 3500 LinearOrder
3502 #NI 3501 0
3503 #NS 3502 max_def'
3504 #NS 3503 _simp_1_1
18069 #EA 4242 17388
18070 #EA 18069 1715
18071 #EP #BD 3399 17349 18070
18072 #EP #BI 83 7 18071
18073 #EP #BI 52 5 18072
18074 #EP #BC 3497 16548 18073
18075 #EP #BI 3 55 18074
18076 #EA 4301 17388
18077 #EC 3493 4
18078 #EA 18077 22
18079 #EA 18078 21
18080 #EA 18079 7
18081 #EA 18080 5
18082 #EA 18081 2
18083 #EA 18076 18082
18084 #EL #BD 3399 17349 18083
18085 #EL #BI 83 7 18084
18086 #EL #BI 52 5 18085
18087 #EL #BC 3497 16548 18086
18088 #EL #BI 3 55 18087
#DEF 3504 18075 18088 15
3505 #NS 3503 _simp_1_2
18089 #EA 4242 17380
18090 #EA 18089 110
18091 #EP #BD 3399 17349 18090
18092 #EP #BI 83 7 18091
18093 #EP #BI 52 5 18092
18094 #EP #BC 3398 16548 18093
18095 #EP #BI 3 55 18094
18096 #EA 4552 17380
18097 #EA 17431 22
18098 #EA 18097 21
18099 #EA 18098 7
18100 #EA 18099 5
18101 #EA 18100 2
18102 #EA 18096 18101
18103 #EL #BD 3399 17349 18102
18104 #EL #BI 83 7 18103
18105 #EL #BI 52 5 18104
18106 #EL #BC 3398 16548 18105
18107 #EL #BI 3 55 18106
#DEF 3505 18095 18107 15
3506 #NS 3189 le_trans
18108 #EA 16593 7
18109 #EA 18108 5
18110 #EA 16476 25
18111 #EA 16741 22
18112 #EA 18110 18111
18113 #EA 18112 7
18114 #EA 18113 5
18115 #EA 16725 25
18116 #EA 16482 18115
18117 #EA 18116 22
18118 #EA 18117 7
18119 #EP #BD 79 18114 18118
18120 #EP #BD 79 18109 18119
18121 #EP #BD 280 21 18120
18122 #EP #BD 83 7 18121
18123 #EP #BD 52 5 18122
18124 #EP #BC 218 16527 18123
18125 #EP #BI 3 11937 18124
18126 #EJ 3189 3 2
18127 #EL #BC 218 16527 18126
18128 #EL #BD 3 11937 18127
#DEF 3506 18125 18128 48
3507 #NS 0 instIsPreorder_mathlib
3508 #NI 3201 2072906860
3509 #NS 3508 _hygCtx
3510 #NS 3509 _hyg
3511 #NI 3510 3
18129 #EC 2094 4
18130 #EA 18129 5
18131 #EA 16550 5
18132 #EA 18131 2
18133 #EA 18130 18132
18134 #EP #BC 3511 16548 18133
18135 #EP #BI 3 55 18134
18136 #EC 2095 4
18137 #EA 18136 5
18138 #EA 18137 18132
18139 #EA 18138 16561
18140 #EC 3506 4
18141 #EA 18140 5
18142 #EA 18141 2
18143 #EA 18139 18142
18144 #EL #BC 3511 16548 18143
18145 #EL #BI 3 55 18144
#DEF 3507 18135 18145 15
3512 #NS 0 max_def'
3513 #NI 3464 4254753237
3514 #NS 3513 _hygCtx
3515 #NS 3514 _hyg
3516 #NI 3515 3
18146 #EA 18035 17857
18147 #EA 18146 17937
18148 #EA 18147 5
18149 #EA 18148 2
18150 #EA 18034 18149
18151 #EP #BD 83 7 18150
18152 #EP #BD 52 5 18151
18153 #EP #BC 3516 17846 18152
18154 #EP #BI 3 55 18153
18155 #EA 8369 17924
18156 #EA 18155 17961
18157 #EA 18026 22
18158 #EA 18028 22
18159 #EA 18158 21
18160 #EA 18157 18159
18161 #EA 18160 7
18162 #EA 18161 5
18163 #EA 3901 18162
18164 #EA 1266 17875
18165 #EA 17983 5
18166 #EA 18165 7
18167 #EA 18164 18166
18168 #EA 18167 7
18169 #EA 18168 5
18170 #EA 18163 18169
18171 #EL #BD 22 17962 18170
18172 #EA 18156 18171
18173 #EC 3484 4
18174 #EA 18173 21
18175 #EA 18174 7
18176 #EA 18175 5
18177 #EA 18176 2
18178 #EA 18172 18177
18179 #EA 4644 18170
18180 #EA 4653 18170
18181 #EA 3901 5
18182 #EA 18181 5
18183 #EA 18180 18182
18184 #EA 18183 1715
18185 #EC 1001 5 3
18186 #EA 18185 22
18187 #EA 18186 108
18188 #EA 18187 18163
18189 #EA 18188 18181
18190 #EA 18189 18169
18191 #EA 18190 5
18192 #EA 5663 22
18193 #EP #BD 79 22 108
18194 #EA 18192 18193
18195 #EA 18194 18162
18196 #EA 18195 5
18197 #EA 18196 3901
18198 #EC 973 5
18199 #EA 18198 22
18200 #EA 18199 18162
18201 #EA 17873 7
18202 #EA 18201 5
18203 #EA 1266 18202
18204 #EA 17983 7
18205 #EA 18204 5
18206 #EA 18203 18205
18207 #EA 18206 5
18208 #EA 18207 7
18209 #EA 18200 18208
18210 #EA 18209 5
18211 #EC 3278 4
18212 #EA 18211 22
18213 #EA 18212 21
18214 #EA 18213 7
18215 #EA 18214 5
18216 #EA 18210 18215
18217 #EC 1564 5
18218 #EA 18217 22
18219 #EA 18218 18202
18220 #EA 18219 18205
18221 #EA 18220 5
18222 #EA 18221 7
18223 #EC 3504 4
18224 #EA 18223 22
18225 #EA 18224 17871
18226 #EA 18225 7
18227 #EA 18226 5
18228 #EA 18227 2
18229 #EA 18222 18228
18230 #EA 18216 18229
18231 #EA 18197 18230
18232 #EA 18191 18231
18233 #EC 1602 5
18234 #EA 18233 22
18235 #EA 18234 17875
18236 #EA 18235 18166
18237 #EA 18236 7
18238 #EA 18237 5
18239 #EC 3505 4
18240 #EA 18239 22
18241 #EA 18240 17871
18242 #EA 18241 7
18243 #EA 18242 5
18244 #EA 18243 2
18245 #EA 18238 18244
18246 #EA 18232 18245
18247 #EA 18184 18246
18248 #EA 4677 22
18249 #EA 18248 5
18250 #EA 18247 18249
18251 #EA 18179 18250
18252 #EL #BD 119 17924 18251
18253 #EA 18178 18252
3517 #NS 448 Mathlib
3518 #NS 3517 Order
3519 #NS 3518 Defs
3520 #NS 3519 LinearOrder
3521 #NI 3520 4254753237
3522 #NS 3521 _hygCtx
3523 #NS 3522 _hyg
3524 #NI 3523 41
18254 #EA 8369 17975
18255 #EA 18254 17973
18256 #EA 8243 17975
18257 #EA 18256 17973
18258 #EA 18026 25
18259 #EA 18028 25
18260 #EA 18259 22
18261 #EA 18258 18260
18262 #EA 18261 21
18263 #EA 18262 7
18264 #EA 3939 18263
18265 #EA 1265 25
18266 #EA 17847 25
18267 #EA 18266 22
18268 #EA 17749 18267
18269 #EA 17719 18268
18270 #EA 17718 18269
18271 #EA 18270 7
18272 #EA 18271 21
18273 #EA 18265 18272
18274 #EA 17933 25
18275 #EA 18274 22
18276 #EA 18275 7
18277 #EA 18276 21
18278 #EA 18273 18277
18279 #EA 18278 21
18280 #EA 18279 7
18281 #EA 18264 18280
18282 #EL #BD 22 18257 18281
18283 #EA 18255 18282
18284 #EA 18283 2
18285 #EA 4644 18281
18286 #EA 4653 18281
18287 #EA 16153 7
18288 #EA 18286 18287
18289 #EA 18288 1715
18290 #EA 18185 25
18291 #EA 18290 108
18292 #EA 18291 18264
18293 #EA 18292 16153
18294 #EA 18293 18280
18295 #EA 18294 7
18296 #EA 5663 25
18297 #EA 18296 8593
18298 #EA 18297 18263
18299 #EA 18298 7
18300 #EA 18299 3939
18301 #EA 18198 25
18302 #EA 18301 18263
18303 #EA 18271 7
18304 #EA 18265 18303
18305 #EA 18276 7
18306 #EA 18304 18305
18307 #EA 18306 7
18308 #EA 18307 7
18309 #EA 18302 18308
18310 #EA 18309 7
18311 #EA 18261 7
18312 #EA 18311 7
18313 #EA 18302 18312
18314 #EA 18313 18308
18315 #EC 982 5 5
18316 #EA 18315 25
18317 #EA 18316 25
18318 #EA 18317 18262
18319 #EA 18318 18311
18320 #EA 18296 1137
18321 #EA 18320 21
18322 #EA 18321 7
18323 #EA 18322 18261
18324 #EA 18323 2
18325 #EA 18319 18324
18326 #EA 18325 7
18327 #EA 18314 18326
18328 #EA 18211 25
18329 #EA 18328 22
18330 #EA 18329 7
18331 #EA 18330 7
18332 #EA 18327 18331
18333 #EA 18310 18332
18334 #EA 18217 25
18335 #EA 18334 18303
18336 #EA 18335 18305
18337 #EA 18336 7
18338 #EA 18337 7
18339 #EC 2093 4
18340 #EA 18339 25
18341 #EA 18340 18269
18342 #EC 2104 4
18343 #EA 18342 25
18344 #EA 18343 18269
18345 #EC 3507 4
18346 #EA 18345 25
18347 #EA 18346 18268
18348 #EA 18344 18347
18349 #EA 18341 18348
18350 #EA 18349 7
18351 #EA 18338 18350
18352 #EA 18333 18351
18353 #EA 18300 18352
18354 #EA 18295 18353
18355 #EA 18301 18280
18356 #EA 18355 21
18357 #EA 18356 7
18358 #EA 18334 18272
18359 #EA 18358 18277
18360 #EA 18359 21
18361 #EA 18360 7
18362 #EA 4653 18272
18363 #EA 18362 18303
18364 #EA 18363 1715
18365 #EA 6138 25
18366 #EA 18365 108
18367 #EA 18366 21
18368 #EA 18367 7
18369 #EA 18368 18271
18370 #EA 18369 2
18371 #EA 18364 18370
18372 #EA 18371 18350
18373 #EA 18361 18372
18374 #EA 18357 18373
18375 #EA 18374 2
18376 #EA 18354 18375
18377 #EA 18289 18376
18378 #EA 4677 25
18379 #EA 18378 7
18380 #EA 18377 18379
18381 #EA 18285 18380
18382 #EL #BD 119 17975 18381
18383 #EA 18284 18382
18384 #EA 17657 21
18385 #EA 18286 18384
18386 #EA 18385 1715
18387 #EA 18292 17657
18388 #EA 18387 18280
18389 #EA 18388 21
18390 #EA 18298 21
18391 #EA 18390 3939
18392 #EA 18270 21
18393 #EA 18392 7
18394 #EA 18265 18393
18395 #EA 18275 21
18396 #EA 18395 7
18397 #EA 18394 18396
18398 #EA 18397 7
18399 #EA 18398 21
18400 #EA 18302 18399
18401 #EA 18400 21
18402 #EA 18329 21
18403 #EA 18402 7
18404 #EA 18401 18403
18405 #EA 18233 25
18406 #EA 18405 18393
18407 #EA 18406 18396
18408 #EA 18407 7
18409 #EA 18408 21
18410 #EA 18239 25
18411 #EA 18410 18268
18412 #EA 18411 7
18413 #EA 18412 21
18414 #EA 18413 2
18415 #EA 18409 18414
18416 #EA 18404 18415
18417 #EA 18391 18416
18418 #EA 18389 18417
18419 #EA 18223 25
18420 #EA 18419 18268
18421 #EA 18420 7
18422 #EA 18421 21
18423 #EA 18422 2
18424 #EA 18361 18423
18425 #EA 18418 18424
18426 #EA 18386 18425
18427 #EA 18378 21
18428 #EA 18426 18427
18429 #EA 18285 18428
18430 #EL #BD 119 17973 18429
18431 #EA 18383 18430
18432 #EL #BD 3524 17961 18431
18433 #EA 18253 18432
18434 #EL #BD 83 7 18433
18435 #EL #BD 52 5 18434
18436 #EL #BC 3516 17846 18435
18437 #EL #BI 3 55 18436
#DEF 3512 18154 18437 15
3525 #NS 0 ite_id
3526 #NS 291 ByCases
3527 #NI 3526 3585693128
3528 #NS 3527 _hygCtx
3529 #NS 3528 _hyg
3530 #NI 3529 5
18438 #EA 8345 5
18439 #EA 18438 21
18440 #EA 18439 7
18441 #EA 18440 2
18442 #EA 18441 2
18443 #EA 114 18442
18444 #EA 18443 2
18445 #EP #BD 14 2 18444
18446 #EP #BI 3 16 18445
18447 #EP #BC 3530 1195 18446
18448 #EP #BI 280 108 18447
18449 #EA 8345 7
18450 #EA 18449 22
18451 #EA 18450 21
18452 #EA 18451 5
18453 #EA 18452 5
18454 #EA 733 18453
18455 #EA 18454 5
18456 #EL #BD 22 1235 18455
18457 #EA 10725 18456
18458 #EA 18457 7
3531 #NS 449 ByCases
3532 #NI 3531 3585693128
3533 #NS 3532 _hygCtx
3534 #NS 3533 _hyg
3535 #NI 3534 30
18459 #EA 4886 18455
18460 #EA 734 5
18461 #EA 18459 18460
18462 #EA 4242 18455
18463 #EA 18462 18460
18464 #EA 4063 18463
18465 #EA 10756 7
18466 #EA 18465 108
18467 #EA 18466 18454
18468 #EA 18467 734
18469 #EA 10761 7
18470 #EA 18469 1188
18471 #EA 18470 18453
18472 #EA 18471 5
18473 #EA 18472 733
18474 #EA 10769 7
18475 #EA 18474 5
18476 #EA 18475 5
18477 #EA 18473 18476
18478 #EA 18468 18477
18479 #EA 18478 5
18480 #EA 18464 18479
18481 #EA 18461 18480
18482 #EA 1692 7
18483 #EA 18482 5
18484 #EA 18481 18483
18485 #EL #BD 3535 1239 18484
18486 #EA 18458 18485
18487 #EA 10839 7
18488 #EA 18487 5
18489 #EA 18488 5
18490 #EA 18473 18489
18491 #EA 18468 18490
18492 #EA 18491 5
18493 #EA 18464 18492
18494 #EA 18461 18493
18495 #EA 18494 18483
18496 #EL #BD 3535 21 18495
18497 #EA 18486 18496
18498 #EL #BD 14 2 18497
18499 #EL #BI 3 16 18498
18500 #EL #BC 3530 1195 18499
18501 #EL #BI 280 108 18500
#DEF 3525 18448 18501 15
3536 #NS 0 max_self
3537 #NI 3464 636177085
3538 #NS 3537 _hygCtx
3539 #NS 3538 _hyg
3540 #NI 3539 3
18502 #EA 914 7
18503 #EA 18026 7
18504 #EA 18028 7
18505 #EA 18504 5
18506 #EA 18503 18505
18507 #EA 18506 2
18508 #EA 18507 2
18509 #EA 18502 18508
18510 #EA 18509 2
18511 #EP #BD 52 5 18510
18512 #EP #BC 3540 17846 18511
18513 #EP #BI 3 55 18512
18514 #EA 4886 18510
18515 #EA 1265 7
18516 #EA 17644 7
18517 #EA 17847 7
18518 #EA 18517 5
18519 #EA 18516 18518
18520 #EA 16551 18519
18521 #EA 16549 18520
18522 #EA 18521 2
18523 #EA 18522 2
18524 #EA 18515 18523
18525 #EA 17933 7
18526 #EA 18525 5
18527 #EA 18526 2
18528 #EA 18527 2
18529 #EA 18524 18528
18530 #EA 18529 2
18531 #EA 18530 2
18532 #EA 18502 18531
18533 #EA 18532 2
18534 #EA 18514 18533
18535 #EA 4242 18510
18536 #EA 18535 18533
18537 #EA 4063 18536
18538 #EA 6138 7
18539 #EA 18538 108
18540 #EA 18539 18508
18541 #EA 18540 18531
18542 #EA 15778 5
18543 #EL #BD 1057 7 18542
18544 #EA 18541 18543
18545 #EC 3512 4
18546 #EA 18545 7
18547 #EA 18546 5
18548 #EA 18547 2
18549 #EA 18548 2
18550 #EA 18544 18549
18551 #EA 18537 18550
18552 #EA 18534 18551
18553 #EA 4886 18533
18554 #EA 18502 2
18555 #EA 18554 2
18556 #EA 18553 18555
18557 #EA 4242 18533
18558 #EA 18557 18555
18559 #EA 4063 18558
18560 #EA 18539 18531
18561 #EA 18560 2
18562 #EA 18561 18543
18563 #EC 3525 5
18564 #EA 18563 18523
18565 #EA 18564 18528
18566 #EA 18565 7
18567 #EA 18566 2
18568 #EA 18562 18567
18569 #EA 18559 18568
18570 #EA 18556 18569
18571 #EA 3833 7
18572 #EA 18571 2
18573 #EA 18570 18572
18574 #EA 18552 18573
18575 #EL #BD 52 5 18574
18576 #EL #BC 3540 17846 18575
18577 #EL #BI 3 55 18576
#DEF 3536 18513 18577 15
3541 #NS 222 max0_of_uniform_set
18578 #EC 1302 0
18579 #EA 18578 13
18580 #EA 18579 2
18581 #EA 16879 18580
18582 #EA 18581 1021
18583 #EA 16320 2
18584 #EP #BD 79 18583 9771
18585 #EP #BD 22 13 18584
18586 #EA 1888 16268
18587 #EA 18586 21
18588 #EP #BD 1066 18585 18587
18589 #EP #BD 1065 18582 18588
18590 #EP #BD 224 1010 18589
18591 #EP #BD 192 13 18590
18592 #EA 6872 70
18593 #EP #BD 79 18583 18592
18594 #EP #BD 22 13 18593
18595 #EA 18586 68
18596 #EP #BD 1066 18594 18595
18597 #EP #BD 1065 18582 18596
18598 #EL #BD 224 1010 18597
18599 #EA 4865 18598
18600 #EA 18579 3981
18601 #EA 16879 18600
18602 #EA 18601 1021
18603 #EA 16279 2
18604 #EA 6872 68
18605 #EP #BD 79 18603 18604
18606 #EP #BD 22 13 18605
18607 #EA 1888 16281
18608 #EA 18607 25
18609 #EA 1995 18608
18610 #EA 4948 18602
18611 #EA 18610 110
18612 #EA 16879 1021
18613 #EA 18612 1021
18614 #EA 4653 18613
18615 #EA 18614 12948
18616 #EA 18615 110
18617 #EC 3389 0
18618 #EA 18617 13
18619 #EA 18618 7832
18620 #EA 18619 1021
18621 #EA 18620 1021
18622 #EA 18616 18621
18623 #EC 3416 0
18624 #EA 18623 13
18625 #EA 18624 17171
18626 #EA 18625 1021
18627 #EA 18622 18626
18628 #EA 18611 18627
18629 #EA 18628 5
18630 #EA 18609 18629
18631 #EL #BD 1066 18606 18630
18632 #EL #BD 1065 18602 18631
18633 #EA 18599 18632
18634 #EP #BD 79 18583 10094
18635 #EP #BD 22 13 18634
18636 #EA 18586 70
18637 #EP #BD 1066 18635 18636
18638 #EP #BD 1065 18582 18637
18639 #EA 18579 3987
18640 #EA 16879 18639
18641 #EA 18640 1021
18642 #EA 16265 4001
18643 #EA 18642 2
18644 #EA 6872 294
18645 #EP #BD 79 18643 18644
18646 #EP #BD 22 13 18645
18647 #EA 2433 283
18648 #EA 16433 22
18649 #EA 18648 21
18650 #EA 593 18649
3542 #NI 879 1400497693
3543 #NS 3542 _hygCtx
3544 #NS 3543 _hyg
3545 #NI 3544 63
18651 #EA 4945 2
18652 #EA 11468 5074
18653 #EA 1888 18652
18654 #EA 18653 344
18655 #EP #BD 119 18651 18654
18656 #EL #BD 3545 1010 18655
18657 #EA 3996 18656
18658 #EA 18657 22
3546 #NI 886 1400497693
3547 #NS 3546 _hygCtx
3548 #NS 3547 _hyg
3549 #NI 3548 64
18659 #EA 5068 3981
18660 #EA 6872 2486
18661 #EP #BD 79 18583 18660
18662 #EP #BD 22 13 18661
18663 #EA 18586 2404
18664 #EP #BD 1066 18662 18663
18665 #EP #BD 1065 18582 18664
18666 #EA 5057 5
18667 #EA 18579 18666
18668 #EA 16879 18667
18669 #EA 18668 1021
18670 #EA 5103 21
18671 #EA 16265 18670
18672 #EA 18671 2
18673 #EA 6872 2580
18674 #EP #BD 79 18672 18673
18675 #EP #BD 22 13 18674
18676 #EA 11468 18670
18677 #EA 1888 18676
18678 #EA 18677 2486
18679 #EP #BD 1066 18675 18678
18680 #EP #BD 1065 18669 18679
18681 #EP #BD 514 18665 18680
18682 #EL #BD 224 1010 18681
18683 #EA 4013 18682
18684 #EA 6872 2404
18685 #EP #BD 79 18603 18684
18686 #EP #BD 22 13 18685
18687 #EA 18607 675
18688 #EP #BD 1066 18686 18687
18689 #EP #BD 1065 18602 18688
18690 #EA 18579 5032
18691 #EA 16879 18690
18692 #EA 18691 1021
18693 #EA 16265 5164
18694 #EA 18693 2
18695 #EP #BD 79 18694 18660
18696 #EP #BD 22 13 18695
18697 #EA 11468 5164
18698 #EA 1888 18697
18699 #EA 18698 2404
18700 #EA 4644 18699
18701 #EA 4653 18699
18702 #EA 1888 2404
18703 #EA 18702 2404
18704 #EA 18701 18703
18705 #EA 18704 1715
18706 #EA 8144 18698
18707 #EA 18706 18702
18708 #EA 8147 18697
18709 #EA 18708 2404
18710 #EA 18709 1888
18711 #EA 11498 294
18712 #EA 11400 18711
18713 #EA 11498 2404
18714 #EA 18712 18713
18715 #EA 18714 2404
18716 #EA 11430 294
18717 #EA 18716 2404
18718 #EA 18717 11498
18719 #EA 18718 22
18720 #EA 18715 18719
18721 #EA 17204 2404
18722 #EA 2083 2404
18723 #EA 4644 18722
18724 #EA 8661 2404
18725 #EA 18723 18724
18726 #EA 18721 18725
18727 #EA 18720 18726
18728 #EA 18710 18727
18729 #EA 18707 18728
18730 #EA 18729 2404
18731 #EA 18705 18730
18732 #EA 4878 2404
18733 #EA 18731 18732
18734 #EA 18700 18733
18735 #EL #BD 1066 18696 18734
18736 #EL #BD 1065 18692 18735
18737 #EL #BD 514 18689 18736
18738 #EA 18683 18737
18739 #EA 18738 25
18740 #EA 4040 25
18741 #EA 18740 3981
18742 #EA 18741 2
18743 #EA 18739 18742
18744 #EA 18743 22
18745 #EA 18744 21
18746 #EA 18745 7
18747 #EL #BD 3549 18659 18746
18748 #EA 18658 18747
3550 #NI 3548 68
18749 #EA 3997 68
18750 #EA 18749 4050
18751 #EA 6872 2601
18752 #EP #BD 79 18583 18751
18753 #EP #BD 22 13 18752
18754 #EA 18586 2580
18755 #EP #BD 1066 18753 18754
18756 #EP #BD 1065 18582 18755
18757 #EA 5103 5
18758 #EA 18579 18757
18759 #EA 16879 18758
18760 #EA 18759 1021
18761 #EA 5114 21
18762 #EA 16265 18761
18763 #EA 18762 2
18764 #EA 6872 2603
18765 #EP #BD 79 18763 18764
18766 #EP #BD 22 13 18765
18767 #EA 11468 18761
18768 #EA 1888 18767
18769 #EA 18768 2601
18770 #EP #BD 1066 18766 18769
18771 #EP #BD 1065 18760 18770
18772 #EP #BD 514 18756 18771
18773 #EL #BD 224 1010 18772
18774 #EA 4052 18773
18775 #EP #BD 79 18643 18673
18776 #EP #BD 22 13 18775
18777 #EA 11468 4001
18778 #EA 1888 18777
18779 #EA 18778 2486
18780 #EP #BD 1066 18776 18779
18781 #EP #BD 1065 18641 18780
18782 #EA 5163 4066
18783 #EA 18579 18782
18784 #EA 16879 18783
18785 #EA 18784 1021
18786 #EA 5070 5218
18787 #EA 16265 18786
18788 #EA 18787 2
18789 #EP #BD 79 18788 18751
18790 #EP #BD 22 13 18789
18791 #EA 11468 18786
18792 #EA 1888 18791
18793 #EA 18792 2580
18794 #EA 4886 18793
18795 #EA 3625 344
18796 #EA 11468 5218
18797 #EA 18795 18796
18798 #EA 1888 18797
18799 #EA 18798 2580
18800 #EA 18794 18799
18801 #EA 4242 18793
18802 #EA 18801 18799
18803 #EA 4063 18802
18804 #EA 4931 18791
18805 #EA 18804 18797
18806 #EL #BD 1057 13 5264
18807 #EA 18805 18806
18808 #EA 15173 344
18809 #EA 18808 5218
18810 #EA 18807 18809
18811 #EA 18803 18810
18812 #EA 18800 18811
18813 #EA 4886 18799
18814 #EA 18795 2580
18815 #EA 1888 18814
18816 #EA 18815 2580
18817 #EA 18813 18816
18818 #EA 4242 18799
18819 #EA 18818 18816
18820 #EA 4063 18819
18821 #EA 4931 18796
18822 #EA 18821 2580
18823 #EA 3625 675
18824 #EA 18823 2
18825 #EA 1888 18824
18826 #EA 18825 2601
18827 #EL #BD 1057 13 18826
18828 #EA 18822 18827
18829 #EA 18579 22
18830 #EA 2964 18829
18831 #EA 18830 2968
18832 #EA 16879 18831
18833 #EA 18832 1021
18834 #EA 4644 18833
18835 #EA 4653 18833
18836 #EA 12904 18831
18837 #EA 18835 18836
18838 #EA 18837 1715
18839 #EA 18619 18831
18840 #EA 18839 1021
18841 #EA 18838 18840
18842 #EC 3417 
18843 #EA 18842 18829
18844 #EA 18841 18843
18845 #EA 18834 18844
18846 #EA 7 18845
3551 #NS 0 hx
18847 #EA 16265 5252
18848 #EA 18847 2
18849 #EC 3418 0
18850 #EA 18849 13
18851 #EA 18850 2404
18852 #EA 18851 5
18853 #EA 18852 5074
18854 #EA 18853 2
18855 #EA 96 18854
18856 #EL #BD 3551 18848 18855
18857 #EL #BD 22 13 18856
18858 #EA 18846 18857
18859 #EA 18828 18858
18860 #EA 18820 18859
18861 #EA 18817 18860
18862 #EA 2436 2580
18863 #EA 16344 5252
18864 #EA 18579 18863
18865 #EA 16879 18864
18866 #EA 18865 1021
18867 #EA 3986 5245
18868 #EA 16265 18867
18869 #EA 18868 2
18870 #EA 6872 7467
18871 #EP #BD 79 18869 18870
18872 #EP #BD 22 13 18871
18873 #EA 15189 2657
18874 #EA 1888 18873
18875 #EA 18874 2657
18876 #EP #BD 1066 18872 18875
18877 #EP #BD 1065 18866 18876
18878 #EL #BD 52 13 18877
18879 #EA 18862 18878
18880 #EA 5188 5218
18881 #EA 18579 18880
18882 #EA 16879 18881
18883 #EA 18882 1021
18884 #EA 5241 5074
18885 #EA 16265 18884
18886 #EA 18885 2
18887 #EA 6872 2657
18888 #EP #BD 79 18886 18887
18889 #EP #BD 22 13 18888
18890 #EA 3625 2603
18891 #EA 18890 2603
18892 #EA 1888 18891
18893 #EA 18892 2603
18894 #EA 4644 18893
18895 #EA 4653 18893
18896 #EA 1888 2603
18897 #EA 18896 2603
18898 #EA 18895 18897
18899 #EA 18898 1715
18900 #EA 8144 18892
18901 #EA 18900 18896
18902 #EA 8147 18891
18903 #EA 18902 2603
18904 #EA 18903 1888
18905 #EC 3536 0
18906 #EA 18905 13
18907 #EA 18906 17150
18908 #EA 18907 2603
18909 #EA 18904 18908
18910 #EA 18901 18909
18911 #EA 18910 2603
18912 #EA 18899 18911
18913 #EA 4878 2603
18914 #EA 18912 18913
18915 #EA 18894 18914
18916 #EL #BD 1066 18889 18915
18917 #EL #BD 1065 18883 18916
18918 #EA 18879 18917
18919 #EA 18918 344
18920 #EA 2566 344
18921 #EA 18920 2580
18922 #EA 18921 68
18923 #EA 18919 18922
18924 #EA 18923 5
18925 #EA 18924 2
18926 #EA 18861 18925
18927 #EA 18812 18926
18928 #EL #BD 1066 18790 18927
18929 #EL #BD 1065 18785 18928
18930 #EL #BD 514 18781 18929
18931 #EA 18774 18930
18932 #EA 18931 70
18933 #EA 4040 70
18934 #EA 18933 3987
18935 #EA 18934 2
18936 #EA 18932 18935
18937 #EA 18936 68
18938 #EA 18937 25
18939 #EA 18938 22
18940 #EL #BD 3550 18750 18939
18941 #EL #BD 224 1010 18940
18942 #EL #BD 83 13 18941
18943 #EA 18748 18942
18944 #EA 4033 22
18945 #EA 18943 18944
18946 #EZ 1299 18647 18650 18945
18947 #EL #BD 1066 18646 18946
18948 #EL #BD 1065 18641 18947
18949 #EL #BD 514 18638 18948
18950 #EL #BD 224 1010 18949
18951 #EL #BD 52 13 18950
18952 #EA 18633 18951
18953 #EA 18952 7
18954 #EA 18953 5
18955 #EA 18954 2
18956 #EL #BD 1066 18585 18955
18957 #EL #BD 1065 18582 18956
18958 #EL #BD 224 1010 18957
18959 #EL #BD 192 13 18958
#DEF 3541 18591 18959 
3552 #NS 3124 _simp_1
18960 #EA 4242 15776
18961 #EA 18960 15783
18962 #EP #BI 52 7 18961
18963 #EP #BI 244 61 18962
18964 #EP #BI 83 2 18963
18965 #EP #BI 3101 55 18964
18966 #EA 4284 15776
18967 #EA 18966 15783
18968 #EC 3124 4
18969 #EA 18968 21
18970 #EA 18969 7
18971 #EA 18970 5
18972 #EA 18971 2
18973 #EA 18967 18972
18974 #EL #BI 52 7 18973
18975 #EL #BI 244 61 18974
18976 #EL #BI 83 2 18975
18977 #EL #BI 3101 55 18976
#DEF 3552 18965 18977 15
3553 #NS 2961 or_false
3554 #NS 3553 match_1_1
3555 #NI 933 578929214
3556 #NS 3555 _hygCtx
3557 #NI 3556 16
3558 #NS 3557 Init
3559 #NS 3558 SimpLemmas
3560 #NI 3559 578929214
3561 #NS 3560 _hygCtx
3562 #NS 3561 _hyg
3563 #NI 3562 23
18978 #EA 14830 110
18979 #EP #BD 3563 18978 108
18980 #EA 8252 110
18981 #EA 14834 110
18982 #EA 18981 2
18983 #EA 7 18982
18984 #EP #BD 119 7 18983
18985 #EP #BD 49 18984 96
18986 #EP #BD 3563 18980 18985
18987 #EP #BD 13 18979 18986
18988 #EP #BD 270 108 18987
18989 #EA 8369 21
18990 #EA 18989 110
18991 #EA 9012 110
18992 #EL #BD 22 18991 184
18993 #EA 18990 18992
18994 #EA 18993 5
18995 #EA 18994 10602
3564 #NI 938 578929214
3565 #NS 3564 _hygCtx
3566 #NS 3565 _hyg
3567 #NI 3566 32
18996 #EA 14839 110
18997 #EA 18996 2
18998 #EA 21 18997
18999 #EA 1995 18998
19000 #EL #BD 22 110 110
19001 #EA 9726 19000
19002 #EA 19001 2
19003 #EA 18999 19002
19004 #EL #BD 3567 110 19003
19005 #EA 18995 19004
19006 #EL #BD 49 18984 19005
19007 #EL #BD 3563 18980 19006
19008 #EL #BD 13 18979 19007
19009 #EL #BD 270 108 19008
#DEF 3554 18988 19009 
3568 #NS 0 or_false
19010 #EA 4242 18978
19011 #EA 19010 2
19012 #EP #BD 270 108 19011
19013 #EA 4284 18978
19014 #EA 19013 2
19015 #EA 4287 18978
19016 #EA 19015 2
3569 #NS 3556 _hyg
3570 #NI 3569 16
19017 #EC 3554 
19018 #EA 19017 5
19019 #EL #BD 3563 18980 7
19020 #EA 19018 19019
19021 #EA 19020 2
19022 #EA 19021 14875
19023 #EL #BD 3570 18978 19022
19024 #EA 19016 19023
19025 #EA 14880 110
19026 #EA 19024 19025
19027 #EA 19014 19026
19028 #EL #BD 270 108 19027
#DEF 3568 19012 19028 
3571 #NS 222 max0_in_seq
19029 #EA 16266 15225
19030 #EP #BD 119 3982 19029
19031 #EP #BD 224 1010 19030
19032 #EL #BD 224 1010 19030
19033 #EA 4865 19032
19034 #EA 16279 16281
19035 #EA 4026 19034
19036 #EA 19035 4034
19037 #EA 19036 2
19038 #EL #BD 119 4023 19037
19039 #EA 19033 19038
3572 #NI 879 801088341
3573 #NS 3572 _hygCtx
3574 #NS 3573 _hyg
3575 #NI 3574 28
19040 #EA 4048 2
19041 #EA 16265 5218
19042 #EA 19041 18796
19043 #EP #BD 119 19040 19042
19044 #EL #BD 3575 1010 19043
19045 #EA 3996 19044
19046 #EA 19045 7
3576 #NI 886 801088341
3577 #NS 3576 _hygCtx
3578 #NS 3577 _hyg
3579 #NI 3578 29
19047 #EA 4064 5
19048 #EA 3978 19047
19049 #EA 19048 3981
19050 #EA 4053 7
19051 #EA 16265 19050
19052 #EA 11468 19050
19053 #EA 19051 19052
19054 #EP #BD 119 19049 19053
19055 #EP #BD 514 19030 19054
19056 #EL #BD 224 1010 19055
19057 #EA 4013 19056
19058 #EP #BD 119 4023 19034
19059 #EA 4014 3981
19060 #EA 3978 19059
19061 #EA 19060 3981
19062 #EA 16265 5044
19063 #EA 11468 5044
19064 #EA 19062 19063
19065 #EA 4644 19064
19066 #EA 4653 19064
19067 #EA 7016 68
19068 #EA 8243 19067
19069 #EA 16279 68
19070 #EA 19068 19069
19071 #EA 19066 19070
19072 #EA 19071 1715
19073 #EA 19062 68
19074 #EA 19066 19073
19075 #EA 19074 19070
19076 #EA 4931 19063
19077 #EA 19076 68
19078 #EA 19077 19062
19079 #EA 17204 68
19080 #EA 2083 68
19081 #EA 4644 19080
19082 #EA 8661 68
19083 #EA 19081 19082
19084 #EA 19079 19083
19085 #EA 19078 19084
19086 #EA 19075 19085
19087 #EC 3552 0
19088 #EA 19087 13
19089 #EA 19088 68
19090 #EA 19089 3981
19091 #EA 19090 68
19092 #EA 19086 19091
19093 #EA 19072 19092
19094 #EA 4653 19070
19095 #EA 15569 110
19096 #EA 19094 19095
19097 #EA 19096 1715
19098 #EA 4756 19068
19099 #EA 19098 15569
19100 #EA 19099 19069
19101 #EA 19100 110
19102 #EA 4673 19067
19103 #EA 19102 1715
19104 #EA 19103 8243
19105 #EA 4878 68
19106 #EA 19104 19105
19107 #EA 19101 19106
19108 #EA 16288 68
19109 #EA 19107 19108
19110 #EA 19097 19109
19111 #EC 3568 
19112 #EA 19111 1715
19113 #EA 19110 19112
19114 #EA 19093 19113
19115 #EA 19065 19114
19116 #EL #BD 119 19061 19115
19117 #EL #BD 514 19058 19116
19118 #EA 19057 19117
19119 #EA 19118 21
19120 #EA 17275 3981
19121 #EA 19120 2
19122 #EA 19119 19121
19123 #EA 19122 7
19124 #EA 19123 5
19125 #EL #BD 3579 4943 19124
19126 #EA 19046 19125
3580 #NI 3578 33
19127 #EA 5068 4050
19128 #EA 3978 18666
19129 #EA 19128 3981
19130 #EA 5163 7
19131 #EA 16265 19130
19132 #EA 11468 19130
19133 #EA 19131 19132
19134 #EP #BD 119 19129 19133
19135 #EP #BD 514 19030 19134
19136 #EL #BD 224 1010 19135
19137 #EA 4052 19136
19138 #EA 16332 16300
19139 #EP #BD 119 4062 19138
19140 #EA 4053 4066
19141 #EA 3978 19140
19142 #EA 19141 3981
19143 #EA 5057 4001
19144 #EA 16265 19143
19145 #EA 11468 19143
19146 #EA 19144 19145
19147 #EA 4886 19146
19148 #EA 3625 283
19149 #EA 19148 18777
19150 #EA 19144 19149
19151 #EA 19147 19150
19152 #EA 4242 19146
19153 #EA 19152 19150
19154 #EA 4063 19153
19155 #EA 4931 19145
19156 #EA 19155 19149
19157 #EA 5163 5218
19158 #EA 16265 19157
19159 #EA 19158 2
19160 #EL #BD 1057 13 19159
19161 #EA 19156 19160
19162 #EA 15173 283
19163 #EA 19162 4001
19164 #EA 19161 19163
19165 #EA 19154 19164
19166 #EA 19151 19165
19167 #EA 2378 18777
19168 #EA 8369 19167
19169 #EA 2082 18777
19170 #EA 19169 283
19171 #EA 19168 19170
19172 #EA 8243 19167
19173 #EA 19172 19170
19174 #EA 3625 294
19175 #EA 19174 18796
19176 #EA 19158 19175
19177 #EL #BD 22 19173 19176
19178 #EA 19171 19177
19179 #EA 9734 283
19180 #EA 19179 18777
19181 #EA 19178 19180
19182 #EA 4886 19176
19183 #EA 19158 18796
19184 #EA 19182 19183
19185 #EA 4242 19176
19186 #EA 19185 19183
19187 #EA 4063 19186
19188 #EA 4931 19175
19189 #EA 19188 18796
19190 #EA 19189 19158
19191 #EA 9775 294
19192 #EA 19191 18796
19193 #EA 19192 2
19194 #EA 19190 19193
19195 #EA 19187 19194
19196 #EA 19184 19195
19197 #EA 18850 294
19198 #EA 19197 18796
19199 #EA 19198 5218
19200 #EA 7 5234
19201 #EA 19199 19200
19202 #EA 19196 19201
19203 #EL #BD 1343 19167 19202
19204 #EA 19181 19203
19205 #EA 19158 294
19206 #EA 19182 19205
19207 #EA 19185 19205
19208 #EA 4063 19207
19209 #EA 19188 294
19210 #EA 19209 19158
19211 #EA 11161 294
19212 #EA 19211 18796
19213 #EA 19212 2
19214 #EA 19210 19213
19215 #EA 19208 19214
19216 #EA 19206 19215
19217 #EA 16433 294
19218 #EA 19217 5218
19219 #EA 19216 19218
19220 #EL #BD 1343 19170 19219
19221 #EA 19204 19220
19222 #EA 19166 19221
19223 #EL #BD 119 19142 19222
19224 #EL #BD 514 19139 19223
19225 #EA 19137 19224
19226 #EA 19225 25
19227 #EA 18740 3987
19228 #EA 19227 2
19229 #EA 19226 19228
19230 #EA 19229 22
19231 #EA 19230 21
19232 #EL #BD 3580 19127 19231
19233 #EL #BD 224 1010 19232
19234 #EL #BD 83 13 19233
19235 #EA 19126 19234
19236 #EA 4033 7
19237 #EA 19235 19236
19238 #EL #BD 119 4062 19237
19239 #EL #BD 514 19030 19238
19240 #EL #BD 224 1010 19239
19241 #EL #BD 52 13 19240
19242 #EA 19039 19241
19243 #EA 19242 5
19244 #EA 19243 2
19245 #EL #BD 119 3982 19244
19246 #EL #BD 224 1010 19245
#DEF 3571 19031 19246 
3581 #NS 8 casesAuxOn
19247 #EA 5 1021
19248 #EA 21 7908
19249 #EP #BD 11 13 19248
19250 #EP #BD 314 19249 32
19251 #EP #BD 313 19247 19250
19252 #EP #BD 14 13 19251
19253 #EP #BI 13 1315 19252
19254 #EA 6898 1787
19255 #EA 19254 7
19256 #EA 19255 5
19257 #EA 19256 2
19258 #EL #BD 314 19249 19257
19259 #EL #BD 313 19247 19258
19260 #EL #BD 14 13 19259
19261 #EL #BI 13 1315 19260
#DEF 3581 19253 19261 4
3582 #NS 1893 congr_simp
3583 #NS 0 e_p
19262 #EA 10457 2
19263 #EA 10418 19262
19264 #EP #BC 119 6528 19263
19265 #EP #BI 119 6528 19264
19266 #EP #BD 3583 6579 19265
19267 #EP #BD 270 108 19266
19268 #EP #BD 270 108 19267
19269 #EA 10406 68
19270 #EA 19269 5
19271 #EA 1594 19270
19272 #EA 19271 19262
19273 #EP #BC 119 6528 19272
19274 #EP #BI 119 5987 19273
19275 #EL #BD 3583 6611 19274
19276 #EL #BD 270 108 19275
19277 #EA 6609 19276
19278 #EA 10406 25
19279 #EA 19278 7
19280 #EA 1594 19279
19281 #EA 19278 2
19282 #EA 19280 19281
19283 #EL #BC 119 5987 19282
19284 #EA 6642 19283
19285 #EA 2034 10417
19286 #EA 19284 19285
19287 #EA 19286 2
19288 #EA 19287 6715
19289 #EL #BC 119 1235 19288
19290 #EL #BI 119 6528 19289
19291 #EA 19277 19290
19292 #EA 19291 5
19293 #EA 19292 2
19294 #EL #BD 3583 6579 19293
19295 #EL #BD 270 108 19294
19296 #EL #BD 270 108 19295
#DEF 3582 19268 19296 
3584 #NS 222 max0_rem0
3585 #NS 3584 _simp_1_1
19297 #EA 4242 13558
19298 #EA 19297 110
19299 #EP #BD 11 13 19298
19300 #EA 4552 13558
19301 #EA 13665 2
19302 #EA 19300 19301
19303 #EL #BD 11 13 19302
#DEF 3585 19299 19303 
3586 #NS 1189 decide_false
3587 #NS 3586 match_1_1
3588 #NI 961 3201123268
3589 #NS 3588 _hygCtx
3590 #NS 3589 _hyg
3591 #NI 3590 18
19304 #EP #BD 3591 8923 108
3592 #NI 3590 25
19305 #EA 8924 2
19306 #EA 7 19305
19307 #EP #BD 3592 6237 19306
19308 #EA 1202 110
19309 #EA 19308 2
19310 #EA 21 19309
19311 #EP #BD 119 110 19310
19312 #EP #BD 51 19311 32
19313 #EP #BD 49 19307 19312
19314 #EP #BD 3591 8923 19313
19315 #EP #BD 13 19304 19314
19316 #EA 5985 110
19317 #EL #BD 22 8923 203
19318 #EA 19316 19317
19319 #EA 19318 7
3593 #NI 3590 36
19320 #EL #BD 3593 6237 1216
19321 #EA 19319 19320
3594 #NI 3590 37
19322 #EL #BD 3594 110 1219
19323 #EA 19321 19322
19324 #EL #BD 51 19311 19323
19325 #EL #BD 49 19307 19324
19326 #EL #BD 3591 8923 19325
19327 #EL #BD 13 19304 19326
#DEF 3587 19315 19327 
3595 #NS 0 decide_false
19328 #EA 10406 110
19329 #EA 19328 2
19330 #EA 1594 19329
19331 #EA 19330 1473
19332 #EP #BD 119 8923 19331
19333 #EC 3587 
19334 #EL #BD 3591 8923 19331
19335 #EA 19333 19334
19336 #EA 19335 2
19337 #EA 19328 19305
19338 #EA 1642 19337
19339 #EL #BD 3592 6237 19338
19340 #EA 19336 19339
19341 #EA 19328 19309
19342 #EA 1594 19341
19343 #EA 19342 1473
19344 #EA 1995 19343
19345 #EA 19344 2
19346 #EL #BD 119 110 19345
19347 #EA 19340 19346
19348 #EL #BD 119 8923 19347
#DEF 3595 19332 19348 
3596 #NS 0 if_false
3597 #NS 24 ByCases
3598 #NI 3597 4024542066
3599 #NS 3598 _hygCtx
3600 #NS 3599 _hyg
3601 #NI 3600 6
19349 #EA 8345 21
19350 #EA 19349 110
19351 #EA 19350 7
19352 #EA 19351 5
19353 #EA 19352 2
19354 #EA 1689 19353
19355 #EA 19354 2
19356 #EP #BD 281 7 19355
19357 #EP #BD 14 5 19356
19358 #EP #BI 3601 8923 19357
19359 #EP #BI 3 16 19358
19360 #EA 8505 110
19361 #EA 19360 7
19362 #EA 19361 8922
19363 #EA 19362 21
19364 #EA 19363 5
19365 #EA 19364 2
19366 #EL #BD 281 7 19365
19367 #EL #BD 14 5 19366
19368 #EL #BI 3601 8923 19367
19369 #EL #BI 3 16 19368
#DEF 3596 19359 19369 15
3602 #NS 8 succ_pos
19370 #EL #BD 11 13 17488
#DEF 3602 13475 19370 
3603 #NS 3584 _simp_1_2
19371 #EC 3602 
19372 #EA 19371 2
19373 #EA 17487 19372
19374 #EL #BD 11 13 19373
#DEF 3603 17486 19374 
3604 #NS 1189 decide_true
3605 #NS 3604 match_1_1
3606 #NI 961 964392197
3607 #NS 3606 _hygCtx
3608 #NS 3607 _hyg
3609 #NI 3608 18
19375 #EP #BD 3609 6726 108
3610 #NI 3608 25
19376 #EA 6727 2
19377 #EA 7 19376
19378 #EP #BD 3610 1715 19377
19379 #EA 1197 1715
19380 #EA 19379 2
19381 #EA 21 19380
19382 #EP #BD 119 8613 19381
19383 #EP #BD 51 19382 32
19384 #EP #BD 49 19378 19383
19385 #EP #BD 3609 6726 19384
19386 #EP #BD 13 19375 19385
19387 #EA 5985 1715
19388 #EL #BD 22 6726 203
19389 #EA 19387 19388
19390 #EA 19389 7
3611 #NI 3608 40
19391 #EL #BD 3611 8613 1219
19392 #EA 19390 19391
3612 #NI 3608 41
19393 #EL #BD 3612 1715 1216
19394 #EA 19392 19393
19395 #EL #BD 51 19382 19394
19396 #EL #BD 49 19378 19395
19397 #EL #BD 3609 6726 19396
19398 #EL #BD 13 19375 19397
#DEF 3605 19386 19398 
3613 #NS 0 decide_true
19399 #EA 10406 1715
19400 #EA 19399 2
19401 #EA 1594 19400
19402 #EA 19401 1468
19403 #EP #BD 119 6726 19402
19404 #EC 3605 
19405 #EL #BD 3609 6726 19402
19406 #EA 19404 19405
19407 #EA 19406 2
19408 #EA 19399 19376
19409 #EA 1642 19408
19410 #EL #BD 3610 1715 19409
19411 #EA 19407 19410
19412 #EA 19399 19380
19413 #EA 1594 19412
19414 #EA 19413 1468
19415 #EA 1995 19414
19416 #EA 2 1820
19417 #EA 19415 19416
19418 #EL #BD 119 8613 19417
19419 #EA 19411 19418
19420 #EL #BD 119 6726 19419
#DEF 3613 19403 19420 
3614 #NS 0 if_true
3615 #NI 3597 1069859783
3616 #NS 3615 _hygCtx
3617 #NS 3616 _hyg
3618 #NI 3617 6
19421 #EA 19349 1715
19422 #EA 19421 7
19423 #EA 19422 5
19424 #EA 19423 2
19425 #EA 1689 19424
19426 #EA 19425 5
19427 #EP #BD 281 7 19426
19428 #EP #BD 14 5 19427
19429 #EP #BI 3618 6726 19428
19430 #EP #BI 3 16 19429
19431 #EA 8428 1715
19432 #EA 19431 7
19433 #EA 19432 4254
19434 #EA 19433 21
19435 #EA 19434 5
19436 #EA 19435 2
19437 #EL #BD 281 7 19436
19438 #EL #BD 14 5 19437
19439 #EL #BI 3618 6726 19438
19440 #EL #BI 3 16 19439
#DEF 3614 19430 19440 15
19441 #EA 10406 12905
19442 #EA 19441 13336
19443 #EL #BD 22 13 19442
19444 #EA 7976 19443
19445 #EA 19444 2
19446 #EA 11468 19445
19447 #EA 1888 19446
19448 #EA 19447 11472
19449 #EP #BD 224 1010 19448
19450 #EL #BD 224 1010 19448
19451 #EA 4865 19450
19452 #EA 19444 3981
19453 #EA 11468 19452
19454 #EA 2759 19453
19455 #EA 19451 19454
19456 #EA 19444 3987
19457 #EA 11468 19456
19458 #EA 1888 19457
19459 #EA 19458 15169
19460 #EA 4886 19459
19461 #EA 10406 12912
19462 #EA 13335 7
19463 #EA 19461 19462
19464 #EA 1594 19463
19465 #EA 19464 1468
19466 #EA 8062 19465
19467 #EA 3584 19463
19468 #EA 19467 1468
19469 #EA 19466 19468
19470 #EA 19444 5
19471 #EA 3986 19470
19472 #EA 19469 19471
19473 #EA 19472 19470
19474 #EA 11468 19473
19475 #EA 1888 19474
19476 #EA 19475 15169
19477 #EA 19460 19476
19478 #EA 4242 19459
19479 #EA 19478 19476
19480 #EA 4063 19479
19481 #EA 8144 19458
19482 #EA 19481 19475
19483 #EA 8147 19457
19484 #EA 19483 19474
19485 #EA 19484 1888
19486 #EA 8151 19456
19487 #EA 19486 19473
19488 #EA 19487 11468
19489 #EA 8093 7
19490 #EA 19489 5
19491 #EA 19490 19443
19492 #EA 19488 19491
19493 #EA 19485 19492
19494 #EA 19482 19493
19495 #EA 19494 15169
19496 #EA 19480 19495
19497 #EA 19477 19496
19498 #EC 3581 0
3619 #NS 581 Prosa
3620 #NS 3619 Util
3621 #NS 3620 List
3622 #NI 3621 1814035232
3623 #NS 3622 _hygCtx
3624 #NS 3623 _hyg
3625 #NI 3624 44
19499 #EA 10406 12913
19500 #EA 13335 22
19501 #EA 19499 19500
19502 #EA 1594 19501
19503 #EA 19502 1468
19504 #EA 8062 19503
19505 #EA 3584 19501
19506 #EA 19505 1468
19507 #EA 19504 19506
19508 #EA 19444 21
19509 #EA 4000 19508
19510 #EA 19507 19509
19511 #EA 19510 19508
19512 #EA 11468 19511
19513 #EA 1888 19512
19514 #EA 19513 18777
19515 #EP #BD 119 7857 19514
19516 #EL #BD 3625 13 19515
19517 #EA 19498 19516
19518 #EA 19517 7
3626 #NI 886 1814035232
3627 #NS 3626 _hygCtx
3628 #NS 3627 _hyg
3629 #NI 3628 45
19519 #EA 7849 1021
19520 #EA 2436 1021
19521 #EA 1594 19442
19522 #EA 19521 1468
19523 #EA 8062 19522
19524 #EA 3584 19442
19525 #EA 19524 1468
19526 #EA 19523 19525
19527 #EA 16344 19508
19528 #EA 19526 19527
19529 #EA 19528 19508
19530 #EA 11468 19529
19531 #EA 1888 19530
19532 #EA 16344 21
19533 #EA 11468 19532
19534 #EA 19531 19533
19535 #EL #BD 52 13 19534
19536 #EA 19520 19535
19537 #EA 10406 12948
19538 #EA 13335 1021
19539 #EA 19537 19538
19540 #EA 1594 19539
19541 #EA 19540 1468
19542 #EA 8062 19541
19543 #EA 3584 19539
19544 #EA 19543 1468
19545 #EA 19542 19544
19546 #EA 3985 1021
19547 #EA 19444 7
19548 #EA 19546 19547
19549 #EA 19545 19548
19550 #EA 19549 19547
19551 #EA 11468 19550
19552 #EA 1888 19551
19553 #EA 19546 7
19554 #EA 11468 19553
19555 #EA 19552 19554
19556 #EA 4886 19555
19557 #EA 11468 19547
19558 #EA 1888 19557
19559 #EA 19558 19554
19560 #EA 19556 19559
19561 #EA 4242 19555
19562 #EA 19561 19559
19563 #EA 4063 19562
19564 #EA 8144 19552
19565 #EA 19564 19558
19566 #EA 8147 19551
19567 #EA 19566 19557
19568 #EA 19567 1888
19569 #EA 8151 19550
19570 #EA 19569 19547
19571 #EA 19570 11468
19572 #EA 4652 1010
19573 #EA 19572 19550
19574 #EA 8062 110
19575 #EA 19574 8949
19576 #EA 19575 19548
19577 #EA 19576 19547
19578 #EA 19573 19577
19579 #EA 19578 19547
19580 #EA 11019 1010
19581 #EA 19580 19541
19582 #EA 19581 110
19583 #EA 19582 19548
19584 #EA 19583 19547
19585 #EA 19584 19548
19586 #EA 19585 19547
19587 #EA 19586 19544
19588 #EA 19587 8949
19589 #EA 4653 19541
19590 #EA 19589 1647
19591 #EA 19590 110
19592 #EA 6408 19540
19593 #EA 19592 1638
19594 #EA 6412 19539
19595 #EA 19594 1473
19596 #EA 19595 1594
19597 #EA 4652 1314
19598 #EA 19597 19539
19599 #EA 19328 8949
19600 #EA 19598 19599
19601 #EA 19600 1473
19602 #EC 3582 
19603 #EA 19602 12948
19604 #EA 19603 110
19605 #EC 3585 
19606 #EA 19605 1021
19607 #EA 19604 19606
19608 #EA 19607 19538
19609 #EA 19608 8949
19610 #EA 19601 19609
19611 #EC 3595 
19612 #EA 19611 8949
19613 #EA 19610 19612
19614 #EA 19596 19613
19615 #EA 19593 19614
19616 #EA 19615 1468
19617 #EA 19591 19616
19618 #EA 19617 6423
19619 #EA 19588 19618
19620 #EA 19546 19508
19621 #EA 4033 19620
19622 #EL #BD 79 110 19621
19623 #EA 19619 19622
19624 #EA 4033 19508
19625 #EL #BD 79 6237 19624
19626 #EA 19623 19625
19627 #EA 19579 19626
19628 #EC 3596 3
19629 #EA 19628 1010
19630 #EA 19629 8949
19631 #EA 19630 19548
19632 #EA 19631 19547
19633 #EA 19627 19632
19634 #EA 19571 19633
19635 #EA 19568 19634
19636 #EA 19565 19635
19637 #EA 19636 19554
19638 #EA 19563 19637
19639 #EA 19560 19638
19640 #EA 4886 19559
19641 #EA 11498 16268
19642 #EA 19558 19641
19643 #EA 19640 19642
19644 #EA 4242 19559
19645 #EA 19644 19642
19646 #EA 4063 19645
19647 #EA 4931 19554
19648 #EA 19647 19641
19649 #EA 11468 19508
19650 #EA 1888 19649
19651 #EA 19650 2
19652 #EL #BD 1057 13 19651
19653 #EA 19648 19652
19654 #EA 15173 1021
19655 #EA 19654 7
19656 #EA 19653 19655
19657 #EA 19646 19656
19658 #EA 19643 19657
19659 #EA 4886 19642
19660 #EA 19558 16268
19661 #EA 19659 19660
19662 #EA 4242 19642
19663 #EA 19662 19660
19664 #EA 4063 19663
19665 #EA 4931 19641
19666 #EA 19665 16268
19667 #EA 19666 19558
19668 #EA 11254 16268
19669 #EA 19667 19668
19670 #EA 19664 19669
19671 #EA 19661 19670
19672 #EA 19671 5
19673 #EA 19658 19672
19674 #EA 19639 19673
19675 #EA 19536 19674
19676 #EA 19675 21
19677 #EA 7872 1021
19678 #EA 19677 2
19679 #EA 19676 19678
19680 #EL #BD 3629 19519 19679
19681 #EA 19518 19680
3630 #NI 3628 82
19682 #EA 7856 7908
19683 #EA 2436 11377
19684 #EA 19444 22
19685 #EA 16344 19684
19686 #EA 19526 19685
19687 #EA 19686 19684
19688 #EA 11468 19687
19689 #EA 1888 19688
19690 #EA 11468 16345
19691 #EA 19689 19690
19692 #EL #BD 52 13 19691
19693 #EA 19683 19692
19694 #EA 12904 11377
19695 #EA 10406 19694
19696 #EA 13335 11377
19697 #EA 19695 19696
19698 #EA 1594 19697
19699 #EA 19698 1468
19700 #EA 8062 19699
19701 #EA 3584 19697
19702 #EA 19701 1468
19703 #EA 19700 19702
19704 #EA 3985 11377
19705 #EA 19704 19508
19706 #EA 19703 19705
19707 #EA 19706 19508
19708 #EA 11468 19707
19709 #EA 1888 19708
19710 #EA 19704 21
19711 #EA 11468 19710
19712 #EA 19709 19711
19713 #EA 4886 19712
19714 #EA 11468 19705
19715 #EA 1888 19714
19716 #EA 19715 19711
19717 #EA 19713 19716
19718 #EA 4242 19712
19719 #EA 19718 19716
19720 #EA 4063 19719
19721 #EA 8144 19709
19722 #EA 19721 19715
19723 #EA 8147 19708
19724 #EA 19723 19714
19725 #EA 19724 1888
19726 #EA 8151 19707
19727 #EA 19726 19705
19728 #EA 19727 11468
19729 #EA 19572 19707
19730 #EA 8062 1715
19731 #EA 19730 8164
19732 #EA 19731 19705
19733 #EA 19732 19508
19734 #EA 19729 19733
19735 #EA 19734 19705
19736 #EA 19580 19699
19737 #EA 19736 1715
19738 #EA 19737 19705
19739 #EA 19738 19508
19740 #EA 19739 19705
19741 #EA 19740 19508
19742 #EA 19741 19702
19743 #EA 19742 8164
19744 #EA 4653 19699
19745 #EA 19744 1668
19746 #EA 19745 1715
19747 #EA 6408 19698
19748 #EA 19747 1658
19749 #EA 6412 19697
19750 #EA 19749 1468
19751 #EA 19750 1594
19752 #EA 19597 19697
19753 #EA 19399 8164
19754 #EA 19752 19753
19755 #EA 19754 1468
19756 #EA 19602 19694
19757 #EA 19756 1715
19758 #EC 3603 
19759 #EA 19758 5
19760 #EA 19757 19759
19761 #EA 19760 19696
19762 #EA 19761 8164
19763 #EA 19755 19762
19764 #EC 3613 
19765 #EA 19764 8164
19766 #EA 19763 19765
19767 #EA 19751 19766
19768 #EA 19748 19767
19769 #EA 19768 1468
19770 #EA 19746 19769
19771 #EA 19770 6483
19772 #EA 19743 19771
19773 #EA 3985 7806
19774 #EA 19773 19684
19775 #EA 4033 19774
19776 #EL #BD 79 1715 19775
19777 #EA 19772 19776
19778 #EA 4033 19684
19779 #EL #BD 79 8613 19778
19780 #EA 19777 19779
19781 #EA 19735 19780
19782 #EC 3614 3
19783 #EA 19782 1010
19784 #EA 19783 8164
19785 #EA 19784 19705
19786 #EA 19785 19508
19787 #EA 19781 19786
19788 #EA 19728 19787
19789 #EA 19725 19788
19790 #EA 19722 19789
19791 #EA 19790 19711
19792 #EA 19720 19791
19793 #EA 19717 19792
19794 #EA 4886 19716
19795 #EA 3625 11377
19796 #EA 19795 19649
19797 #EA 1888 19796
19798 #EA 19797 19711
19799 #EA 19794 19798
19800 #EA 4242 19716
19801 #EA 19800 19798
19802 #EA 4063 19801
19803 #EA 4931 19714
19804 #EA 19803 19796
19805 #EA 19773 22
19806 #EA 11468 19805
19807 #EA 4934 19806
19808 #EL #BD 1057 13 19807
19809 #EA 19804 19808
19810 #EA 15173 11377
19811 #EA 19810 19508
19812 #EA 19809 19811
19813 #EA 19802 19812
19814 #EA 19799 19813
19815 #EA 4886 19798
19816 #EA 19795 16326
19817 #EA 19797 19816
19818 #EA 19815 19817
19819 #EA 4242 19798
19820 #EA 19819 19817
19821 #EA 4063 19820
19822 #EA 4931 19711
19823 #EA 19822 19816
19824 #EA 3625 7806
19825 #EA 11468 19684
19826 #EA 19824 19825
19827 #EA 1888 19826
19828 #EA 19827 2
19829 #EL #BD 1057 13 19828
19830 #EA 19823 19829
19831 #EA 19810 21
19832 #EA 19830 19831
19833 #EA 19821 19832
19834 #EA 19818 19833
19835 #EA 4886 19817
19836 #EA 1888 19816
19837 #EA 19836 19816
19838 #EA 19835 19837
19839 #EA 4242 19817
19840 #EA 19839 19837
19841 #EA 4063 19840
19842 #EA 4931 19649
19843 #EA 19842 16326
19844 #EA 19824 2
19845 #EA 1888 19844
19846 #EA 19824 16358
19847 #EA 19845 19846
19848 #EL #BD 1057 13 19847
19849 #EA 19843 19848
19850 #EA 19849 7
19851 #EA 19841 19850
19852 #EA 19838 19851
19853 #EA 2759 19816
19854 #EA 19852 19853
19855 #EA 19834 19854
19856 #EA 19814 19855
19857 #EA 19793 19856
19858 #EA 19693 19857
19859 #EA 19858 22
19860 #EA 2566 22
19861 #EA 19860 11377
19862 #EA 19861 2
19863 #EA 19859 19862
19864 #EL #BD 3630 19682 19863
19865 #EL #BD 11 13 19864
19866 #EA 19681 19865
19867 #EA 2759 7
19868 #EA 19866 19867
19869 #EA 19497 19868
19870 #EL #BD 514 19448 19869
19871 #EL #BD 224 1010 19870
19872 #EL #BD 52 13 19871
19873 #EA 19455 19872
19874 #EA 19873 2
19875 #EL #BD 224 1010 19874
#DEF 3584 19449 19875 
3631 #NS 744 ListLastInterface
3632 #NS 3631 nat_zero
19876 #EA 10998 1352
#DEF 3632 19876 11033 
3633 #NS 3631 append_nil
19877 #EA 5162 2
19878 #EA 3997 19877
19879 #EA 19878 2
19880 #EP #BD 891 1010 19879
19881 #EA 4033 19877
19882 #EL #BD 891 1010 19881
#DEF 3633 19880 19882 
3634 #NS 3631 append_cons
19883 #EA 4887 2
19884 #EA 3997 19883
19885 #EA 4894 2
19886 #EA 3986 19885
19887 #EA 19884 19886
19888 #EP #BD 891 1010 19887
19889 #EP #BD 224 1010 19888
19890 #EP #BD 22 13 19889
19891 #EA 4033 19883
19892 #EL #BD 891 1010 19891
19893 #EL #BD 224 1010 19892
19894 #EL #BD 22 13 19893
#DEF 3634 19890 19894 
3635 #NS 3631 filter_nil
19895 #EA 7976 2
19896 #EA 19895 3981
19897 #EA 3997 19896
19898 #EA 19897 3981
19899 #EP #BD 148 1453 19898
19900 #EA 4033 19896
19901 #EL #BD 148 1453 19900
#DEF 3635 19899 19901 
3636 #NS 3631 filter_cons
3637 #NS 3636 match_1
#DEF 3637 5379 5388 15
19902 #EA 7976 7
19903 #EA 19902 4050
19904 #EA 3997 19903
19905 #EC 3637 3
3638 #NS 23 Validation
3639 #NS 3638 fixtures
3640 #NS 3639 utility_foundation
3641 #NS 3640 ListLastComputationInterface
3642 #NI 3641 3492701902
3643 #NS 3642 _hygCtx
3644 #NS 3643 _hyg
3645 #NI 3644 35
19906 #EL #BD 3645 1314 1010
19907 #EA 19905 19906
19908 #EA 19907 96
19909 #EA 7977 5
19910 #EA 3986 19909
19911 #EL #BD 370 1519 19910
19912 #EA 19908 19911
19913 #EL #BD 370 1519 19909
19914 #EA 19912 19913
19915 #EA 19904 19914
19916 #EP #BD 224 1010 19915
19917 #EP #BD 22 13 19916
19918 #EP #BD 148 1453 19917
19919 #EA 4033 19903
19920 #EL #BD 224 1010 19919
19921 #EL #BD 22 13 19920
19922 #EL #BD 148 1453 19921
#DEF 3636 19918 19922 
3646 #NS 3631 length_nil
19923 #EA 1888 18600
19924 #EA 19923 1021
19925 #EA 2759 18600
#DEF 3646 19924 19925 
3647 #NS 3631 length_cons_succ
19926 #EA 18579 4050
19927 #EA 1888 19926
19928 #EA 1288 18580
19929 #EA 19927 19928
19930 #EP #BD 224 1010 19929
19931 #EP #BD 22 13 19930
19932 #EA 2759 19926
19933 #EL #BD 224 1010 19932
19934 #EL #BD 22 13 19933
#DEF 3647 19931 19934 
3648 #NS 3631 sub_one
19935 #EA 13052 2
19936 #EA 19935 2968
19937 #EA 1888 19936
19938 #EA 19937 7747
19939 #EP #BD 11 13 19938
19940 #EA 2759 19936
19941 #EL #BD 11 13 19940
#DEF 3648 19939 19941 
3649 #NS 745 getD_nat_nil
19942 #EC 746 0
19943 #EA 19942 13
19944 #EA 19943 3981
19945 #EA 19944 2
19946 #EA 19945 1021
19947 #EA 1888 19946
19948 #EA 19947 1021
19949 #EP #BD 11 13 19948
19950 #EA 2759 19946
19951 #EL #BD 11 13 19950
#DEF 3649 19949 19951 
3650 #NS 745 getD_nat_zero
19952 #EA 19943 4050
19953 #EA 19952 1021
19954 #EA 19953 1021
19955 #EA 1888 19954
19956 #EA 19955 5
19957 #EP #BD 224 1010 19956
19958 #EP #BD 22 13 19957
19959 #EA 2759 19954
19960 #EL #BD 224 1010 19959
19961 #EL #BD 22 13 19960
#DEF 3650 19958 19961 
3651 #NS 745 getD_nat_succ
19962 #EA 19943 3987
19963 #EA 19962 7908
19964 #EA 19963 1021
19965 #EA 1888 19964
19966 #EA 19943 5
19967 #EA 19966 2
19968 #EA 19967 1021
19969 #EA 19965 19968
19970 #EP #BD 11 13 19969
19971 #EP #BD 224 1010 19970
19972 #EP #BD 22 13 19971
19973 #EA 2759 19964
19974 #EL #BD 11 13 19973
19975 #EL #BD 224 1010 19974
19976 #EL #BD 22 13 19975
#DEF 3651 19972 19976 
