1 #NS 0 Nat
2 #NS 1 zero
0 #EC 1 
3 #NS 1 succ
4 #NS 0 n
1 #EP #BD 4 0 0
1 #US 0
2 #ES 1
#IND 0 1 2 2 2 0 3 1 
5 #NS 0 False
3 #ES 0
#IND 0 5 3 0  
6 #NS 0 Not
7 #NS 0 a
4 #EP #BD 7 3 3
8 #NS 7 _@
9 #NS 8 _internal
10 #NS 9 _hyg
11 #NI 10 0
5 #EV 0
6 #EC 5 
7 #EP #BD 11 5 6
8 #EL #BD 7 3 7
#DEF 6 4 8 
12 #NS 0 Decidable
13 #NS 12 isFalse
14 #NS 0 p
15 #NS 0 h
9 #EC 6 
10 #EA 9 5
11 #EC 12 
12 #EV 1
13 #EA 11 12
14 #EP #BD 15 10 13
15 #EP #BI 14 3 14
16 #NS 12 isTrue
16 #EP #BD 15 5 13
17 #EP #BI 14 3 16
18 #EP #BD 14 3 2
#IND 1 12 18 2 13 15 16 17 
17 #NS 0 DecidablePred
18 #NS 0 α
19 #NS 0 u
2 #UP 19
19 #ES 2
20 #NS 0 r
20 #EP #BD 11 5 3
3 #UM 1 2
21 #ES 3
22 #EP #BD 20 20 21
23 #EP #BI 18 19 22
24 #EA 12 5
25 #EA 11 24
26 #EP #BD 7 12 25
27 #EL #BD 20 20 26
28 #EL #BI 18 19 27
#DEF 17 23 28 19
21 #NS 0 Exists
22 #NS 21 intro
23 #NS 0 w
29 #EC 21 2
30 #EV 3
31 #EA 29 30
32 #EV 2
33 #EA 31 32
34 #EP #BD 15 24 33
35 #EP #BD 23 12 34
36 #EP #BI 14 20 35
37 #EP #BI 18 19 36
38 #EP #BD 14 20 3
39 #EP #BI 18 19 38
#IND 2 21 39 1 22 37 19
24 #NS 0 Subtype
25 #NS 24 mk
26 #NS 0 val
27 #NS 0 property
40 #EC 24 2
41 #EA 40 30
42 #EA 41 32
43 #EP #BD 27 24 42
44 #EP #BD 26 12 43
45 #EP #BI 14 20 44
46 #EP #BI 18 19 45
#IND 2 24 23 1 25 46 19
28 #NS 24 val
29 #NS 0 self
47 #EA 40 12
48 #EA 47 5
49 #EP #BD 29 48 32
50 #EP #BI 14 20 49
51 #EP #BI 18 19 50
52 #EJ 24 0 5
53 #EL #BD 29 48 52
54 #EL #BD 14 20 53
55 #EL #BD 18 19 54
#DEF 28 51 55 19
30 #NS 0 And
31 #NS 30 intro
32 #NS 0 b
33 #NS 0 left
34 #NS 0 right
56 #EC 30 
57 #EA 56 30
58 #EA 57 32
59 #EP #BD 34 12 58
60 #EP #BD 33 12 59
61 #EP #BI 32 3 60
62 #EP #BI 7 3 61
63 #EP #BD 7 3 4
#IND 2 30 63 1 31 62 
35 #NS 0 LT
36 #NS 35 mk
4 #US 2
64 #ES 4
37 #NS 0 lt
65 #EP #BD 11 12 3
66 #EP #BD 11 5 65
67 #EC 35 2
68 #EA 67 12
69 #EP #BD 37 66 68
70 #EP #BI 18 64 69
71 #EP #BD 18 64 64
#IND 1 35 71 1 36 70 19
38 #NS 35 lt
72 #EA 67 5
73 #EP #BD 11 32 3
74 #EP #BD 11 12 73
75 #EP #BC 29 72 74
76 #EP #BI 18 64 75
77 #EJ 35 0 5
78 #EL #BC 29 72 77
79 #EL #BD 18 64 78
#DEF 38 76 79 19
39 #NS 1 le
40 #NS 39 refl
80 #EC 39 
81 #EA 80 5
82 #EA 81 5
83 #EP #BI 4 0 82
41 #NS 39 step
42 #NS 0 m
84 #EA 80 12
85 #EA 84 5
86 #EA 80 32
87 #EC 3 
88 #EA 87 12
89 #EA 86 88
90 #EP #BD 11 85 89
91 #EP #BI 42 0 90
92 #EP #BI 4 0 91
93 #EP #BD 11 0 3
94 #EP #BD 4 0 93
#IND 1 39 94 2 40 83 41 92 
43 #NS 1 lt
95 #EA 80 88
96 #EA 95 5
97 #EL #BD 42 0 96
98 #EL #BD 4 0 97
#DEF 43 94 98 
44 #NS 0 instLTNat
99 #EC 35 0
100 #EA 99 0
101 #EC 36 0
102 #EA 101 0
103 #EC 43 
104 #EA 102 103
#DEF 44 100 104 
45 #NS 0 Acc
46 #NS 45 intro
47 #NS 0 x
48 #NS 0 y
105 #EA 32 5
106 #EA 105 12
107 #EC 45 2
108 #EV 4
109 #EA 107 108
110 #EA 109 30
111 #EA 110 12
112 #EP #BD 11 106 111
113 #EP #BD 48 32 112
114 #EA 107 30
115 #EA 114 32
116 #EA 115 12
117 #EP #BD 15 113 116
118 #EP #BD 47 12 117
119 #EP #BI 20 66 118
120 #EP #BI 18 19 119
121 #EP #BD 20 66 65
122 #EP #BI 18 19 121
#IND 2 45 122 1 46 120 19
49 #NS 0 WellFounded
50 #NS 49 intro
123 #EA 107 32
124 #EA 123 12
125 #EA 124 5
126 #EP #BD 7 12 125
127 #EC 49 2
128 #EA 127 32
129 #EA 128 12
130 #EP #BD 15 126 129
131 #EP #BI 20 66 130
132 #EP #BI 18 19 131
133 #EP #BD 20 66 3
134 #EP #BI 18 19 133
#IND 2 49 134 1 50 132 19
51 #NS 49 fixF
52 #NS 0 C
53 #NS 0 v
5 #UP 53
135 #ES 5
136 #EP #BD 11 12 135
54 #NS 0 F
137 #EA 30 5
138 #EA 137 12
139 #EA 30 12
140 #EP #BD 11 138 139
141 #EP #BD 48 30 140
142 #EA 32 12
143 #EP #BD 11 141 142
144 #EP #BD 47 32 143
145 #EA 110 5
146 #EP #BD 7 145 139
147 #EP #BD 47 30 146
148 #EP #BD 54 144 147
149 #EP #BI 52 136 148
150 #EP #BI 20 66 149
151 #EP #BI 18 19 150
55 #NS 45 rec
152 #EC 55 5 2
153 #EV 5
154 #EA 152 153
155 #EA 154 108
156 #EV 6
157 #EA 107 156
158 #EA 157 153
159 #EA 158 5
160 #EA 153 12
161 #EL #BD 7 159 160
162 #EL #BD 47 153 161
163 #EA 155 162
56 #NS 0 x₁
57 #NS 15 _@
58 #NS 57 Init
59 #NS 58 WF
60 #NI 59 916566324
61 #NS 60 _hygCtx
62 #NS 61 _hyg
63 #NI 62 41
164 #EA 156 5
165 #EA 164 12
166 #EV 8
167 #EA 107 166
168 #EV 7
169 #EA 167 168
170 #EA 169 12
171 #EP #BD 11 165 170
172 #EP #BD 48 156 171
64 #NS 0 ih
173 #EA 168 5
174 #EA 173 32
175 #EA 168 12
176 #EP #BD 11 174 175
177 #EP #BD 48 168 176
178 #EA 153 32
179 #EA 178 5
180 #EL #BD 64 177 179
181 #EL #BD 63 172 180
182 #EL #BD 56 153 181
183 #EA 163 182
184 #EA 183 12
185 #EA 184 5
186 #EL #BD 7 145 185
187 #EL #BD 47 30 186
188 #EL #BD 54 144 187
189 #EL #BI 52 136 188
190 #EL #BI 20 66 189
191 #EL #BI 18 19 190
#DEF 51 151 191 19 53
65 #NS 49 apply
66 #NS 0 wf
192 #EA 127 12
193 #EA 192 5
194 #EA 115 5
195 #EP #BD 7 32 194
196 #EP #BD 66 193 195
197 #EP #BI 20 66 196
198 #EP #BI 18 19 197
67 #NS 49 rec
199 #EC 67 0 2
200 #EA 199 30
201 #EA 200 32
68 #NS 47 _@
69 #NS 68 Init
70 #NS 69 WF
71 #NI 70 2049973126
72 #NS 71 _hygCtx
73 #NS 72 _hyg
74 #NI 73 17
202 #EA 127 30
203 #EA 202 32
75 #NI 73 16
204 #EA 107 153
205 #EA 204 108
206 #EA 205 5
207 #EP #BD 75 108 206
208 #EL #BD 74 203 207
209 #EA 201 208
210 #EP #BD 7 30 145
211 #EL #BD 14 210 5
212 #EA 209 211
213 #EA 212 12
214 #EA 213 5
215 #EL #BD 7 32 214
216 #EL #BD 66 193 215
217 #EL #BI 20 66 216
218 #EL #BI 18 19 217
#DEF 65 198 218 19
76 #NS 49 fix
219 #EP #BD 11 5 135
77 #NS 0 hwf
220 #EA 128 5
221 #EP #BD 11 138 160
222 #EP #BD 48 108 221
223 #EA 108 12
224 #EP #BD 11 222 223
225 #EP #BD 47 30 224
226 #EA 108 5
227 #EP #BD 47 108 226
228 #EP #BD 54 225 227
229 #EP #BD 77 220 228
230 #EP #BI 20 74 229
231 #EP #BI 52 219 230
232 #EP #BI 18 19 231
233 #EC 51 2 5
234 #EA 233 153
235 #EA 234 30
236 #EA 235 108
237 #EA 236 12
238 #EA 237 5
239 #EC 65 2
240 #EA 239 153
241 #EA 240 30
242 #EA 241 32
243 #EA 242 5
244 #EA 238 243
245 #EL #BD 47 108 244
246 #EL #BD 54 225 245
247 #EL #BD 77 220 246
248 #EL #BI 20 74 247
249 #EL #BI 52 219 248
250 #EL #BI 18 19 249
#DEF 76 232 250 19 53
78 #NS 0 Eq
79 #NS 78 refl
80 #NS 0 u_1
6 #UP 80
251 #ES 6
252 #EC 78 6
253 #EA 252 12
254 #EA 253 5
255 #EA 254 5
256 #EP #BD 7 5 255
257 #EP #BI 18 251 256
258 #EP #BI 18 251 66
#IND 2 78 258 1 79 257 80
81 #NS 0 outParam
259 #EP #BD 18 19 19
260 #EL #BD 18 19 5
#DEF 81 259 260 19
82 #NS 0 HAdd
83 #NS 82 mk
84 #NS 0 β
7 #US 5
261 #ES 7
85 #NS 0 γ
8 #UP 23
9 #US 8
10 #US 9
262 #EC 81 10
263 #ES 9
264 #EA 262 263
86 #NS 0 hAdd
265 #EP #BD 11 32 32
266 #EP #BD 11 32 265
267 #EC 82 2 5 8
268 #EA 267 30
269 #EA 268 32
270 #EA 269 12
271 #EP #BD 86 266 270
272 #EP #BI 85 264 271
273 #EP #BI 84 261 272
274 #EP #BI 18 64 273
11 #UM 4 7
12 #UM 11 9
275 #ES 12
276 #EP #BD 85 264 275
277 #EP #BD 84 261 276
278 #EP #BD 18 64 277
#IND 3 82 278 1 83 274 19 53 23
87 #NS 82 hAdd
279 #EA 267 32
280 #EA 279 12
281 #EA 280 5
282 #EP #BD 11 30 30
283 #EP #BD 11 30 282
284 #EP #BC 29 281 283
285 #EP #BI 85 264 284
286 #EP #BI 84 261 285
287 #EP #BI 18 64 286
288 #EJ 82 0 5
289 #EL #BC 29 281 288
290 #EL #BI 85 264 289
291 #EL #BD 84 261 290
292 #EL #BD 18 64 291
#DEF 87 287 292 19 53 23
88 #NS 0 Add
89 #NS 88 mk
90 #NS 0 add
293 #EP #BD 11 12 32
294 #EP #BD 11 5 293
295 #EC 88 2
296 #EA 295 12
297 #EP #BD 90 294 296
298 #EP #BI 18 64 297
#IND 1 88 71 1 89 298 19
91 #NS 88 add
299 #EA 295 5
300 #EP #BD 11 32 30
301 #EP #BD 11 12 300
302 #EP #BC 29 299 301
303 #EP #BI 18 64 302
304 #EJ 88 0 5
305 #EL #BC 29 299 304
306 #EL #BD 18 64 305
#DEF 91 303 306 19
92 #NS 0 instHAdd
13 #US 6
307 #ES 13
93 #NS 0 inst
94 #NS 93 _@
95 #NS 94 Init
96 #NS 95 Prelude
97 #NI 96 1910291827
98 #NS 97 _hygCtx
99 #NS 98 _hyg
100 #NI 99 5
308 #EC 88 6
309 #EA 308 5
310 #EC 82 6 6 6
311 #EA 310 12
312 #EA 311 12
313 #EA 312 12
314 #EP #BC 100 309 313
315 #EP #BI 18 307 314
316 #EC 83 6 6 6
317 #EA 316 12
318 #EA 317 12
319 #EA 318 12
320 #EC 91 6
321 #EA 320 30
322 #EA 321 32
323 #EA 322 12
324 #EA 323 5
325 #EL #BD 32 32 324
326 #EL #BD 7 12 325
327 #EA 319 326
328 #EL #BC 100 309 327
329 #EL #BI 18 307 328
#DEF 92 315 329 80
101 #NS 0 PUnit
102 #NS 101 unit
330 #EC 101 2
#IND 0 101 19 1 102 330 19
103 #NS 0 PProd
104 #NS 103 mk
105 #NS 0 fst
106 #NS 0 snd
331 #EC 103 2 5
332 #EA 331 30
333 #EA 332 32
334 #EP #BD 106 12 333
335 #EP #BD 105 12 334
336 #EP #BI 84 135 335
337 #EP #BI 18 19 336
14 #UM 3 5
338 #ES 14
339 #EP #BD 84 135 338
340 #EP #BD 18 19 339
#IND 2 103 340 1 104 337 19 53
107 #NS 1 below
108 #NS 0 motive
109 #NS 0 t
341 #EP #BD 109 0 19
342 #EP #BD 109 0 21
343 #EP #BI 108 341 342
110 #NS 1 rec
15 #US 3
344 #EC 110 15
345 #EL #BD 109 0 21
346 #EA 344 345
347 #EC 101 3
348 #EA 346 347
111 #NS 0 n_ih
349 #EC 103 2 3
350 #EA 349 139
351 #EA 350 5
352 #EL #BD 111 21 351
353 #EL #BD 4 0 352
354 #EA 348 353
355 #EA 354 5
356 #EL #BD 109 0 355
357 #EL #BI 108 341 356
#DEF 107 343 357 19
112 #NS 1 brecOn
113 #NS 112 go
114 #NS 0 F_1
115 #NS 0 f
358 #EC 107 2
359 #EA 358 32
360 #EA 359 5
361 #EP #BD 115 360 139
362 #EP #BD 109 0 361
363 #EA 349 142
364 #EA 359 12
365 #EA 363 364
366 #EP #BD 114 362 365
367 #EP #BD 109 0 366
368 #EP #BI 108 341 367
369 #EC 110 3
370 #EA 349 137
371 #EA 358 30
372 #EA 371 5
373 #EA 370 372
374 #EL #BD 109 0 373
375 #EA 369 374
376 #EC 104 2 3
377 #EC 2 
378 #EA 32 377
379 #EA 376 378
380 #EA 379 347
381 #EA 5 377
382 #EC 102 3
383 #EA 381 382
384 #EA 380 383
385 #EA 384 382
386 #EA 375 385
387 #EA 108 88
388 #EA 376 387
389 #EA 349 223
390 #EA 358 108
391 #EA 390 12
392 #EA 389 391
393 #EA 388 392
394 #EA 32 88
395 #EA 394 5
396 #EA 393 395
397 #EA 396 5
398 #EL #BD 111 373 397
399 #EL #BD 4 0 398
400 #EA 386 399
401 #EA 400 12
402 #EL #BD 114 362 401
403 #EL #BD 109 0 402
404 #EL #BI 108 341 403
#DEF 113 368 404 19
405 #EP #BD 114 362 142
406 #EP #BD 109 0 405
407 #EP #BI 108 341 406
408 #EC 113 2
409 #EA 408 32
410 #EA 409 12
411 #EA 410 5
412 #EJ 103 0 411
413 #EL #BD 114 362 412
414 #EL #BD 109 0 413
415 #EL #BI 108 341 414
#DEF 112 407 415 19
116 #NS 1 casesOn
117 #NS 0 zero
416 #EA 12 377
118 #NS 0 succ
417 #EA 87 5
418 #EA 30 417
419 #EP #BD 4 0 418
420 #EA 30 32
421 #EP #BD 118 419 420
422 #EP #BD 117 416 421
423 #EP #BD 109 0 422
424 #EP #BI 108 341 423
425 #EC 110 2
426 #EA 425 30
427 #EA 426 12
428 #EL #BD 111 226 142
429 #EL #BD 4 0 428
430 #EA 427 429
431 #EA 430 32
432 #EL #BD 118 419 431
433 #EL #BD 117 416 432
434 #EL #BD 109 0 433
435 #EL #BI 108 341 434
#DEF 116 424 435 19
119 #NS 1 add
120 #NS 119 match_1
121 #NS 69 Prelude
122 #NI 121 2314059840
123 #NS 122 _hygCtx
124 #NI 123 13
125 #NS 124 Init
126 #NS 125 Prelude
127 #NI 126 2314059840
128 #NS 127 _hygCtx
129 #NS 128 _hyg
130 #NI 129 32
131 #NI 123 14
132 #NS 131 Init
133 #NS 132 Prelude
134 #NI 133 2314059840
135 #NS 134 _hygCtx
136 #NS 135 _hyg
137 #NI 136 35
436 #EP #BD 137 0 251
437 #EP #BD 130 0 436
138 #NS 0 h_1
438 #EA 137 377
439 #EP #BD 7 0 438
139 #NS 0 h_2
440 #EA 160 417
441 #EP #BD 32 0 440
442 #EP #BD 7 0 441
443 #EA 108 30
444 #EA 443 32
445 #EP #BD 139 442 444
446 #EP #BD 138 439 445
447 #EP #BD 137 0 446
448 #EP #BD 130 0 447
449 #EP #BD 108 437 448
450 #EC 116 6
451 #EA 153 108
452 #EA 451 5
453 #EL #BD 47 0 452
454 #EA 450 453
455 #EA 454 32
456 #EA 12 30
457 #EA 455 456
140 #NS 4 _@
141 #NS 140 Init
142 #NS 141 Prelude
143 #NI 142 2314059840
144 #NS 143 _hygCtx
145 #NS 144 _hyg
146 #NI 145 62
458 #EA 12 108
459 #EA 458 5
460 #EL #BD 146 0 459
461 #EA 457 460
462 #EL #BD 139 442 461
463 #EL #BD 138 439 462
464 #EL #BD 137 0 463
465 #EL #BD 130 0 464
466 #EL #BD 108 437 465
#DEF 120 449 466 80
147 #NS 119 _f
148 #NS 123 _hyg
149 #NI 148 14
467 #EC 107 1
468 #EL #BD 149 0 1
469 #EA 467 468
470 #EA 469 5
471 #EP #BD 115 470 1
472 #EP #BD 149 0 471
150 #NI 148 13
473 #EC 120 1
151 #NI 148 65
474 #EP #BD 151 470 0
475 #EL #BD 137 0 474
476 #EL #BD 130 0 475
477 #EA 473 476
478 #EA 477 5
479 #EA 478 32
480 #EA 469 377
481 #EL #BD 151 480 12
482 #EL #BD 7 0 481
483 #EA 479 482
484 #EA 469 417
485 #EJ 103 0 5
486 #EA 485 32
487 #EA 87 486
488 #EL #BD 151 484 487
489 #EL #BD 32 0 488
490 #EL #BD 7 0 489
491 #EA 483 490
492 #EA 491 12
493 #EL #BD 150 0 492
494 #EL #BD 115 470 493
495 #EL #BD 149 0 494
#DEF 147 472 495 
496 #EP #BD 11 0 0
497 #EP #BD 11 0 496
498 #EC 112 1
499 #EA 498 468
500 #EA 499 5
501 #EC 147 
502 #EA 500 501
503 #EA 502 12
504 #EL #BD 149 0 503
505 #EL #BD 150 0 504
#DEF 119 497 505 
152 #NS 0 instAddNat
506 #EC 88 0
507 #EA 506 0
508 #EC 89 0
509 #EA 508 0
510 #EC 119 
511 #EA 509 510
#DEF 152 507 511 
153 #NS 0 OfNat
154 #NS 153 mk
155 #NI 121 1822880135
156 #NS 155 _hygCtx
157 #NS 156 _hyg
158 #NI 157 3
159 #NS 0 ofNat
512 #EC 153 2
513 #EA 512 32
514 #EA 513 12
515 #EP #BD 159 12 514
516 #EP #BI 158 0 515
517 #EP #BI 18 64 516
518 #EP #BD 158 0 64
519 #EP #BD 18 64 518
#IND 2 153 519 1 154 517 19
160 #NS 153 ofNat
520 #EA 512 12
521 #EA 520 5
522 #EP #BC 29 521 32
523 #EP #BD 158 0 522
524 #EP #BI 18 64 523
525 #EJ 153 0 5
526 #EL #BC 29 521 525
527 #EL #BD 158 0 526
528 #EL #BD 18 64 527
#DEF 160 524 528 19
161 #NS 0 instOfNatNat
529 #EC 153 0
530 #EA 529 0
531 #EA 530 5
532 #EP #BD 4 0 531
533 #EC 154 0
534 #EA 533 0
535 #EA 534 5
536 #EA 535 5
537 #EL #BD 4 0 536
#DEF 161 532 537 
162 #NS 0 LE
163 #NS 162 mk
164 #NS 0 le
538 #EC 162 2
539 #EA 538 12
540 #EP #BD 164 66 539
541 #EP #BI 18 64 540
#IND 1 162 71 1 163 541 19
165 #NS 162 le
542 #EA 538 5
543 #EP #BC 29 542 74
544 #EP #BI 18 64 543
545 #EJ 162 0 5
546 #EL #BC 29 542 545
547 #EL #BD 18 64 546
#DEF 165 544 547 19
166 #NS 0 instLENat
548 #EC 162 0
549 #EA 548 0
550 #EC 163 0
551 #EA 550 0
552 #EA 551 80
#DEF 166 549 552 
167 #NS 0 _private
168 #NS 167 Mathlib
169 #NS 168 Data
170 #NS 169 Nat
171 #NS 170 Find
172 #NI 171 0
173 #NS 172 Nat
174 #NS 173 lbp
553 #EP #BI 14 93 94
554 #EC 78 1
555 #EA 554 0
556 #EA 555 12
557 #EC 87 0 0 0
558 #EA 557 0
559 #EA 558 0
560 #EA 559 0
561 #EC 92 0
562 #EA 561 0
563 #EC 152 
564 #EA 562 563
565 #EA 560 564
566 #EA 565 5
567 #EC 160 0
568 #EA 567 0
569 #ELN 1
570 #EA 568 569
571 #EC 161 
572 #EA 571 569
573 #EA 570 572
574 #EA 566 573
575 #EA 556 574
576 #EA 56 575
175 #NS 0 k
577 #EC 165 0
578 #EA 577 0
579 #EC 166 
580 #EA 578 579
581 #EA 580 5
582 #EA 581 12
583 #EA 9 223
584 #EP #BD 11 582 583
585 #EP #BD 175 0 584
586 #EA 576 585
587 #EL #BD 4 0 586
588 #EL #BD 42 0 587
589 #EL #BI 14 93 588
#DEF 174 553 589 
176 #NS 21 casesOn
590 #EA 29 12
591 #EA 590 5
592 #EP #BD 109 591 3
593 #EA 29 32
594 #EA 593 12
177 #NS 0 intro
595 #EC 22 2
596 #EA 595 153
597 #EA 596 108
598 #EA 597 12
599 #EA 598 5
600 #EA 30 599
601 #EP #BD 15 137 600
602 #EP #BD 23 30 601
603 #EP #BD 177 602 142
604 #EP #BD 109 594 603
605 #EP #BI 108 592 604
606 #EP #BI 14 20 605
607 #EP #BI 18 19 606
178 #NS 21 rec
608 #EC 178 2
609 #EA 608 108
610 #EA 609 30
611 #EA 610 32
612 #EA 142 5
613 #EL #BD 15 226 612
614 #EL #BD 23 108 613
615 #EA 611 614
616 #EA 615 12
617 #EL #BD 177 602 616
618 #EL #BD 109 594 617
619 #EL #BI 108 592 618
620 #EL #BI 14 20 619
621 #EL #BI 18 19 620
#DEF 176 607 621 19
179 #NS 173 wf_lbp
180 #NS 179 match_3
181 #NS 0 H
182 #NS 181 _@
183 #NS 182 Mathlib
184 #NS 183 Data
185 #NS 184 Nat
186 #NS 185 Find
187 #NI 186 2471714299
188 #NS 187 _hygCtx
189 #NS 188 _hyg
190 #NI 189 43
622 #EC 21 1
623 #EA 622 0
624 #EL #BD 4 0 24
625 #EA 623 624
626 #EP #BD 190 625 3
627 #EL #BD 4 0 105
628 #EA 623 627
191 #NS 0 pn
629 #EC 22 1
630 #EA 629 0
631 #EA 153 5
632 #EL #BD 4 0 631
633 #EA 630 632
634 #EA 633 12
635 #EA 634 5
636 #EA 30 635
637 #EP #BD 191 137 636
638 #EP #BD 4 0 637
639 #EP #BD 138 638 142
640 #EP #BD 190 628 639
641 #EP #BD 108 626 640
642 #EP #BI 14 93 641
643 #EC 176 1
644 #EA 643 0
645 #EL #BD 4 0 226
646 #EA 644 645
647 #EA 623 645
648 #EL #BD 47 647 137
649 #EA 646 648
650 #EA 649 12
192 #NS 23 _@
193 #NS 192 Mathlib
194 #NS 193 Data
195 #NS 194 Nat
196 #NS 195 Find
197 #NI 196 2471714299
198 #NS 197 _hygCtx
199 #NS 198 _hyg
200 #NI 199 179
651 #EL #BD 200 0 613
652 #EA 650 651
653 #EL #BD 138 638 652
654 #EL #BD 190 628 653
655 #EL #BD 108 626 654
656 #EL #BI 14 93 655
#DEF 180 642 656 
201 #NS 1 recOn
657 #EP #BD 111 137 387
658 #EP #BD 4 0 657
659 #EP #BD 118 658 420
660 #EP #BD 117 416 659
661 #EP #BD 109 0 660
662 #EP #BI 108 341 661
663 #EA 427 5
664 #EA 663 32
665 #EL #BD 118 658 664
666 #EL #BD 117 416 665
667 #EL #BD 109 0 666
668 #EL #BI 108 341 667
#DEF 201 662 668 19
202 #NS 30 casesOn
669 #EA 56 12
670 #EA 669 5
671 #EP #BD 109 670 19
672 #EA 56 32
673 #EA 672 12
674 #EC 31 
675 #EA 674 153
676 #EA 675 108
677 #EA 676 12
678 #EA 677 5
679 #EA 30 678
680 #EP #BD 34 30 679
681 #EP #BD 33 30 680
682 #EP #BD 177 681 142
683 #EP #BD 109 673 682
684 #EP #BI 108 671 683
685 #EP #BI 32 3 684
686 #EP #BI 7 3 685
203 #NS 30 rec
687 #EC 203 2
688 #EA 687 108
689 #EA 688 30
690 #EA 689 32
691 #EL #BD 34 108 612
692 #EL #BD 33 108 691
693 #EA 690 692
694 #EA 693 12
695 #EL #BD 177 681 694
696 #EL #BD 109 673 695
697 #EL #BI 108 671 696
698 #EL #BI 32 3 697
699 #EL #BI 7 3 698
#DEF 202 686 699 19
204 #NS 78 casesOn
700 #EA 252 32
701 #EA 700 12
702 #EA 701 5
703 #EP #BD 109 702 19
704 #EP #BD 11 12 703
705 #EA 252 30
706 #EA 705 32
707 #EA 706 5
205 #NS 0 refl
708 #EA 32 30
709 #EC 79 6
710 #EA 709 108
711 #EA 710 30
712 #EA 708 711
713 #EA 420 12
714 #EP #BD 205 712 713
715 #EP #BD 109 707 714
716 #EP #BI 11 32 715
717 #EP #BI 108 704 716
718 #EP #BI 11 5 717
719 #EP #BI 18 251 718
206 #NS 78 rec
720 #EC 206 2 6
721 #EA 720 153
722 #EA 721 108
723 #EA 722 30
724 #EA 723 5
725 #EA 724 32
726 #EA 725 12
727 #EL #BD 205 712 726
728 #EL #BD 109 707 727
729 #EL #BI 11 32 728
730 #EL #BI 108 704 729
731 #EL #BI 11 5 730
732 #EL #BI 18 251 731
#DEF 204 719 732 19 80
207 #NS 0 HEq
208 #NS 207 refl
733 #EC 207 2
734 #EA 733 12
735 #EA 734 5
736 #EA 735 12
737 #EA 736 5
738 #EP #BD 7 5 737
739 #EP #BI 18 19 738
740 #EP #BI 84 19 20
741 #EP #BD 11 5 740
742 #EP #BI 18 19 741
#IND 2 207 742 1 208 739 19
209 #NS 78 ndrec
210 #NS 0 u2
16 #UP 210
743 #ES 16
211 #NS 0 u1
17 #UP 211
744 #ES 17
745 #EP #BD 11 12 744
746 #EA 5 12
747 #EC 78 16
748 #EA 747 108
749 #EA 748 30
750 #EA 749 5
751 #EP #BD 15 750 139
752 #EP #BI 32 30 751
753 #EP #BD 42 746 752
754 #EP #BI 108 745 753
755 #EP #BI 7 5 754
756 #EP #BI 18 743 755
757 #EC 206 17 16
758 #EA 757 153
759 #EA 758 108
212 #NI 121 2055208596
213 #NS 212 _hygCtx
214 #NS 213 _hyg
215 #NI 214 17
216 #NI 214 16
760 #EA 747 156
761 #EA 760 153
762 #EA 761 5
763 #EL #BD 216 762 160
764 #EL #BD 215 153 763
765 #EA 759 764
766 #EA 765 32
767 #EA 766 12
768 #EA 767 5
769 #EL #BD 15 750 768
770 #EL #BI 32 30 769
771 #EL #BD 42 746 770
772 #EL #BI 108 745 771
773 #EL #BI 7 5 772
774 #EL #BI 18 743 773
#DEF 209 756 774 211 210
217 #NS 0 rfl
775 #EC 78 2
776 #EA 775 12
777 #EA 776 5
778 #EA 777 5
779 #EP #BI 7 5 778
780 #EP #BI 18 19 779
781 #EC 79 2
782 #EA 781 12
783 #EA 782 5
784 #EL #BI 7 5 783
785 #EL #BI 18 19 784
#DEF 217 780 785 19
218 #NS 78 symm
786 #EA 775 32
787 #EA 786 12
788 #EA 787 5
789 #EA 775 30
790 #EA 789 12
791 #EA 790 32
792 #EP #BD 15 788 791
793 #EP #BI 32 12 792
794 #EP #BI 7 5 793
795 #EP #BI 18 19 794
796 #EC 206 0 2
797 #EA 796 30
798 #EA 797 32
219 #NI 121 2345006592
220 #NS 219 _hygCtx
221 #NS 220 _hyg
222 #NI 221 14
223 #NS 58 Prelude
224 #NI 223 2345006592
225 #NS 224 _hygCtx
226 #NS 225 _hyg
227 #NI 226 15
799 #EA 775 108
800 #EA 799 30
801 #EA 800 5
802 #EA 775 153
803 #EA 802 12
804 #EA 803 108
805 #EL #BD 227 801 804
806 #EL #BD 222 30 805
807 #EA 798 806
808 #EC 217 2
809 #EA 808 30
810 #EA 809 32
811 #EA 807 810
812 #EA 811 12
813 #EA 812 5
814 #EL #BD 15 788 813
815 #EL #BI 32 12 814
816 #EL #BI 7 5 815
817 #EL #BI 18 19 816
#DEF 218 795 817 19
228 #NS 0 cast
818 #EC 78 4
819 #EA 818 19
820 #EA 819 12
821 #EA 820 5
822 #EP #BD 15 821 265
823 #EP #BI 84 19 822
824 #EP #BI 18 19 823
825 #EC 206 2 4
826 #EA 825 19
827 #EA 826 30
229 #NI 121 135197979
230 #NS 229 _hygCtx
231 #NS 230 _hyg
232 #NI 231 11
233 #NI 231 10
828 #EA 819 108
829 #EA 828 5
830 #EL #BD 233 829 12
831 #EL #BD 232 19 830
832 #EA 827 831
833 #EA 832 5
834 #EA 833 32
835 #EA 834 12
836 #EL #BD 7 32 835
837 #EL #BD 15 821 836
838 #EL #BI 84 19 837
839 #EL #BI 18 19 838
#DEF 228 824 839 19
234 #NS 0 eq_of_heq
235 #NS 0 a'
840 #EA 733 32
841 #EA 840 12
842 #EA 841 32
843 #EA 842 5
844 #EA 789 32
845 #EA 844 12
846 #EP #BD 15 843 845
847 #EP #BI 235 12 846
848 #EP #BI 7 5 847
849 #EP #BI 18 19 848
236 #NS 0 this
850 #EA 733 30
851 #EA 850 12
852 #EA 851 32
853 #EA 852 5
854 #EA 828 30
855 #EC 228 2
856 #EA 855 153
857 #EA 856 108
858 #EA 857 5
859 #EA 858 30
860 #EA 799 859
861 #EA 860 32
862 #EP #BD 15 854 861
863 #EP #BD 11 853 862
864 #EP #BD 32 12 863
865 #EP #BD 7 12 864
866 #EP #BD 84 19 865
867 #EP #BD 18 19 866
237 #NI 121 2174674562
238 #NS 237 _hygCtx
239 #NS 238 _hyg
240 #NI 239 36
241 #NI 239 38
242 #NI 239 40
243 #NI 239 42
244 #NS 0 h₁
245 #NS 207 rec
868 #EC 245 0 2
869 #EA 868 108
870 #EA 869 32
246 #NI 239 48
247 #NI 239 47
248 #NI 239 46
871 #EA 733 156
872 #EA 871 108
873 #EA 872 12
874 #EA 873 5
875 #EA 819 168
876 #EA 875 32
877 #EA 855 166
878 #EA 877 30
879 #EA 878 5
880 #EA 879 156
881 #EA 789 880
882 #EA 881 32
883 #EP #BD 15 876 882
884 #EL #BD 248 874 883
885 #EL #BD 247 5 884
886 #EL #BD 246 19 885
887 #EA 870 886
249 #NI 239 60
888 #EA 828 108
889 #EA 808 153
890 #EA 856 153
891 #EA 890 5
892 #EA 891 30
893 #EA 889 892
894 #EL #BD 249 888 893
895 #EA 887 894
896 #EA 895 30
897 #EA 896 12
898 #EA 897 5
899 #EL #BD 244 853 898
900 #EL #BD 243 12 899
901 #EL #BD 242 12 900
902 #EL #BD 241 19 901
903 #EL #BD 240 19 902
904 #EA 5 108
905 #EA 904 108
906 #EA 905 30
907 #EA 906 32
908 #EA 907 12
909 #EC 217 4
910 #EA 909 19
911 #EA 910 108
912 #EA 908 911
913 #EZ 236 867 903 912
914 #EL #BD 15 843 913
915 #EL #BI 235 12 914
916 #EL #BI 7 5 915
917 #EL #BI 18 19 916
#DEF 234 849 917 19
250 #NS 179 match_1
251 #NS 68 Mathlib
252 #NS 251 Data
253 #NS 252 Nat
254 #NS 253 Find
255 #NI 254 2471714299
256 #NS 255 _hygCtx
257 #NS 256 _hyg
258 #NI 257 91
259 #NS 48 _@
260 #NS 259 Mathlib
261 #NS 260 Data
262 #NS 261 Nat
263 #NS 262 Find
264 #NI 263 2471714299
265 #NS 264 _hygCtx
266 #NS 265 _hyg
267 #NI 266 105
268 #NS 20 _@
269 #NS 268 Mathlib
270 #NS 269 Data
271 #NS 270 Nat
272 #NS 271 Find
273 #NI 272 2471714299
274 #NS 273 _hygCtx
275 #NS 274 _hyg
276 #NI 275 107
918 #EC 174 
919 #EA 918 32
920 #EA 919 5
921 #EA 920 12
922 #EP #BD 276 921 3
923 #EP #BD 267 0 922
924 #EA 918 30
925 #EA 924 5
926 #EA 925 32
927 #EA 581 108
928 #EA 156 12
929 #EA 9 928
930 #EP #BD 11 927 929
931 #EP #BD 175 0 930
932 #EA 565 108
933 #EA 932 573
934 #EA 30 933
935 #EA 555 933
936 #EA 935 933
937 #EA 674 936
938 #EA 581 153
939 #EA 9 175
940 #EP #BD 11 938 939
941 #EP #BD 175 0 940
942 #EA 937 941
943 #EC 79 1
944 #EA 943 0
945 #EA 944 933
946 #EA 942 945
947 #EA 946 5
948 #EA 934 947
949 #EP #BD 7 931 948
950 #EP #BD 138 949 713
951 #EP #BD 276 926 950
952 #EP #BD 267 0 951
953 #EP #BD 108 923 952
954 #EP #BD 258 0 953
955 #EP #BI 14 93 954
956 #EC 202 0
957 #EA 555 32
958 #EA 957 933
959 #EA 956 958
960 #EA 959 941
961 #EA 918 153
962 #EA 961 32
963 #EA 962 108
964 #EA 443 5
965 #EL #BD 47 963 964
966 #EA 960 965
967 #EA 966 12
277 #NS 33 _@
278 #NS 277 Mathlib
279 #NS 278 Data
280 #NS 279 Nat
281 #NS 280 Find
282 #NI 281 2471714299
283 #NS 282 _hygCtx
284 #NS 283 _hyg
285 #NI 284 129
286 #NS 34 _@
287 #NS 286 Mathlib
288 #NS 287 Data
289 #NS 288 Nat
290 #NS 289 Find
291 #NI 290 2471714299
292 #NS 291 _hygCtx
293 #NS 292 _hyg
294 #NI 293 130
968 #EA 581 156
969 #EA 166 12
970 #EA 9 969
971 #EP #BD 11 968 970
972 #EP #BD 175 0 971
973 #EC 204 0 1
974 #EA 973 0
975 #EA 974 108
976 #EA 555 153
977 #EA 976 5
978 #EA 565 166
979 #EA 978 573
980 #EA 555 979
981 #EA 980 12
982 #EC 207 0
983 #EA 555 168
984 #EV 9
985 #EA 565 984
986 #EA 985 573
987 #EA 983 986
988 #EA 982 987
989 #EA 988 108
990 #EA 983 32
991 #EA 989 990
992 #EA 991 12
993 #EA 984 166
994 #EA 555 166
995 #EV 10
996 #EA 565 995
997 #EA 996 573
998 #EA 994 997
999 #EA 674 998
1000 #EV 11
1001 #EA 581 1000
1002 #EV 13
1003 #EA 1002 12
1004 #EA 9 1003
1005 #EP #BD 11 1001 1004
1006 #EP #BD 175 0 1005
1007 #EA 999 1006
1008 #EA 1007 153
1009 #EA 1008 108
1010 #EA 993 1009
1011 #EP #BD 15 992 1010
1012 #EP #BD 15 981 1011
1013 #EL #BD 47 977 1012
1014 #EL #BD 11 0 1013
1015 #EA 975 1014
1016 #EA 565 156
1017 #EA 1016 573
1018 #EA 1015 1017
1019 #EA 1018 12
295 #NS 57 Mathlib
296 #NS 295 Data
297 #NS 296 Nat
298 #NS 297 Find
299 #NI 298 2471714299
300 #NS 299 _hygCtx
301 #NS 300 _hyg
302 #NI 301 131
1020 #EA 555 1017
1021 #EA 1020 108
1022 #EC 209 0 1
1023 #EA 1022 0
1024 #EA 565 168
1025 #EA 1024 573
1026 #EA 1023 1025
1027 #EA 555 5
1028 #EA 1027 979
1029 #EA 556 986
1030 #EA 982 1029
1031 #EA 1030 5
1032 #EA 556 12
1033 #EA 1031 1032
1034 #EA 944 12
1035 #EA 1033 1034
1036 #EA 984 32
1037 #EA 957 997
1038 #EA 674 1037
1039 #EA 1038 1006
1040 #EA 1039 12
1041 #EA 1040 108
1042 #EA 1036 1041
1043 #EP #BD 15 1035 1042
1044 #EP #BD 285 1028 1043
1045 #EL #BD 267 0 1044
1046 #EA 1026 1045
1047 #EA 555 1025
1048 #EA 1047 1025
303 #NI 301 132
1049 #EA 980 979
1050 #EA 982 1049
1051 #EA 1050 5
1052 #EA 1051 1049
1053 #EA 944 979
1054 #EA 1052 1053
1055 #EC 209 0 0
1056 #EA 555 986
1057 #EA 1056 986
1058 #EA 1055 1057
1059 #EA 944 986
1060 #EA 1058 1059
1061 #EA 984 997
1062 #EA 555 997
1063 #EA 1062 997
1064 #EA 674 1063
1065 #EA 1064 1006
1066 #EA 1065 5
1067 #EA 1066 108
1068 #EA 1061 1067
1069 #EL #BD 285 1057 1068
1070 #EA 1060 1069
1071 #EA 153 30
1072 #EA 1070 1071
1073 #EA 1072 12
1074 #EC 218 0
1075 #EA 1074 1057
1076 #EA 1075 12
1077 #EA 1076 1059
1078 #EC 234 0
1079 #EA 1078 1057
1080 #EA 1079 12
1081 #EA 1080 1059
1082 #EA 1081 5
1083 #EA 1077 1082
1084 #EA 1073 1083
1085 #EL #BD 303 1054 1084
1086 #EL #BD 285 1048 1085
1087 #EA 1046 1086
1088 #EA 1087 153
1089 #EA 1088 5
1090 #EA 1089 32
1091 #EL #BD 302 1021 1090
1092 #EA 1019 1091
1093 #EA 944 1017
1094 #EA 1092 1093
1095 #EC 208 0
1096 #EA 555 108
1097 #EA 1096 1017
1098 #EA 1095 1097
1099 #EA 1098 12
1100 #EA 1094 1099
1101 #EL #BD 294 972 1100
1102 #EL #BD 285 958 1101
1103 #EA 967 1102
1104 #EL #BD 138 949 1103
1105 #EL #BD 276 926 1104
1106 #EL #BD 267 0 1105
1107 #EL #BD 108 923 1106
1108 #EL #BD 258 0 1107
1109 #EL #BI 14 93 1108
#DEF 250 955 1109 
304 #NS 0 absurd
305 #NS 0 h₂
1110 #EA 9 32
1111 #EP #BD 305 1110 32
1112 #EP #BD 244 12 1111
1113 #EP #BI 32 135 1112
1114 #EP #BI 7 3 1113
306 #NS 5 rec
1115 #EC 306 5
307 #NI 121 3867523658
308 #NS 307 _hygCtx
309 #NS 308 _hyg
310 #NI 309 13
1116 #EL #BD 310 6 30
1117 #EA 1115 1116
1118 #EA 1117 746
1119 #EL #BD 305 1110 1118
1120 #EL #BD 244 12 1119
1121 #EL #BI 32 135 1120
1122 #EL #BI 7 3 1121
#DEF 304 1114 1122 53
311 #NS 78 mpr
1123 #EP #BD 32 12 30
1124 #EP #BD 15 821 1123
1125 #EP #BI 84 19 1124
1126 #EP #BI 18 19 1125
1127 #EA 826 32
312 #NS 69 Core
313 #NI 312 2537982879
314 #NS 313 _hygCtx
315 #NS 314 _hyg
316 #NI 315 14
317 #NS 58 Core
318 #NI 317 2537982879
319 #NS 318 _hygCtx
320 #NS 319 _hyg
321 #NI 320 15
1128 #EA 819 30
1129 #EA 1128 5
1130 #EL #BD 321 1129 12
1131 #EL #BD 316 19 1130
1132 #EA 1127 1131
1133 #EA 1132 5
1134 #EA 1133 30
1135 #EC 218 4
1136 #EA 1135 19
1137 #EA 1136 30
1138 #EA 1137 32
1139 #EA 1138 12
1140 #EA 1134 1139
1141 #EL #BD 32 12 1140
1142 #EL #BD 15 821 1141
1143 #EL #BI 84 19 1142
1144 #EL #BI 18 19 1143
#DEF 311 1126 1144 19
322 #NS 0 id
1145 #EP #BD 7 5 12
1146 #EP #BI 18 19 1145
1147 #EL #BD 7 5 5
1148 #EL #BI 18 19 1147
#DEF 322 1146 1148 19
323 #NS 0 congrArg
324 #NS 0 a₁
325 #NS 0 a₂
1149 #EA 799 32
1150 #EA 1149 12
1151 #EC 78 5
1152 #EA 1151 108
1153 #EA 1152 456
1154 #EA 12 32
1155 #EA 1153 1154
1156 #EP #BD 15 1150 1155
1157 #EP #BD 115 282 1156
1158 #EP #BI 325 32 1157
1159 #EP #BI 324 12 1158
1160 #EP #BI 84 135 1159
1161 #EP #BI 18 19 1160
1162 #EA 796 153
1163 #EA 1162 30
326 #NI 121 2375064143
327 #NS 326 _hygCtx
328 #NS 327 _hyg
329 #NI 328 24
330 #NI 223 2375064143
331 #NS 330 _hygCtx
332 #NS 331 _hyg
333 #NI 332 25
1164 #EA 775 156
1165 #EA 1164 108
1166 #EA 1165 5
1167 #EA 1151 156
1168 #EA 30 153
1169 #EA 1167 1168
1170 #EA 1169 139
1171 #EL #BD 333 1166 1170
1172 #EL #BD 329 153 1171
1173 #EA 1163 1172
1174 #EC 217 5
1175 #EA 1174 108
1176 #EA 1175 456
1177 #EA 1173 1176
1178 #EA 1177 32
1179 #EA 1178 5
1180 #EL #BD 15 1150 1179
1181 #EL #BD 115 282 1180
1182 #EL #BI 325 32 1181
1183 #EL #BI 324 12 1182
1184 #EL #BI 84 135 1183
1185 #EL #BI 18 19 1184
#DEF 323 1161 1185 19 53
334 #NS 167 Init
335 #NS 334 Data
336 #NS 335 Nat
337 #NS 336 Basic
338 #NI 337 0
339 #NS 338 Nat
340 #NS 339 add_assoc
341 #NS 340 match_1_1
342 #NS 69 Data
343 #NS 342 Nat
344 #NS 343 Basic
345 #NI 344 3525184520
346 #NS 345 _hygCtx
347 #NI 346 20
348 #NS 347 Init
349 #NS 348 Data
350 #NS 349 Nat
351 #NS 350 Basic
352 #NI 351 3525184520
353 #NS 352 _hygCtx
354 #NS 353 _hyg
355 #NI 354 47
1186 #EP #BD 355 0 94
356 #NI 346 21
357 #NS 356 Init
358 #NS 357 Data
359 #NS 358 Nat
360 #NS 359 Basic
361 #NI 360 3525184520
362 #NS 361 _hygCtx
363 #NS 362 _hyg
364 #NI 363 50
365 #NI 346 22
366 #NS 365 Init
367 #NS 366 Data
368 #NS 367 Nat
369 #NS 368 Basic
370 #NI 369 3525184520
371 #NS 370 _hygCtx
372 #NS 371 _hyg
373 #NI 372 53
374 #NS 346 _hyg
375 #NI 374 63
376 #NI 374 62
1187 #EA 160 5
1188 #ELN 0
1189 #EA 568 1188
1190 #EA 571 1188
1191 #EA 1189 1190
1192 #EA 1187 1191
1193 #EP #BD 376 0 1192
1194 #EP #BD 375 0 1193
1195 #EA 168 32
1196 #EA 1195 12
1197 #EA 1196 417
1198 #EP #BD 175 0 1197
1199 #EP #BD 42 0 1198
1200 #EP #BD 4 0 1199
1201 #EA 451 30
1202 #EA 1201 32
1203 #EP #BD 139 1200 1202
1204 #EP #BD 138 1194 1203
1205 #EP #BD 373 0 1204
1206 #EP #BD 364 0 1205
1207 #EP #BD 355 0 1206
1208 #EP #BD 108 1186 1207
1209 #EC 116 0
1210 #EA 156 153
1211 #EA 1210 108
1212 #EA 1211 5
1213 #EL #BD 47 0 1212
1214 #EA 1209 1213
1215 #EA 1214 32
1216 #EA 458 30
1217 #EA 1215 1216
377 #NS 141 Data
378 #NS 377 Nat
379 #NS 378 Basic
380 #NI 379 3525184520
381 #NS 380 _hygCtx
382 #NS 381 _hyg
383 #NI 382 93
1218 #EA 12 153
1219 #EA 1218 108
1220 #EA 1219 5
1221 #EL #BD 383 0 1220
1222 #EA 1217 1221
1223 #EL #BD 139 1200 1222
1224 #EL #BD 138 1194 1223
1225 #EL #BD 373 0 1224
1226 #EL #BD 364 0 1225
1227 #EL #BD 355 0 1226
1228 #EL #BD 108 1186 1227
#DEF 341 1208 1228 
384 #NS 1 add_assoc
385 #NS 384 _f
386 #NI 374 22
1229 #EC 107 0
387 #NI 374 20
388 #NI 374 21
1230 #EA 565 12
1231 #EA 1230 5
1232 #EA 565 1231
1233 #EA 1232 32
1234 #EA 555 1233
1235 #EA 566 32
1236 #EA 1230 1235
1237 #EA 1234 1236
1238 #EP #BD 388 0 1237
1239 #EP #BD 387 0 1238
1240 #EL #BD 386 0 1239
1241 #EA 1229 1240
1242 #EA 1241 5
1243 #EA 1232 30
1244 #EA 555 1243
1245 #EA 566 30
1246 #EA 1230 1245
1247 #EA 1244 1246
1248 #EP #BD 388 0 1247
1249 #EP #BD 387 0 1248
1250 #EP #BD 115 1242 1249
1251 #EP #BD 386 0 1250
1252 #EC 341 
389 #NI 374 98
1253 #EA 565 30
1254 #EA 1253 32
1255 #EA 565 1254
1256 #EA 1255 12
1257 #EA 555 1256
1258 #EA 565 32
1259 #EA 1258 12
1260 #EA 1253 1259
1261 #EA 1257 1260
1262 #EP #BD 389 1242 1261
1263 #EL #BD 373 0 1262
1264 #EL #BD 364 0 1263
1265 #EL #BD 355 0 1264
1266 #EA 1252 1265
1267 #EA 1266 12
1268 #EA 1267 5
1269 #EA 1268 30
1270 #EA 1241 1191
1271 #EC 217 1
1272 #EA 1271 0
1273 #EA 565 1259
1274 #EA 1273 1191
1275 #EA 1272 1274
1276 #EL #BD 389 1270 1275
1277 #EL #BD 376 0 1276
1278 #EL #BD 375 0 1277
1279 #EA 1269 1278
1280 #EA 1241 417
1281 #EC 323 1 1
1282 #EA 1281 0
1283 #EA 1282 0
1284 #EA 510 1254
1285 #EA 1284 12
1286 #EA 1283 1285
1287 #EA 510 30
1288 #EA 510 32
1289 #EA 1288 12
1290 #EA 1287 1289
1291 #EA 1286 1290
1292 #EA 1291 87
1293 #EA 485 30
1294 #EA 1293 32
1295 #EA 1292 1294
1296 #EL #BD 389 1280 1295
1297 #EL #BD 175 0 1296
1298 #EL #BD 42 0 1297
1299 #EL #BD 4 0 1298
1300 #EA 1279 1299
1301 #EA 1300 32
1302 #EL #BD 388 0 1301
1303 #EL #BD 387 0 1302
1304 #EL #BD 115 1242 1303
1305 #EL #BD 386 0 1304
#DEF 385 1251 1305 
1306 #EA 1273 5
1307 #EA 555 1306
1308 #EA 1258 1231
1309 #EA 1307 1308
1310 #EP #BD 175 0 1309
1311 #EP #BD 42 0 1310
1312 #EP #BD 4 0 1311
1313 #EC 112 0
1314 #EA 1313 1240
1315 #EA 1314 5
1316 #EC 385 
1317 #EA 1315 1316
1318 #EA 1317 32
1319 #EA 1318 12
1320 #EL #BD 386 0 1319
1321 #EL #BD 388 0 1320
1322 #EL #BD 387 0 1321
#DEF 384 1312 1322 
390 #NS 339 add_comm
391 #NS 390 match_1_1
392 #NI 344 940200215
393 #NS 392 _hygCtx
394 #NI 393 15
395 #NS 394 Init
396 #NS 395 Data
397 #NS 396 Nat
398 #NS 397 Basic
399 #NI 398 940200215
400 #NS 399 _hygCtx
401 #NS 400 _hyg
402 #NI 401 34
403 #NI 393 16
404 #NS 403 Init
405 #NS 404 Data
406 #NS 405 Nat
407 #NS 406 Basic
408 #NI 407 940200215
409 #NS 408 _hygCtx
410 #NS 409 _hyg
411 #NI 410 37
1323 #EA 137 1191
1324 #EP #BD 4 0 1323
1325 #EP #BD 138 1324 445
1326 #EP #BD 411 0 1325
1327 #EP #BD 402 0 1326
1328 #EP #BD 108 94 1327
1329 #EA 1209 453
1330 #EA 1329 32
1331 #EA 1330 456
1332 #EA 1331 460
1333 #EL #BD 139 442 1332
1334 #EL #BD 138 1324 1333
1335 #EL #BD 411 0 1334
1336 #EL #BD 402 0 1335
1337 #EL #BD 108 94 1336
#DEF 391 1328 1337 
412 #NS 0 Unit
1338 #EC 101 1
#DEF 412 2 1338 
413 #NS 412 unit
1339 #EC 412 
1340 #EC 102 1
#DEF 413 1339 1340 
414 #NS 339 zero_add
415 #NS 414 match_1_1
416 #NI 344 3796370660
417 #NS 416 _hygCtx
418 #NI 417 12
419 #NS 418 Init
420 #NS 419 Data
421 #NS 420 Nat
422 #NS 421 Basic
423 #NI 422 3796370660
424 #NS 423 _hygCtx
425 #NS 424 _hyg
426 #NI 425 23
427 #NS 0 _
1341 #EA 32 1191
1342 #EP #BD 427 1339 1341
1343 #EP #BD 138 1342 421
1344 #EP #BD 426 0 1343
1345 #EP #BD 108 93 1344
1346 #EA 1209 645
1347 #EA 1346 32
1348 #EC 413 
1349 #EA 12 1348
1350 #EA 1347 1349
1351 #EA 1350 624
1352 #EL #BD 139 419 1351
1353 #EL #BD 138 1342 1352
1354 #EL #BD 426 0 1353
1355 #EL #BD 108 93 1354
#DEF 415 1345 1355 
428 #NS 1 zero_add
429 #NS 428 _f
430 #NS 417 _hyg
431 #NI 430 12
1356 #EA 565 1191
1357 #EA 1356 5
1358 #EA 555 1357
1359 #EA 1358 5
1360 #EL #BD 431 0 1359
1361 #EA 1229 1360
1362 #EA 1361 5
1363 #EA 1356 12
1364 #EA 555 1363
1365 #EA 1364 12
1366 #EP #BD 115 1362 1365
1367 #EP #BD 431 0 1366
1368 #EC 415 
1369 #EL #BD 426 0 1366
1370 #EA 1368 1369
1371 #EA 1370 12
432 #NI 430 45
1372 #EA 1361 1191
1373 #EA 1356 1191
1374 #EA 1272 1373
1375 #EL #BD 432 1372 1374
1376 #EL #BD 427 1339 1375
1377 #EA 1371 1376
1378 #EA 1361 417
1379 #EA 510 1191
1380 #EA 1379 12
1381 #EA 1283 1380
1382 #EA 1381 12
1383 #EA 1382 87
1384 #EA 1383 485
1385 #EL #BD 432 1378 1384
1386 #EL #BD 4 0 1385
1387 #EA 1377 1386
1388 #EA 1387 5
1389 #EL #BD 115 1362 1388
1390 #EL #BD 431 0 1389
#DEF 429 1367 1390 
1391 #EP #BD 4 0 1359
1392 #EA 1313 1360
1393 #EA 1392 5
1394 #EC 429 
1395 #EA 1393 1394
1396 #EL #BD 431 0 1395
#DEF 428 1391 1396 
433 #NS 339 succ_add
434 #NS 433 match_1_1
#DEF 434 1328 1337 
435 #NS 1 succ_add
436 #NS 435 _f
437 #NI 344 96964009
438 #NS 437 _hygCtx
439 #NS 438 _hyg
440 #NI 439 22
441 #NI 439 21
1397 #EA 565 417
1398 #EA 1397 12
1399 #EA 555 1398
1400 #EA 566 12
1401 #EA 87 1400
1402 #EA 1399 1401
1403 #EP #BD 441 0 1402
1404 #EL #BD 440 0 1403
1405 #EA 1229 1404
1406 #EA 1405 5
1407 #EA 1397 32
1408 #EA 555 1407
1409 #EA 87 1235
1410 #EA 1408 1409
1411 #EP #BD 441 0 1410
1412 #EP #BD 115 1406 1411
1413 #EP #BD 440 0 1412
1414 #EC 434 
442 #NI 438 21
443 #NS 442 Init
444 #NS 443 Data
445 #NS 444 Nat
446 #NS 445 Basic
447 #NI 446 96964009
448 #NS 447 _hygCtx
449 #NS 448 _hyg
450 #NI 449 40
451 #NI 438 22
452 #NS 451 Init
453 #NS 452 Data
454 #NS 453 Nat
455 #NS 454 Basic
456 #NI 455 96964009
457 #NS 456 _hygCtx
458 #NS 457 _hyg
459 #NI 458 43
460 #NI 439 78
1415 #EA 87 32
1416 #EA 565 1415
1417 #EA 1416 12
1418 #EA 555 1417
1419 #EA 87 1259
1420 #EA 1418 1419
1421 #EP #BD 460 1406 1420
1422 #EL #BD 459 0 1421
1423 #EL #BD 450 0 1422
1424 #EA 1414 1423
1425 #EA 1424 5
1426 #EA 1425 32
461 #NI 439 50
1427 #EA 1405 1191
1428 #EA 565 88
1429 #EA 1428 1191
1430 #EA 1272 1429
1431 #EL #BD 460 1427 1430
1432 #EL #BD 461 0 1431
1433 #EA 1426 1432
1434 #EA 1405 417
1435 #EA 510 1415
1436 #EA 1435 12
1437 #EA 1283 1436
1438 #EA 1230 573
1439 #EA 1258 1438
1440 #EA 1437 1439
1441 #EA 1440 87
1442 #EA 1441 486
1443 #EL #BD 460 1434 1442
1444 #EL #BD 42 0 1443
1445 #EL #BD 4 0 1444
1446 #EA 1433 1445
1447 #EA 1446 12
1448 #EL #BD 441 0 1447
1449 #EL #BD 115 1406 1448
1450 #EL #BD 440 0 1449
#DEF 436 1413 1450 
1451 #EA 1428 5
1452 #EA 555 1451
1453 #EA 87 1231
1454 #EA 1452 1453
1455 #EP #BD 42 0 1454
1456 #EP #BD 4 0 1455
1457 #EA 1313 1404
1458 #EA 1457 5
1459 #EC 436 
1460 #EA 1458 1459
1461 #EA 1460 12
1462 #EL #BD 440 0 1461
1463 #EL #BD 441 0 1462
#DEF 435 1456 1463 
462 #NS 1 add_comm
463 #NS 462 _f
464 #NS 393 _hyg
465 #NI 464 16
466 #NI 464 15
1464 #EA 555 1400
1465 #EA 1464 1231
1466 #EP #BD 466 0 1465
1467 #EL #BD 465 0 1466
1468 #EA 1229 1467
1469 #EA 1468 5
1470 #EA 555 1235
1471 #EA 1258 5
1472 #EA 1470 1471
1473 #EP #BD 466 0 1472
1474 #EP #BD 115 1469 1473
1475 #EP #BD 465 0 1474
1476 #EC 391 
467 #NI 464 142
1477 #EA 555 1259
1478 #EA 1230 32
1479 #EA 1477 1478
1480 #EP #BD 467 1469 1479
1481 #EL #BD 411 0 1480
1482 #EL #BD 402 0 1481
1483 #EA 1476 1482
1484 #EA 1483 5
1485 #EA 1484 32
1486 #EA 1468 1191
1487 #EC 218 1
1488 #EA 1487 0
1489 #EA 1488 1363
1490 #EA 1230 1191
1491 #EA 1489 1490
1492 #EC 428 
1493 #EA 1492 12
1494 #EA 1491 1493
1495 #EL #BD 467 1486 1494
1496 #EL #BD 4 0 1495
1497 #EA 1485 1496
1498 #EA 1468 417
1499 #EA 555 1419
1500 #EA 87 1478
1501 #EA 1499 1500
1502 #EA 1283 1259
1503 #EA 1502 1478
1504 #EA 1503 87
1505 #EA 1504 486
1506 #EC 311 0
1507 #EA 1258 573
1508 #EA 1253 1507
1509 #EA 555 1508
1510 #EA 565 1507
1511 #EA 1510 30
1512 #EA 1509 1511
1513 #EA 1506 1512
1514 #EA 1258 30
1515 #EA 87 1514
1516 #EA 1509 1515
1517 #EA 1513 1516
1518 #EC 322 0
1519 #EA 554 3
1520 #EA 1519 1512
1521 #EA 1520 1516
1522 #EA 1518 1521
1523 #EA 1282 3
1524 #EA 1416 30
1525 #EA 1523 1524
1526 #EA 1525 1515
468 #NS 0 _a
1527 #EA 1253 573
1528 #EA 932 1527
1529 #EA 555 1528
1530 #EA 1529 5
1531 #EL #BD 468 0 1530
1532 #EA 1526 1531
1533 #EC 435 
1534 #EA 1533 32
1535 #EA 1534 30
1536 #EA 1532 1535
1537 #EA 1522 1536
1538 #EA 1517 1537
1539 #EA 1538 5
1540 #EZ 236 1501 1505 1539
1541 #EL #BD 467 1498 1540
1542 #EL #BD 42 0 1541
1543 #EL #BD 4 0 1542
1544 #EA 1497 1543
1545 #EA 1544 12
1546 #EL #BD 466 0 1545
1547 #EL #BD 115 1469 1546
1548 #EL #BD 465 0 1547
#DEF 463 1475 1548 
1549 #EA 555 1231
1550 #EA 1549 1400
1551 #EP #BD 42 0 1550
1552 #EP #BD 4 0 1551
1553 #EA 1313 1467
1554 #EA 1553 5
1555 #EC 463 
1556 #EA 1554 1555
1557 #EA 1556 12
1558 #EL #BD 465 0 1557
1559 #EL #BD 466 0 1558
#DEF 462 1552 1559 
469 #NS 1 add_right_comm
1560 #EA 565 1471
1561 #EA 1560 12
1562 #EA 1307 1561
1563 #EP #BD 175 0 1562
1564 #EP #BD 42 0 1563
1565 #EP #BD 4 0 1564
1566 #EA 1506 1562
1567 #EA 555 1308
1568 #EA 1567 1561
1569 #EA 1566 1568
1570 #EA 1519 1562
1571 #EA 1570 1568
1572 #EA 1518 1571
1573 #EA 1523 1306
1574 #EA 1573 1308
1575 #EA 1253 12
1576 #EA 565 1575
1577 #EA 1576 32
1578 #EA 1027 1577
1579 #EL #BD 468 0 1578
1580 #EA 1574 1579
1581 #EC 384 
1582 #EA 1581 32
1583 #EA 1582 12
1584 #EA 1583 5
1585 #EA 1580 1584
1586 #EA 1572 1585
1587 #EA 1569 1586
1588 #EA 1506 1568
1589 #EA 1258 1400
1590 #EA 555 1589
1591 #EA 1590 1561
1592 #EA 1588 1591
1593 #EA 1519 1568
1594 #EA 1593 1591
1595 #EA 1518 1594
1596 #EA 1523 1231
1597 #EA 1596 1400
1598 #EA 1253 5
1599 #EA 555 1598
1600 #EA 1599 1577
1601 #EL #BD 468 0 1600
1602 #EA 1597 1601
1603 #EC 462 
1604 #EA 1603 12
1605 #EA 1604 5
1606 #EA 1602 1605
1607 #EA 1595 1606
1608 #EA 1592 1607
1609 #EA 1506 1591
1610 #EA 555 1561
1611 #EA 1610 1561
1612 #EA 1609 1611
1613 #EA 1519 1591
1614 #EA 1613 1611
1615 #EA 1518 1614
1616 #EA 1523 1589
1617 #EA 1616 1561
1618 #EA 1617 1579
1619 #EA 1488 1561
1620 #EA 1619 1589
1621 #EA 1582 5
1622 #EA 1621 12
1623 #EA 1620 1622
1624 #EA 1618 1623
1625 #EA 1615 1624
1626 #EA 1612 1625
1627 #EA 944 1561
1628 #EA 1626 1627
1629 #EA 1608 1628
1630 #EA 1587 1629
1631 #EL #BD 175 0 1630
1632 #EL #BD 42 0 1631
1633 #EL #BD 4 0 1632
#DEF 469 1565 1633 
470 #NS 339 le_add_right
471 #NS 470 match_1_1
#DEF 471 1328 1337 
472 #NS 1 le_refl
1634 #EA 581 5
1635 #EP #BD 4 0 1634
1636 #EC 40 
1637 #EA 1636 5
1638 #EL #BD 4 0 1637
#DEF 472 1635 1638 
473 #NS 1 le_succ_of_le
1639 #EA 580 12
1640 #EA 1639 5
1641 #EA 580 32
1642 #EA 1641 88
1643 #EP #BD 15 1640 1642
1644 #EP #BI 42 0 1643
1645 #EP #BI 4 0 1644
1646 #EC 41 
1647 #EA 1646 32
1648 #EA 1647 12
1649 #EA 1648 5
1650 #EL #BD 15 1640 1649
1651 #EL #BI 42 0 1650
1652 #EL #BI 4 0 1651
#DEF 473 1645 1652 
474 #NS 1 le_add_right
475 #NS 474 _f
476 #NI 344 1515681495
477 #NS 476 _hygCtx
478 #NS 477 _hyg
479 #NI 478 14
480 #NI 478 13
1653 #EA 581 1400
1654 #EP #BD 480 0 1653
1655 #EL #BD 479 0 1654
1656 #EA 1229 1655
1657 #EA 1656 5
1658 #EA 581 1235
1659 #EP #BD 480 0 1658
1660 #EP #BD 115 1657 1659
1661 #EP #BD 479 0 1660
1662 #EC 471 
481 #NI 477 13
482 #NS 481 Init
483 #NS 482 Data
484 #NS 483 Nat
485 #NS 484 Basic
486 #NI 485 1515681495
487 #NS 486 _hygCtx
488 #NS 487 _hyg
489 #NI 488 32
490 #NI 477 14
491 #NS 490 Init
492 #NS 491 Data
493 #NS 492 Nat
494 #NS 493 Basic
495 #NI 494 1515681495
496 #NS 495 _hygCtx
497 #NS 496 _hyg
498 #NI 497 35
499 #NI 478 68
1663 #EA 1641 1259
1664 #EP #BD 499 1657 1663
1665 #EL #BD 498 0 1664
1666 #EL #BD 489 0 1665
1667 #EA 1662 1666
1668 #EA 1667 5
1669 #EA 1668 32
1670 #EA 1656 1191
1671 #EC 472 
1672 #EA 1671 12
1673 #EL #BD 499 1670 1672
1674 #EL #BD 4 0 1673
1675 #EA 1669 1674
1676 #EA 1656 417
1677 #EC 473 
1678 #EA 1677 32
1679 #EA 1678 1289
1680 #EA 1679 486
1681 #EL #BD 499 1676 1680
1682 #EL #BD 175 0 1681
1683 #EL #BD 4 0 1682
1684 #EA 1675 1683
1685 #EA 1684 12
1686 #EL #BD 480 0 1685
1687 #EL #BD 115 1657 1686
1688 #EL #BD 479 0 1687
#DEF 475 1661 1688 
1689 #EA 1639 1231
1690 #EP #BD 175 0 1689
1691 #EP #BD 4 0 1690
1692 #EA 1313 1655
1693 #EA 1692 5
1694 #EC 475 
1695 #EA 1693 1694
1696 #EA 1695 12
1697 #EL #BD 479 0 1696
1698 #EL #BD 480 0 1697
#DEF 474 1691 1698 
500 #NS 1 le_add_left
1699 #EA 1639 1400
1700 #EP #BD 42 0 1699
1701 #EP #BD 4 0 1700
1702 #EC 206 0 1
1703 #EA 1702 0
1704 #EA 1703 1231
501 #NI 344 3284585893
502 #NS 501 _hygCtx
503 #NS 502 _hyg
504 #NI 503 18
505 #NS 58 Data
506 #NS 505 Nat
507 #NS 506 Basic
508 #NI 507 3284585893
509 #NS 508 _hygCtx
510 #NS 509 _hyg
511 #NI 510 19
1705 #EA 1477 5
1706 #EA 580 30
1707 #EA 1706 12
1708 #EL #BD 511 1705 1707
1709 #EL #BD 504 0 1708
1710 #EA 1704 1709
1711 #EC 474 
1712 #EA 1711 12
1713 #EA 1712 5
1714 #EA 1710 1713
1715 #EA 1714 1400
1716 #EA 1715 1605
1717 #EL #BD 42 0 1716
1718 #EL #BD 4 0 1717
#DEF 500 1701 1718 
1719 #EC 49 1
1720 #EA 1719 0
1721 #EA 918 12
1722 #EA 1720 1721
1723 #EP #BD 181 625 1722
1724 #EP #BI 14 93 1723
1725 #EC 50 1
1726 #EA 1725 0
1727 #EA 1726 1721
1728 #EC 180 
1729 #EA 1728 12
1730 #EC 45 1
1731 #EA 1730 0
1732 #EA 1731 924
1733 #EA 1732 5
1734 #EP #BD 7 0 1733
1735 #EL #BD 190 628 1734
1736 #EA 1729 1735
1737 #EA 1736 5
1738 #EA 1706 1400
1739 #EA 918 156
1740 #EA 1731 1739
1741 #EA 1740 12
1742 #EP #BD 11 1738 1741
1743 #EP #BD 175 0 1742
1744 #EP #BD 42 0 1743
1745 #EC 201 0
512 #NI 257 74
1746 #EA 580 108
1747 #EA 1746 1400
1748 #EA 918 168
1749 #EA 1731 1748
1750 #EA 1749 12
1751 #EP #BD 11 1747 1750
1752 #EP #BD 175 0 1751
1753 #EL #BD 512 0 1752
1754 #EA 1745 1753
1755 #EA 1754 5
513 #NS 0 kn
1756 #EA 566 377
1757 #EA 1706 1756
1758 #EC 46 1
1759 #EA 1758 0
1760 #EA 1759 1739
1761 #EA 1760 12
1762 #EA 1748 5
1763 #EA 1762 32
1764 #EC 250 
1765 #EA 1764 166
1766 #EA 1765 30
1767 #EA 918 984
1768 #EA 1767 5
1769 #EA 1768 108
1770 #EA 918 995
1771 #EA 1731 1770
1772 #EA 1771 12
1773 #EL #BD 276 1769 1772
1774 #EL #BD 267 0 1773
1775 #EA 1766 1774
1776 #EA 1775 12
1777 #EA 1776 5
1778 #EA 995 12
1779 #EA 9 1778
1780 #EP #BD 11 927 1779
1781 #EP #BD 175 0 1780
1782 #EC 304 0
1783 #EA 984 168
1784 #EA 1782 1783
1785 #EA 1731 1767
1786 #EA 1785 933
1787 #EA 1784 1786
1788 #EA 1787 156
1789 #EA 5 168
1790 #EA 1789 30
1791 #EA 1788 1790
1792 #EL #BD 7 1781 1791
1793 #EA 1777 1792
1794 #EL #BD 20 1763 1793
1795 #EL #BD 48 0 1794
1796 #EA 1761 1795
1797 #EL #BD 513 1757 1796
1798 #EL #BD 258 0 1797
1799 #EA 1755 1798
514 #NS 0 IH
1800 #EA 580 153
1801 #EA 566 1415
1802 #EA 1800 1801
1803 #EA 918 166
1804 #EA 1759 1803
1805 #EA 1804 12
1806 #EA 1768 32
1807 #EA 1764 995
1808 #EA 1807 30
515 #NI 266 151
516 #NI 275 153
1809 #EA 918 1000
1810 #EA 1809 5
1811 #EA 1810 108
1812 #EV 12
1813 #EA 918 1812
1814 #EA 1731 1813
1815 #EA 1814 12
1816 #EL #BD 516 1811 1815
1817 #EL #BD 515 0 1816
1818 #EA 1808 1817
1819 #EA 1818 12
1820 #EA 1819 5
1821 #EA 1812 12
1822 #EA 9 1821
1823 #EP #BD 11 927 1822
1824 #EP #BD 175 0 1823
1825 #EA 153 933
1826 #EA 580 984
1827 #EA 565 933
1828 #EA 1827 156
1829 #EA 1826 1828
1830 #EA 1506 1829
1831 #EA 932 156
1832 #EA 565 1831
1833 #EA 1832 573
1834 #EA 1826 1833
1835 #EA 1830 1834
1836 #EA 1519 1829
1837 #EA 1836 1834
1838 #EA 1518 1837
1839 #EA 1523 1828
1840 #EA 1839 1833
1841 #EA 580 995
1842 #EA 1841 5
1843 #EL #BD 468 0 1842
1844 #EA 1840 1843
1845 #EC 469 
1846 #EA 1845 108
1847 #EA 1846 573
1848 #EA 1847 156
1849 #EA 1844 1848
1850 #EA 1838 1849
1851 #EA 1835 1850
1852 #EA 1851 30
1853 #EA 1825 1852
1854 #EL #BD 468 1824 1853
1855 #EA 1820 1854
1856 #EL #BD 20 1806 1855
1857 #EL #BD 48 0 1856
1858 #EA 1805 1857
1859 #EL #BD 513 1802 1858
1860 #EL #BD 175 0 1859
1861 #EL #BD 514 1752 1860
1862 #EL #BD 42 0 1861
1863 #EA 1799 1862
1864 #EL #BD 42 0 1863
517 #NI 257 77
1865 #EA 456 5
1866 #EC 500 
1867 #EA 1866 30
1868 #EA 1867 5
1869 #EA 1865 1868
1870 #EL #BD 517 0 1869
1871 #EZ 236 1744 1864 1870
1872 #EL #BD 191 105 1871
1873 #EL #BD 4 0 1872
1874 #EA 1737 1873
1875 #EA 1727 1874
1876 #EL #BD 181 625 1875
1877 #EL #BI 14 93 1876
#DEF 179 1724 1877 
518 #NS 12 casesOn
1878 #EA 11 5
1879 #EP #BD 109 1878 19
519 #NS 0 isFalse
1880 #EC 13 
1881 #EA 1880 30
1882 #EA 1881 5
1883 #EA 32 1882
1884 #EP #BD 15 1110 1883
520 #NS 0 isTrue
1885 #EC 16 
1886 #EA 1885 108
1887 #EA 1886 5
1888 #EA 30 1887
1889 #EP #BD 15 30 1888
1890 #EP #BD 520 1889 420
1891 #EP #BD 519 1884 1890
1892 #EP #BD 109 13 1891
1893 #EP #BI 108 1879 1892
1894 #EP #BI 14 3 1893
521 #NS 12 rec
1895 #EC 521 2
1896 #EA 1895 108
1897 #EA 1896 30
1898 #EA 9 108
1899 #EL #BD 15 1898 105
1900 #EA 1897 1899
1901 #EL #BD 15 108 24
1902 #EA 1900 1901
1903 #EA 1902 32
1904 #EL #BD 520 1889 1903
1905 #EL #BD 519 1884 1904
1906 #EL #BD 109 13 1905
1907 #EL #BI 108 1879 1906
1908 #EL #BI 14 3 1907
#DEF 518 1894 1908 19
522 #NS 0 dite
523 #NS 0 c
524 #NS 0 e
1909 #EP #BD 11 1110 108
1910 #EP #BD 524 1909 108
1911 #EP #BD 109 1123 1910
1912 #EP #BC 15 1878 1911
1913 #EP #BD 523 3 1912
1914 #EP #BI 18 19 1913
1915 #EC 518 2
1916 #EA 1915 30
525 #NI 121 3893281826
526 #NS 525 _hygCtx
527 #NS 526 _hyg
528 #NI 527 15
1917 #EA 11 30
1918 #EL #BD 528 1917 153
1919 #EA 1916 1918
1920 #EA 1919 32
1921 #EA 1920 5
1922 #EA 1921 12
1923 #EL #BD 524 1909 1922
1924 #EL #BD 109 1123 1923
1925 #EL #BC 15 1878 1924
1926 #EL #BD 523 3 1925
1927 #EL #BI 18 19 1926
#DEF 522 1914 1927 19
529 #NS 1 findX
530 #NS 529 _proof_2
531 #NS 0 al
1928 #EC 38 0
1929 #EA 1928 0
1930 #EC 44 
1931 #EA 1929 1930
1932 #EA 1931 5
1933 #EA 1932 12
1934 #EA 9 139
1935 #EP #BD 11 1933 1934
1936 #EP #BD 4 0 1935
532 #NS 0 pm
1937 #EA 56 420
1938 #EA 1932 30
1939 #EA 9 160
1940 #EP #BD 11 1938 1939
1941 #EP #BD 42 0 1940
1942 #EA 1937 1941
1943 #EP #BD 532 142 1942
1944 #EP #BD 531 1936 1943
1945 #EP #BD 42 0 1944
1946 #EP #BI 14 93 1945
1947 #EA 674 420
1948 #EA 1947 1941
1949 #EA 1948 5
1950 #EA 1949 12
1951 #EL #BD 532 142 1950
1952 #EL #BD 531 1936 1951
1953 #EL #BD 42 0 1952
1954 #EL #BI 14 93 1953
#DEF 530 1946 1954 
533 #NS 0 Or
534 #NS 533 inl
1955 #EC 533 
1956 #EA 1955 32
1957 #EA 1956 12
1958 #EP #BD 15 12 1957
1959 #EP #BI 32 3 1958
1960 #EP #BI 7 3 1959
535 #NS 533 inr
1961 #EP #BD 15 5 1957
1962 #EP #BI 32 3 1961
1963 #EP #BI 7 3 1962
#IND 2 533 63 2 534 1960 535 1963 
536 #NS 533 casesOn
1964 #EA 1955 12
1965 #EA 1964 5
1966 #EP #BD 109 1965 3
537 #NS 0 inl
1967 #EC 534 
1968 #EA 1967 108
1969 #EA 1968 30
1970 #EA 1969 5
1971 #EA 32 1970
1972 #EP #BD 15 30 1971
538 #NS 0 inr
1973 #EC 535 
1974 #EA 1973 153
1975 #EA 1974 108
1976 #EA 1975 5
1977 #EA 30 1976
1978 #EP #BD 15 30 1977
1979 #EP #BD 538 1978 420
1980 #EP #BD 537 1972 1979
1981 #EP #BD 109 1957 1980
1982 #EP #BI 108 1966 1981
1983 #EP #BI 32 3 1982
1984 #EP #BI 7 3 1983
539 #NS 533 rec
1985 #EC 539 
1986 #EA 1985 153
1987 #EA 1986 108
1988 #EA 1987 30
1989 #EL #BD 15 153 105
1990 #EA 1988 1989
1991 #EA 1990 1901
1992 #EA 1991 32
1993 #EL #BD 538 1978 1992
1994 #EL #BD 537 1972 1993
1995 #EL #BD 109 1957 1994
1996 #EL #BI 108 1966 1995
1997 #EL #BI 32 3 1996
1998 #EL #BI 7 3 1997
#DEF 536 1984 1998 
540 #NS 334 Prelude
541 #NI 540 0
542 #NS 541 Or
543 #NS 542 elim
544 #NS 543 match_1_1
545 #NI 223 2135250727
546 #NS 545 _hygCtx
547 #NS 546 _hyg
548 #NI 547 23
1999 #EC 536 
2000 #EA 1999 153
2001 #EA 2000 108
2002 #EA 1955 153
2003 #EA 2002 108
2004 #EL #BD 47 2003 226
2005 #EA 2001 2004
2006 #EA 2005 32
2007 #EA 2006 1989
2008 #EA 2007 1901
2009 #EL #BD 139 1978 2008
2010 #EL #BD 138 1972 2009
2011 #EL #BD 548 1957 2010
2012 #EL #BD 108 1966 2011
2013 #EL #BI 32 3 2012
2014 #EL #BI 7 3 2013
#DEF 544 1984 2014 
549 #NS 533 elim
2015 #EP #BD 11 30 32
2016 #EP #BD 34 282 30
2017 #EP #BD 33 2015 2016
2018 #EP #BD 15 1957 2017
2019 #EP #BI 523 3 2018
2020 #EP #BI 32 3 2019
2021 #EP #BI 7 3 2020
2022 #EC 544 
2023 #EA 2022 153
2024 #EA 2023 108
2025 #EL #BD 548 2003 108
2026 #EA 2024 2025
2027 #EA 2026 32
2028 #EA 2027 1989
2029 #EA 2028 1901
2030 #EL #BD 34 282 2029
2031 #EL #BD 33 2015 2030
2032 #EL #BD 15 1957 2031
2033 #EL #BI 523 3 2032
2034 #EL #BI 32 3 2033
2035 #EL #BI 7 3 2034
#DEF 549 2021 2035 
550 #NS 0 Function
551 #NS 550 comp
552 #NS 0 δ
2036 #ES 8
2037 #EP #BD 11 12 12
553 #NS 0 g
2038 #EP #BD 11 108 30
2039 #EP #BD 553 282 2038
2040 #EP #BD 115 2037 2039
2041 #EP #BI 552 2036 2040
2042 #EP #BI 84 135 2041
2043 #EP #BI 18 19 2042
2044 #EA 32 24
2045 #EL #BD 47 108 2044
2046 #EL #BD 553 282 2045
2047 #EL #BD 115 2037 2046
2048 #EL #BI 552 2036 2047
2049 #EL #BI 84 135 2048
2050 #EL #BI 18 19 2049
#DEF 551 2043 2050 19 53 23
554 #NS 533 imp
555 #NS 0 d
2051 #EA 2002 30
2052 #EP #BD 15 2051 2051
2053 #EP #BD 553 265 2052
2054 #EP #BD 115 282 2053
2055 #EP #BI 555 3 2054
2056 #EP #BI 32 3 2055
2057 #EP #BI 523 3 2056
2058 #EP #BI 7 3 2057
2059 #EC 549 
2060 #EA 2059 156
2061 #EA 2060 108
2062 #EA 2061 2051
2063 #EA 2062 5
2064 #EC 551 0 0 0
2065 #EA 2064 156
2066 #EA 2065 153
2067 #EA 2066 2051
2068 #EA 1967 153
2069 #EA 2068 30
2070 #EA 2067 2069
2071 #EA 2070 32
2072 #EA 2063 2071
2073 #EA 2064 108
2074 #EA 2073 30
2075 #EA 2074 2051
2076 #EA 1974 30
2077 #EA 2075 2076
2078 #EA 2077 12
2079 #EA 2072 2078
2080 #EL #BD 15 2051 2079
2081 #EL #BD 553 265 2080
2082 #EL #BD 115 282 2081
2083 #EL #BI 555 3 2082
2084 #EL #BI 32 3 2083
2085 #EL #BI 523 3 2084
2086 #EL #BI 7 3 2085
#DEF 554 2058 2086 
556 #NS 533 imp_right
2087 #EA 1964 30
2088 #EA 1956 30
2089 #EP #BD 11 2087 2088
2090 #EP #BD 115 265 2089
2091 #EP #BI 7 3 2090
2092 #EP #BI 523 3 2091
2093 #EP #BI 32 3 2092
2094 #EC 554 
2095 #EA 2094 12
2096 #EA 2095 12
2097 #EA 2096 30
2098 #EA 2097 32
2099 #EA 1518 12
2100 #EA 2098 2099
2101 #EA 2100 5
2102 #EL #BD 115 265 2101
2103 #EL #BI 7 3 2102
2104 #EL #BI 523 3 2103
2105 #EL #BI 32 3 2104
#DEF 556 2093 2105 
557 #NS 39 casesOn
2106 #EP #BD 109 85 3
2107 #EP #BD 11 0 2106
2108 #EA 86 5
2109 #EA 1636 30
2110 #EA 708 2109
558 #NS 0 step
2111 #EA 80 153
2112 #EA 2111 5
2113 #EA 153 88
2114 #EA 1646 156
2115 #EA 2114 12
2116 #EA 2115 5
2117 #EA 2113 2116
2118 #EP #BD 11 2112 2117
2119 #EP #BI 42 0 2118
2120 #EP #BD 558 2119 444
2121 #EP #BD 205 2110 2120
2122 #EP #BD 109 2108 2121
2123 #EP #BI 11 0 2122
2124 #EP #BI 108 2107 2123
2125 #EP #BI 4 0 2124
559 #NS 39 rec
2126 #EC 559 
2127 #EA 2126 153
2128 #EA 2127 108
2129 #EA 2128 12
2130 #EA 80 156
2131 #EA 2130 5
560 #NS 0 a_ih
561 #NS 560 _@
562 #NS 561 _internal
563 #NS 562 _hyg
564 #NI 563 0
2132 #EA 928 5
2133 #EL #BD 564 2132 713
2134 #EL #BD 11 2131 2133
2135 #EL #BI 42 0 2134
2136 #EA 2129 2135
2137 #EA 2136 30
2138 #EA 2137 32
2139 #EL #BD 558 2119 2138
2140 #EL #BD 205 2110 2139
2141 #EL #BD 109 2108 2140
2142 #EL #BI 11 0 2141
2143 #EL #BI 108 2107 2142
2144 #EL #BI 4 0 2143
#DEF 557 2125 2144 
565 #NS 541 Nat
566 #NS 565 le_antisymm
567 #NS 566 match_1_1
568 #NS 42 _@
569 #NS 568 Init
570 #NS 569 Prelude
571 #NI 570 1392848918
572 #NS 571 _hygCtx
573 #NS 572 _hyg
574 #NI 573 22
575 #NS 244 _@
576 #NS 575 Init
577 #NS 576 Prelude
578 #NI 577 1392848918
579 #NS 578 _hygCtx
580 #NS 579 _hyg
581 #NI 580 16
2145 #EA 1639 32
2146 #EP #BD 305 2145 3
2147 #EP #BD 581 1640 2146
2148 #EP #BD 574 0 2147
2149 #EA 1641 5
2150 #EA 1639 30
2151 #EA 1746 108
2152 #EA 108 153
2153 #EA 1636 153
2154 #EA 2152 2153
2155 #EA 2154 5
2156 #EP #BD 305 2151 2155
582 #NI 573 51
2157 #EA 580 88
2158 #EA 2157 168
2159 #EA 168 1415
2160 #EA 1646 166
2161 #EA 2160 32
2162 #EA 2161 12
2163 #EA 2159 2162
2164 #EA 2163 5
2165 #EP #BD 305 2158 2164
2166 #EP #BD 15 2131 2165
2167 #EP #BD 582 0 2166
2168 #EP #BD 139 2167 1202
2169 #EP #BD 138 2156 2168
2170 #EP #BD 305 2150 2169
2171 #EP #BD 581 2149 2170
2172 #EP #BD 574 0 2171
2173 #EP #BD 108 2148 2172
2174 #EP #BI 4 0 2173
2175 #EC 557 
2176 #EA 2175 156
2177 #EA 80 168
2178 #EA 2177 5
2179 #EA 555 156
2180 #EA 2179 12
2181 #EA 1826 168
2182 #EA 982 2181
2183 #EA 2182 156
2184 #EA 80 984
2185 #EA 2184 32
2186 #EA 2183 2185
2187 #EA 2186 12
2188 #EA 993 168
2189 #EA 2188 156
2190 #EP #BD 15 2187 2189
2191 #EP #BD 15 2180 2190
2192 #EL #BD 47 2178 2191
2193 #EL #BD 11 0 2192
2194 #EA 2176 2193
2195 #EA 2194 108
2196 #EA 2195 30
583 #NI 223 1392848918
584 #NS 583 _hygCtx
585 #NS 584 _hyg
586 #NI 585 70
2197 #EA 1096 156
2198 #EA 1023 168
2199 #EA 580 166
2200 #EA 2199 5
2201 #EA 1639 984
2202 #EA 1841 32
2203 #EA 982 2202
2204 #EA 2203 12
2205 #EA 80 995
2206 #EA 2205 995
2207 #EA 2204 2206
2208 #EA 1636 995
2209 #EA 2207 2208
2210 #EA 995 30
2211 #EA 2210 32
2212 #EA 2211 12
2213 #EP #BD 15 2209 2212
2214 #EP #BD 305 2201 2213
2215 #EP #BD 581 2200 2214
2216 #EL #BD 574 0 2215
2217 #EA 2198 2216
2218 #EA 580 168
2219 #EA 2218 168
2220 #EA 2199 166
587 #NI 585 71
2221 #EA 1826 984
2222 #EA 982 2221
2223 #EA 2222 12
2224 #EA 2184 984
2225 #EA 2223 2224
2226 #EA 1636 984
2227 #EA 2225 2226
2228 #EA 1841 995
2229 #EA 1055 2228
2230 #EA 2229 2208
2231 #EA 995 1000
2232 #EA 2231 5
2233 #EA 2232 32
2234 #EL #BD 581 2228 2233
2235 #EA 2230 2234
2236 #EA 2235 160
2237 #EA 2236 32
2238 #EA 1074 2228
2239 #EA 2238 32
2240 #EA 2239 2208
2241 #EA 1078 2228
2242 #EA 2241 32
2243 #EA 2242 2208
2244 #EA 2243 5
2245 #EA 2240 2244
2246 #EA 2237 2245
2247 #EL #BD 587 2227 2246
2248 #EL #BD 305 2220 2247
2249 #EL #BD 581 2219 2248
2250 #EA 2217 2249
2251 #EA 2250 153
2252 #EA 1488 153
2253 #EA 2252 168
2254 #EA 2253 5
2255 #EA 2251 2254
2256 #EA 2255 108
2257 #EA 2256 30
2258 #EL #BD 586 2197 2257
2259 #EA 2196 2258
588 #NI 573 68
589 #NI 9 0
590 #NS 589 Init
591 #NS 590 Prelude
592 #NI 591 1392848918
593 #NS 592 _hygCtx
594 #NS 593 _hyg
595 #NI 594 69
596 #NI 585 73
2260 #EA 2179 88
2261 #EA 1023 1415
2262 #EA 1639 1000
2263 #EA 580 1812
2264 #EA 2263 32
2265 #EA 982 2264
2266 #EA 2265 12
2267 #EA 80 1812
2268 #EA 87 153
2269 #EA 2267 2268
2270 #EA 2266 2269
2271 #EA 1646 1812
2272 #EA 2271 153
2273 #EA 2272 108
2274 #EA 2270 2273
2275 #EA 1812 30
2276 #EA 2275 32
2277 #EA 2276 12
2278 #EP #BD 15 2274 2277
2279 #EP #BD 305 2262 2278
2280 #EP #BD 581 1842 2279
2281 #EL #BD 574 0 2280
2282 #EA 2261 2281
2283 #EA 1826 1415
2284 #EA 87 30
2285 #EA 580 2284
2286 #EA 2285 995
597 #NI 585 74
2287 #EA 580 1000
2288 #EA 87 108
2289 #EA 2287 2288
2290 #EA 982 2289
2291 #EA 2290 12
2292 #EA 80 1000
2293 #EA 2292 2288
2294 #EA 2291 2293
2295 #EA 1646 1000
2296 #EA 2295 108
2297 #EA 2296 30
2298 #EA 2294 2297
2299 #EA 2263 2268
2300 #EA 1055 2299
2301 #EA 2300 2273
2302 #EA 87 156
2303 #EA 1812 2302
2304 #EA 2303 5
2305 #EA 2304 32
2306 #EL #BD 581 2299 2305
2307 #EA 2301 2306
2308 #EA 1211 12
2309 #EA 2307 2308
2310 #EA 2309 32
2311 #EA 1074 2299
2312 #EA 2311 32
2313 #EA 2312 2273
2314 #EA 1078 2299
2315 #EA 2314 32
2316 #EA 2315 2273
2317 #EA 2316 5
2318 #EA 2313 2317
2319 #EA 2310 2318
2320 #EL #BD 597 2298 2319
2321 #EL #BD 305 2286 2320
2322 #EL #BD 581 2283 2321
2323 #EA 2282 2322
2324 #EA 2323 168
2325 #EA 1488 168
2326 #EA 2325 1415
2327 #EA 2326 5
2328 #EA 2324 2327
2329 #EA 2328 156
2330 #EA 2329 153
2331 #EL #BD 596 2260 2330
2332 #EL #BD 595 2178 2331
2333 #EL #BI 588 0 2332
2334 #EA 2259 2333
2335 #EA 944 108
2336 #EA 2334 2335
2337 #EA 580 156
2338 #EA 2337 108
2339 #EA 1095 2338
2340 #EA 2339 30
2341 #EA 2336 2340
2342 #EL #BD 139 2167 2341
2343 #EL #BD 138 2156 2342
2344 #EL #BD 305 2150 2343
2345 #EL #BD 581 2149 2344
2346 #EL #BD 574 0 2345
2347 #EL #BD 108 2148 2346
2348 #EL #BI 4 0 2347
#DEF 567 2174 2348 
598 #NS 39 below
599 #NS 598 refl
2349 #EC 598 
2350 #EA 2349 12
2351 #EA 2350 5
2352 #EA 2351 12
2353 #EA 1636 12
2354 #EA 2352 2353
2355 #EP #BI 108 2107 2354
2356 #EP #BI 4 0 2355
600 #NS 598 step
601 #NS 64 _@
602 #NS 601 Init
603 #NS 602 Prelude
604 #NI 603 3619057954
605 #NS 604 _hygCtx
606 #NS 605 _hyg
607 #NI 606 20
2357 #EA 2349 30
2358 #EA 2357 32
2359 #EA 2358 12
2360 #EA 2359 5
2361 #EA 2349 153
2362 #EA 2361 108
2363 #EA 2362 2284
2364 #EA 1646 153
2365 #EA 2364 30
2366 #EA 2365 32
2367 #EA 2363 2366
2368 #EP #BD 564 713 2367
2369 #EP #BD 607 2360 2368
2370 #EP #BD 11 2108 2369
2371 #EP #BI 42 0 2370
2372 #EP #BI 108 2107 2371
2373 #EP #BI 4 0 2372
2374 #EP #BD 109 2108 3
2375 #EP #BI 11 0 2374
2376 #EP #BI 108 2107 2375
2377 #EP #BI 4 0 2376
#IND 2 598 2377 2 599 2356 600 2373 
608 #NS 39 brecOn
2378 #EA 80 108
2379 #EA 2378 5
609 #NI 121 3619057954
610 #NS 609 _hygCtx
611 #NS 610 _hyg
612 #NI 611 21
2380 #EA 2362 12
2381 #EA 2380 5
2382 #EA 178 12
2383 #EP #BD 612 2381 2382
2384 #EP #BD 109 2379 2383
2385 #EP #BD 11 0 2384
2386 #EP #BD 114 2385 713
2387 #EP #BD 109 2108 2386
2388 #EP #BI 11 0 2387
2389 #EP #BI 108 2107 2388
2390 #EP #BI 4 0 2389
2391 #EA 5 32
2392 #EA 2391 12
2393 #EA 2126 108
2394 #EA 2349 108
2395 #EA 2394 30
2396 #EA 2393 2395
2397 #EC 599 
2398 #EA 2397 108
2399 #EA 2398 30
2400 #EA 2396 2399
613 #NI 606 22
2401 #EA 2349 156
2402 #EA 2401 153
2403 #EA 2402 12
2404 #EA 2403 5
2405 #EC 600 
2406 #EA 2405 168
2407 #EA 2406 156
2408 #EA 2407 32
2409 #EA 2408 12
2410 #EA 2409 5
2411 #EA 713 5
2412 #EA 2410 2411
2413 #EL #BD 613 2404 2412
2414 #EL #BD 11 2112 2413
2415 #EL #BI 42 0 2414
2416 #EA 2400 2415
2417 #EA 2416 32
2418 #EA 2417 12
2419 #EA 2392 2418
2420 #EL #BD 114 2385 2419
2421 #EL #BD 109 2108 2420
2422 #EL #BI 11 0 2421
2423 #EL #BI 108 2107 2422
2424 #EL #BI 4 0 2423
#DEF 608 2390 2424 
614 #NS 598 casesOn
2425 #EP #BD 109 2360 3
2426 #EP #BD 109 2108 2425
2427 #EP #BI 11 0 2426
2428 #EA 80 30
2429 #EA 2428 5
2430 #EA 2395 12
2431 #EA 2430 5
2432 #EA 1168 2153
2433 #EA 2397 153
2434 #EA 2433 108
2435 #EA 2432 2434
2436 #EA 2349 166
2437 #EA 2436 168
2438 #EA 2437 12
2439 #EA 2438 5
2440 #EA 166 32
2441 #EA 2440 12
2442 #EA 166 2284
2443 #EA 1646 995
2444 #EA 2443 30
2445 #EA 2444 32
2446 #EA 2442 2445
2447 #EA 2405 995
2448 #EA 2447 984
2449 #EA 2448 30
2450 #EA 2449 32
2451 #EA 2450 12
2452 #EA 2451 5
2453 #EA 2446 2452
2454 #EP #BD 564 2441 2453
2455 #EP #BD 607 2439 2454
2456 #EP #BD 11 2178 2455
2457 #EP #BI 42 0 2456
2458 #EP #BD 558 2457 1202
2459 #EP #BD 205 2435 2458
2460 #EP #BD 109 2431 2459
2461 #EP #BI 109 2429 2460
2462 #EP #BI 11 0 2461
2463 #EP #BI 108 2427 2462
2464 #EP #BI 108 2107 2463
2465 #EP #BI 4 0 2464
615 #NS 598 rec
2466 #EC 615 
2467 #EA 2466 168
2468 #EA 2467 156
2469 #EA 2468 153
2470 #EA 2469 12
2471 #EA 80 166
2472 #EA 2471 5
2473 #EA 2349 984
2474 #EA 2473 166
2475 #EA 2474 12
2476 #EA 2475 5
2477 #EA 1036 12
616 #NS 0 ih_ih
617 #NS 616 _@
618 #NS 617 Init
619 #NS 618 Prelude
620 #NI 619 3619057954
621 #NS 620 _hygCtx
622 #NS 621 _hyg
623 #NI 622 20
2478 #EA 984 30
2479 #EA 2478 32
2480 #EA 2479 12
2481 #EA 1202 12
2482 #EL #BD 623 2480 2481
2483 #EL #BD 564 2477 2482
2484 #EL #BD 607 2476 2483
2485 #EL #BD 11 2472 2484
2486 #EL #BI 42 0 2485
2487 #EA 2470 2486
2488 #EA 2487 108
2489 #EA 2488 30
2490 #EA 2489 32
2491 #EL #BD 558 2457 2490
2492 #EL #BD 205 2435 2491
2493 #EL #BD 109 2431 2492
2494 #EL #BI 109 2429 2493
2495 #EL #BI 11 0 2494
2496 #EL #BI 108 2427 2495
2497 #EL #BI 108 2107 2496
2498 #EL #BI 4 0 2497
#DEF 614 2465 2498 
624 #NS 565 le_trans
625 #NS 624 match_1_10
626 #NS 0 funType_1
627 #NI 121 2514409987
628 #NS 627 _hygCtx
629 #NS 628 _hyg
630 #NI 629 16
2499 #EA 1641 12
631 #NI 629 17
2500 #EP #BD 631 2499 3
2501 #EP #BD 630 2499 2500
2502 #EP #BI 175 0 2501
632 #NS 175 _@
633 #NS 632 Init
634 #NS 633 Prelude
635 #NI 634 2514409987
636 #NS 635 _hygCtx
637 #NS 636 _hyg
638 #NI 637 46
639 #NI 628 16
640 #NS 639 Init
641 #NS 640 Prelude
642 #NI 641 2514409987
643 #NS 642 _hygCtx
644 #NS 643 _hyg
645 #NI 644 35
2503 #EA 1706 32
646 #NI 628 17
647 #NS 646 Init
648 #NS 647 Prelude
649 #NI 648 2514409987
650 #NS 649 _hygCtx
651 #NS 650 _hyg
652 #NI 651 38
653 #NS 0 below
2504 #EA 1800 5
2505 #EA 2218 156
2506 #EA 156 32
2507 #EA 2506 5
2508 #EA 2507 12
2509 #EP #BD 630 2505 2508
2510 #EL #BD 631 2504 2509
2511 #EL #BI 175 0 2510
2512 #EA 2394 2511
2513 #EA 2512 32
2514 #EA 2513 5
2515 #EP #BD 653 2514 3
2516 #EP #BD 652 1707 2515
2517 #EP #BD 645 2503 2516
2518 #EP #BD 638 0 2517
2519 #EA 1746 30
2520 #EA 1746 12
2521 #EA 2337 5
2522 #EA 2199 168
2523 #EA 1195 5
2524 #EA 2523 12
2525 #EP #BD 630 2522 2524
2526 #EL #BD 631 2521 2525
2527 #EL #BI 175 0 2526
2528 #EA 2361 2527
2529 #EA 2528 32
2530 #EA 2529 5
2531 #EA 153 168
2532 #EA 2531 5
2533 #EA 1636 168
2534 #EA 2532 2533
2535 #EA 2397 168
2536 #EA 1841 984
2537 #EA 1036 5
2538 #EA 2537 12
2539 #EP #BD 630 2536 2538
2540 #EL #BD 631 2200 2539
2541 #EL #BI 175 0 2540
2542 #EA 2535 2541
2543 #EA 2534 2542
2544 #EP #BD 15 2505 2543
654 #NI 570 2514409987
655 #NS 654 _hygCtx
656 #NS 655 _hyg
657 #NI 656 71
2545 #EA 2184 5
2546 #EA 2349 995
2547 #EA 2287 5
2548 #EA 580 1002
2549 #EA 2548 1812
2550 #EA 1812 32
2551 #EA 2550 5
2552 #EA 2551 12
2553 #EP #BD 630 2549 2552
2554 #EL #BD 631 2547 2553
2555 #EL #BI 175 0 2554
2556 #EA 2546 2555
2557 #EA 2556 12
2558 #EA 2557 5
2559 #EA 2263 1000
2560 #EA 1000 30
2561 #EA 2560 5
2562 #EA 2561 32
2563 #EP #BD 630 2559 2562
2564 #EA 995 2284
2565 #EA 2564 108
2566 #EA 2271 30
2567 #EA 2566 32
2568 #EA 2565 2567
2569 #EA 2405 1812
2570 #EA 2548 5
2571 #EV 15
2572 #EA 580 2571
2573 #EV 14
2574 #EA 2572 2573
2575 #EA 2573 32
2576 #EA 2575 5
2577 #EA 2576 12
2578 #EP #BD 630 2574 2577
2579 #EL #BD 631 2570 2578
2580 #EL #BI 175 0 2579
2581 #EA 2569 2580
2582 #EA 2581 30
2583 #EA 2582 32
2584 #EA 2583 12
2585 #EA 2584 5
2586 #EA 2568 2585
2587 #EP #BD 564 2563 2586
2588 #EP #BD 607 2558 2587
2589 #EP #BD 305 2545 2588
2590 #EP #BD 657 0 2589
2591 #EP #BD 244 2522 2590
2592 #EA 1211 30
2593 #EA 2592 32
2594 #EP #BD 139 2591 2593
2595 #EP #BD 138 2544 2594
2596 #EP #BD 653 2530 2595
2597 #EP #BD 652 2520 2596
2598 #EP #BD 645 2519 2597
2599 #EP #BD 638 0 2598
2600 #EP #BD 108 2518 2599
2601 #EP #BD 626 2502 2600
2602 #EP #BI 42 0 2601
2603 #EP #BI 4 0 2602
2604 #EC 614 
2605 #EA 2604 166
2606 #EA 1826 5
2607 #EA 2287 995
2608 #EA 995 32
2609 #EA 2608 5
2610 #EA 2609 12
2611 #EP #BD 630 2607 2610
2612 #EL #BD 631 2606 2611
2613 #EL #BI 175 0 2612
2614 #EA 2605 2613
2615 #EA 994 32
2616 #EA 2263 984
2617 #EA 982 2616
2618 #EA 2617 168
2619 #EA 2267 30
2620 #EA 2618 2619
2621 #EA 2620 32
2622 #EA 2349 1002
2623 #EA 580 2573
2624 #EA 2623 5
2625 #EV 16
2626 #EA 580 2625
2627 #EA 2626 2571
2628 #EA 2571 32
2629 #EA 2628 5
2630 #EA 2629 12
2631 #EP #BD 630 2627 2630
2632 #EL #BD 631 2624 2631
2633 #EL #BI 175 0 2632
2634 #EA 2622 2633
2635 #EA 2634 995
2636 #EA 2635 166
2637 #EA 982 2636
2638 #EA 2637 168
2639 #EA 2634 108
2640 #EA 2639 30
2641 #EA 2638 2640
2642 #EA 2641 32
2643 #EA 1812 1000
2644 #EA 2643 995
2645 #EA 2644 984
2646 #EA 2645 166
2647 #EP #BD 15 2642 2646
2648 #EP #BD 15 2621 2647
2649 #EP #BD 15 2615 2648
2650 #EL #BD 47 2558 2649
2651 #EL #BD 109 2545 2650
2652 #EL #BI 11 0 2651
2653 #EA 2614 2652
2654 #EA 2653 153
2655 #EA 2654 30
2656 #EA 2655 32
658 #NI 223 2514409987
659 #NS 658 _hygCtx
660 #NS 659 _hyg
661 #NI 660 124
2657 #EA 976 166
2658 #EA 1023 984
2659 #EA 2349 1000
2660 #EA 2263 5
2661 #EA 2623 1002
2662 #EA 1002 32
2663 #EA 2662 5
2664 #EA 2663 12
2665 #EP #BD 630 2661 2664
2666 #EL #BD 631 2660 2665
2667 #EL #BI 175 0 2666
2668 #EA 2659 2667
2669 #EA 2668 12
2670 #EA 2669 5
2671 #EA 2267 1812
2672 #EA 2266 2671
2673 #EA 1636 1812
2674 #EA 2672 2673
2675 #EA 2634 30
2676 #EA 2675 32
2677 #EA 982 2676
2678 #EA 2677 12
2679 #EA 2634 1002
2680 #EA 1636 1002
2681 #EA 2679 2680
2682 #EA 2678 2681
2683 #EA 2397 1002
2684 #EA 2683 2633
2685 #EA 2682 2684
2686 #EA 1812 108
2687 #EA 2686 995
2688 #EA 2687 30
2689 #EA 2688 32
2690 #EP #BD 15 2685 2689
2691 #EP #BD 15 2674 2690
2692 #EP #BD 653 2670 2691
2693 #EP #BD 652 1842 2692
2694 #EL #BD 638 0 2693
2695 #EA 2658 2694
2696 #EA 2556 995
2697 #EA 2696 5
662 #NI 660 125
2698 #EA 2287 1000
2699 #EA 982 2698
2700 #EA 2699 12
2701 #EA 2292 1000
2702 #EA 2700 2701
2703 #EA 1636 1000
2704 #EA 2702 2703
2705 #EA 2263 1812
2706 #EA 1055 2705
2707 #EA 2706 2673
2708 #EA 2679 5
2709 #EA 2349 2573
2710 #EA 2572 5
2711 #EV 17
2712 #EA 580 2711
2713 #EA 2712 2625
2714 #EA 2625 32
2715 #EA 2714 5
2716 #EA 2715 12
2717 #EP #BD 630 2713 2716
2718 #EL #BD 631 2710 2717
2719 #EL #BI 175 0 2718
2720 #EA 2709 2719
2721 #EA 2720 2573
2722 #EA 2721 12
2723 #EA 982 2722
2724 #EA 2723 5
2725 #EA 1636 2573
2726 #EA 2721 2725
2727 #EA 2724 2726
2728 #EA 2397 2573
2729 #EA 2728 2719
2730 #EA 2727 2729
2731 #EA 1002 2571
2732 #EA 2731 1000
2733 #EA 2732 32
2734 #EA 2733 12
2735 #EP #BD 15 2730 2734
2736 #EP #BD 653 2708 2735
2737 #EL #BD 652 2705 2736
2738 #EA 2707 2737
2739 #EA 2349 1812
2740 #EA 2739 2580
2741 #EA 2740 1812
2742 #EA 2741 2673
663 #NI 660 127
2743 #EA 982 2681
2744 #EA 2743 5
2745 #EA 2744 2681
2746 #EA 2745 2684
2747 #EA 1055 2726
2748 #EA 2747 2729
2749 #EA 1636 2571
2750 #EA 2732 2749
2751 #EA 2750 5
2752 #EL #BD 653 2726 2751
2753 #EA 2748 2752
2754 #EA 168 995
2755 #EA 2753 2754
2756 #EA 2755 12
2757 #EA 1074 2726
2758 #EA 2757 12
2759 #EA 2758 2729
2760 #EA 1078 2726
2761 #EA 2760 12
2762 #EA 2761 2729
2763 #EA 2762 5
2764 #EA 2759 2763
2765 #EA 2756 2764
2766 #EL #BD 663 2746 2765
2767 #EL #BD 653 2742 2766
2768 #EA 2738 2767
2769 #EA 2768 32
2770 #EA 1074 2705
2771 #EA 2770 32
2772 #EA 2771 2673
2773 #EA 1078 2705
2774 #EA 2773 32
2775 #EA 2774 2673
2776 #EA 2775 5
2777 #EA 2772 2776
2778 #EA 2769 2777
2779 #EA 2778 12
2780 #EL #BD 662 2704 2779
2781 #EL #BD 653 2697 2780
2782 #EL #BD 652 2221 2781
2783 #EA 2695 2782
2784 #EA 2783 156
2785 #EA 1488 156
2786 #EA 2785 984
2787 #EA 2786 5
2788 #EA 2784 2787
2789 #EA 2788 108
2790 #EA 2789 30
2791 #EL #BD 661 2657 2790
2792 #EA 2656 2791
664 #NI 656 120
665 #NI 591 2514409987
666 #NS 665 _hygCtx
667 #NS 666 _hyg
668 #NI 667 121
669 #NI 605 20
670 #NS 669 Init
671 #NS 670 Prelude
672 #NI 671 2514409987
673 #NS 672 _hygCtx
674 #NS 673 _hyg
675 #NI 674 122
676 #NI 562 0
677 #NS 676 Init
678 #NS 677 Prelude
679 #NI 678 2514409987
680 #NS 679 _hygCtx
681 #NS 680 _hyg
682 #NI 681 123
683 #NI 660 129
2793 #EA 555 984
2794 #EA 2793 2284
2795 #EA 1023 2288
2796 #EA 2349 2571
2797 #EA 2626 5
2798 #EV 18
2799 #EA 580 2798
2800 #EA 2799 2711
2801 #EA 2711 32
2802 #EA 2801 5
2803 #EA 2802 12
2804 #EP #BD 630 2800 2803
2805 #EL #BD 631 2797 2804
2806 #EL #BI 175 0 2805
2807 #EA 2796 2806
2808 #EA 2807 12
2809 #EA 2808 5
2810 #EA 2626 32
2811 #EA 982 2810
2812 #EA 2811 12
2813 #EA 80 2625
2814 #EA 87 168
2815 #EA 2813 2814
2816 #EA 2812 2815
2817 #EA 1646 2625
2818 #EA 2817 168
2819 #EA 2818 156
2820 #EA 2816 2819
2821 #EA 2349 2711
2822 #EA 2799 5
2823 #EV 20
2824 #EA 580 2823
2825 #EV 19
2826 #EA 2824 2825
2827 #EA 2825 32
2828 #EA 2827 5
2829 #EA 2828 12
2830 #EP #BD 630 2826 2829
2831 #EL #BD 631 2822 2830
2832 #EL #BI 175 0 2831
2833 #EA 2821 2832
2834 #EA 2833 30
2835 #EA 2834 32
2836 #EA 982 2835
2837 #EA 2836 12
2838 #EA 87 166
2839 #EA 2833 2838
2840 #EA 1646 2711
2841 #EA 2840 166
2842 #EA 2841 168
2843 #EA 2839 2842
2844 #EA 2837 2843
2845 #EA 2405 2711
2846 #EA 2845 2832
2847 #EA 2846 166
2848 #EA 2847 168
2849 #EA 2848 156
2850 #EA 2849 153
2851 #EA 2844 2850
2852 #EA 2625 108
2853 #EA 2852 2573
2854 #EA 2853 30
2855 #EA 2854 32
2856 #EP #BD 15 2851 2855
2857 #EP #BD 15 2820 2856
2858 #EP #BD 653 2809 2857
2859 #EP #BD 652 2624 2858
2860 #EL #BD 638 0 2859
2861 #EA 2795 2860
2862 #EA 2548 2288
2863 #EA 2720 2268
2864 #EA 2863 5
684 #NI 660 130
2865 #EA 2572 2302
2866 #EA 982 2865
2867 #EA 2866 12
2868 #EA 80 2571
2869 #EA 2868 2302
2870 #EA 2867 2869
2871 #EA 1646 2571
2872 #EA 2871 156
2873 #EA 2872 153
2874 #EA 2870 2873
2875 #EA 2626 2814
2876 #EA 1055 2875
2877 #EA 2876 2819
2878 #EA 2839 5
2879 #EA 2349 2798
2880 #EA 580 2825
2881 #EA 2880 5
2882 #EV 21
2883 #EA 580 2882
2884 #EA 2883 2823
2885 #EA 2823 32
2886 #EA 2885 5
2887 #EA 2886 12
2888 #EP #BD 630 2884 2887
2889 #EL #BD 631 2881 2888
2890 #EL #BI 175 0 2889
2891 #EA 2879 2890
2892 #EA 87 984
2893 #EA 2891 2892
2894 #EA 2893 12
2895 #EA 982 2894
2896 #EA 2895 5
2897 #EA 1646 2798
2898 #EA 2897 984
2899 #EA 2898 166
2900 #EA 2893 2899
2901 #EA 2896 2900
2902 #EA 2405 2798
2903 #EA 2902 2890
2904 #EA 2903 984
2905 #EA 2904 166
2906 #EA 2905 168
2907 #EA 2906 156
2908 #EA 2901 2907
2909 #EA 87 995
2910 #EA 2711 2909
2911 #EA 2910 2571
2912 #EA 2911 32
2913 #EA 2912 12
2914 #EP #BD 15 2908 2913
2915 #EP #BD 653 2878 2914
2916 #EL #BD 652 2875 2915
2917 #EA 2877 2916
2918 #EA 2349 2625
2919 #EA 2712 5
2920 #EA 2880 2798
2921 #EA 2798 32
2922 #EA 2921 5
2923 #EA 2922 12
2924 #EP #BD 630 2920 2923
2925 #EL #BD 631 2919 2924
2926 #EL #BI 175 0 2925
2927 #EA 2918 2926
2928 #EA 2927 2814
2929 #EA 2928 2819
685 #NI 660 132
2930 #EA 982 2843
2931 #EA 2930 5
2932 #EA 2931 2843
2933 #EA 2932 2850
2934 #EA 1055 2900
2935 #EA 2934 2907
2936 #EA 1646 2825
2937 #EA 2936 995
2938 #EA 2937 984
2939 #EA 2911 2938
2940 #EA 2939 5
2941 #EL #BD 653 2900 2940
2942 #EA 2935 2941
2943 #EA 995 2573
2944 #EA 2943 984
2945 #EA 2944 166
2946 #EA 2945 168
2947 #EA 2946 156
2948 #EA 2942 2947
2949 #EA 2948 12
2950 #EA 1074 2900
2951 #EA 2950 12
2952 #EA 2951 2907
2953 #EA 1078 2900
2954 #EA 2953 12
2955 #EA 2954 2907
2956 #EA 2955 5
2957 #EA 2952 2956
2958 #EA 2949 2957
2959 #EL #BD 685 2933 2958
2960 #EL #BD 653 2929 2959
2961 #EA 2917 2960
2962 #EA 2961 32
2963 #EA 1074 2875
2964 #EA 2963 32
2965 #EA 2964 2819
2966 #EA 1078 2875
2967 #EA 2966 32
2968 #EA 2967 2819
2969 #EA 2968 5
2970 #EA 2965 2969
2971 #EA 2962 2970
2972 #EA 2971 12
2973 #EL #BD 684 2874 2972
2974 #EL #BD 653 2864 2973
2975 #EL #BD 652 2862 2974
2976 #EA 2861 2975
2977 #EA 2976 995
2978 #EA 1488 995
2979 #EA 2978 2288
2980 #EA 2979 5
2981 #EA 2977 2980
2982 #EA 2981 166
2983 #EA 2982 168
2984 #EL #BD 683 2794 2983
2985 #EL #BD 682 2563 2984
2986 #EL #BD 675 2558 2985
2987 #EL #BD 668 2545 2986
2988 #EL #BI 664 0 2987
2989 #EA 2792 2988
2990 #EA 944 153
2991 #EA 2989 2990
2992 #EA 2199 153
2993 #EA 1095 2992
2994 #EA 2993 30
2995 #EA 2991 2994
2996 #EA 2436 2613
2997 #EA 2996 153
2998 #EA 2997 30
2999 #EA 1095 2998
3000 #EA 2999 32
3001 #EA 2995 3000
3002 #EL #BD 139 2591 3001
3003 #EL #BD 138 2544 3002
3004 #EL #BD 653 2530 3003
3005 #EL #BD 652 2520 3004
3006 #EL #BD 645 2519 3005
3007 #EL #BD 638 0 3006
3008 #EL #BD 108 2518 3007
3009 #EL #BD 626 2502 3008
3010 #EL #BI 42 0 3009
3011 #EL #BI 4 0 3010
#DEF 625 2603 3011 
686 #NS 1 le_trans
3012 #EA 1746 32
3013 #EP #BD 11 2499 3012
3014 #EP #BD 11 2499 3013
3015 #EP #BI 175 0 3014
3016 #EP #BI 42 0 3015
3017 #EP #BI 4 0 3016
3018 #EA 1800 108
3019 #EA 1800 12
3020 #EP #BD 631 3019 3
3021 #EP #BD 630 3018 3020
3022 #EP #BI 175 0 3021
3023 #EA 2218 32
3024 #EL #BD 631 3019 3023
3025 #EL #BD 630 3018 3024
3026 #EL #BI 175 0 3025
3027 #EC 608 
3028 #EA 3027 108
3029 #EA 420 5
3030 #EA 3029 12
3031 #EP #BD 630 2505 3030
3032 #EL #BD 631 2504 3031
3033 #EL #BI 175 0 3032
3034 #EA 3028 3033
3035 #EA 3034 30
3036 #EA 3035 12
3037 #EA 2218 5
3038 #EA 1826 166
3039 #EA 179 12
3040 #EP #BD 630 3038 3039
3041 #EL #BD 631 3037 3040
3042 #EL #BI 175 0 3041
3043 #EA 2401 3042
3044 #EA 3043 12
3045 #EA 3044 5
3046 #EC 625 
3047 #EA 3046 984
3048 #EA 3047 166
3049 #EA 3048 108
3050 #EA 1841 12
3051 #EP #BD 630 2661 2610
3052 #EL #BD 631 2660 3051
3053 #EL #BI 175 0 3052
3054 #EA 2659 3053
3055 #EA 3054 32
3056 #EA 3055 5
3057 #EA 2548 30
3058 #EL #BD 653 3056 3057
3059 #EL #BD 652 3050 3058
3060 #EL #BD 645 2536 3059
3061 #EL #BD 638 0 3060
3062 #EA 3049 3061
3063 #EA 3062 30
3064 #EA 3063 5
3065 #EA 3064 32
3066 #EA 3065 12
3067 #EL #BD 15 3038 5
3068 #EA 3066 3067
3069 #EA 2205 5
3070 #EA 3054 12
3071 #EA 3070 5
3072 #EA 2478 5
3073 #EA 3072 32
3074 #EP #BD 630 2549 3073
3075 #EA 1646 2573
3076 #EA 3075 30
3077 #EA 3076 904
3078 #EL #BD 564 3074 3077
3079 #EL #BD 607 3071 3078
3080 #EL #BD 305 3069 3079
3081 #EL #BD 657 0 3080
3082 #EL #BD 244 3038 3081
3083 #EA 3068 3082
3084 #EL #BD 630 2522 3083
3085 #EL #BD 612 3045 3084
3086 #EL #BD 631 2504 3085
3087 #EL #BI 175 0 3086
3088 #EA 3036 3087
3089 #EA 3088 32
3090 #EZ 626 3022 3026 3089
3091 #EL #BD 631 2499 3090
3092 #EL #BD 630 2499 3091
3093 #EL #BI 175 0 3092
3094 #EL #BI 42 0 3093
3095 #EL #BI 4 0 3094
#DEF 686 3017 3095 
687 #NS 565 succ_le_succ
688 #NS 687 match_1_7
689 #NI 121 2965355525
690 #NS 689 _hygCtx
691 #NS 690 _hyg
692 #NI 691 22
3096 #EP #BD 692 1640 3
3097 #EP #BI 42 0 3096
693 #NI 570 2965355525
694 #NS 693 _hygCtx
695 #NS 694 _hyg
696 #NI 695 39
697 #NI 690 22
698 #NS 697 Init
699 #NS 698 Prelude
700 #NI 699 2965355525
701 #NS 700 _hygCtx
702 #NS 701 _hyg
703 #NI 702 33
3098 #EA 1746 5
3099 #EA 223 5
3100 #EL #BD 692 3098 3099
3101 #EL #BI 42 0 3100
3102 #EA 2357 3101
3103 #EA 3102 12
3104 #EA 3103 5
3105 #EP #BD 653 3104 3
3106 #EP #BD 703 2149 3105
3107 #EP #BD 696 0 3106
3108 #EA 1706 5
3109 #EL #BD 692 2504 1187
3110 #EL #BI 42 0 3109
3111 #EA 2394 3110
3112 #EA 3111 12
3113 #EA 3112 5
3114 #EA 108 156
3115 #EA 1636 156
3116 #EA 3114 3115
3117 #EA 2397 156
3118 #EA 175 5
3119 #EL #BD 692 3037 3118
3120 #EL #BI 42 0 3119
3121 #EA 3117 3120
3122 #EA 3116 3121
3123 #EP #BD 427 1339 3122
704 #NI 695 59
3124 #EA 984 12
3125 #EA 3124 5
3126 #EL #BD 692 2606 3125
3127 #EL #BI 42 0 3126
3128 #EA 2436 3127
3129 #EA 3128 12
3130 #EA 3129 5
3131 #EA 166 2284
3132 #EA 3131 2445
3133 #EA 1000 12
3134 #EA 3133 5
3135 #EL #BD 692 2547 3134
3136 #EL #BI 42 0 3135
3137 #EA 2447 3136
3138 #EA 3137 30
3139 #EA 3138 32
3140 #EA 3139 12
3141 #EA 3140 5
3142 #EA 3132 3141
3143 #EP #BD 564 2441 3142
3144 #EP #BD 607 3130 3143
3145 #EP #BD 15 2178 3144
3146 #EP #BD 704 0 3145
3147 #EP #BD 139 3146 1202
3148 #EP #BD 138 3123 3147
3149 #EP #BD 653 3113 3148
3150 #EP #BD 703 3108 3149
3151 #EP #BD 696 0 3150
3152 #EP #BD 108 3107 3151
3153 #EP #BD 626 3097 3152
3154 #EP #BI 4 0 3153
3155 #EA 2604 168
3156 #EA 969 5
3157 #EL #BD 692 2200 3156
3158 #EL #BI 42 0 3157
3159 #EA 3155 3158
3160 #EA 1778 5
3161 #EL #BD 692 1842 3160
3162 #EL #BI 42 0 3161
3163 #EA 2473 3162
3164 #EA 3163 12
3165 #EA 3164 5
3166 #EA 2287 166
3167 #EA 982 3166
3168 #EA 3167 168
3169 #EA 2292 30
3170 #EA 3168 3169
3171 #EA 3170 32
3172 #EA 1003 5
3173 #EL #BD 692 2570 3172
3174 #EL #BI 42 0 3173
3175 #EA 2739 3174
3176 #EA 3175 984
3177 #EA 3176 166
3178 #EA 982 3177
3179 #EA 3178 168
3180 #EA 3175 108
3181 #EA 3180 30
3182 #EA 3179 3181
3183 #EA 3182 32
3184 #EA 1000 995
3185 #EA 3184 984
3186 #EA 3185 166
3187 #EP #BD 15 3183 3186
3188 #EP #BD 15 3171 3187
3189 #EP #BD 15 990 3188
3190 #EL #BD 47 3165 3189
3191 #EL #BD 109 2472 3190
3192 #EL #BI 11 0 3191
3193 #EA 3159 3192
3194 #EA 3193 108
3195 #EA 3194 30
3196 #EA 3195 32
705 #NI 223 2965355525
706 #NS 705 _hygCtx
707 #NS 706 _hyg
708 #NI 707 88
3197 #EA 1096 168
3198 #EA 1023 166
3199 #EA 2546 3136
3200 #EA 3199 12
3201 #EA 3200 5
3202 #EA 2287 32
3203 #EA 982 3202
3204 #EA 3203 12
3205 #EA 3204 2701
3206 #EA 3205 2703
3207 #EA 3175 30
3208 #EA 3207 32
3209 #EA 982 3208
3210 #EA 3209 12
3211 #EA 3175 1812
3212 #EA 3211 2673
3213 #EA 3210 3212
3214 #EA 2397 1812
3215 #EA 3214 3174
3216 #EA 3213 3215
3217 #EA 1000 108
3218 #EA 3217 30
3219 #EA 3218 32
3220 #EP #BD 15 3216 3219
3221 #EP #BD 15 3206 3220
3222 #EP #BD 653 3201 3221
3223 #EP #BD 703 2606 3222
3224 #EL #BD 696 0 3223
3225 #EA 3198 3224
3226 #EA 3163 984
3227 #EA 3226 5
709 #NI 707 89
3228 #EA 982 2228
3229 #EA 3228 12
3230 #EA 3229 2206
3231 #EA 3230 2208
3232 #EA 1055 2698
3233 #EA 3232 2703
3234 #EA 3211 5
3235 #EA 2573 12
3236 #EA 3235 5
3237 #EL #BD 692 2624 3236
3238 #EL #BI 42 0 3237
3239 #EA 2622 3238
3240 #EA 3239 1002
3241 #EA 3240 12
3242 #EA 982 3241
3243 #EA 3242 5
3244 #EA 3240 2680
3245 #EA 3243 3244
3246 #EA 2683 3238
3247 #EA 3245 3246
3248 #EA 1812 2573
3249 #EA 3248 32
3250 #EA 3249 12
3251 #EP #BD 15 3247 3250
3252 #EP #BD 653 3234 3251
3253 #EL #BD 703 2698 3252
3254 #EA 3233 3253
3255 #EA 1821 5
3256 #EL #BD 692 2660 3255
3257 #EL #BI 42 0 3256
3258 #EA 2659 3257
3259 #EA 3258 1000
3260 #EA 3259 2703
710 #NI 707 91
3261 #EA 982 3212
3262 #EA 3261 5
3263 #EA 3262 3212
3264 #EA 3263 3215
3265 #EA 1055 3244
3266 #EA 3265 3246
3267 #EA 3248 2725
3268 #EA 3267 5
3269 #EL #BD 653 3244 3268
3270 #EA 3266 3269
3271 #EA 168 1348
3272 #EA 3270 3271
3273 #EA 3272 12
3274 #EA 1074 3244
3275 #EA 3274 12
3276 #EA 3275 3246
3277 #EA 1078 3244
3278 #EA 3277 12
3279 #EA 3278 3246
3280 #EA 3279 5
3281 #EA 3276 3280
3282 #EA 3273 3281
3283 #EL #BD 710 3264 3282
3284 #EL #BD 653 3260 3283
3285 #EA 3254 3284
3286 #EA 3285 32
3287 #EA 1074 2698
3288 #EA 3287 32
3289 #EA 3288 2703
3290 #EA 1078 2698
3291 #EA 3290 32
3292 #EA 3291 2703
3293 #EA 3292 5
3294 #EA 3289 3293
3295 #EA 3286 3294
3296 #EA 3295 12
3297 #EL #BD 709 3231 3296
3298 #EL #BD 653 3227 3297
3299 #EL #BD 703 2220 3298
3300 #EA 3225 3299
3301 #EA 3300 153
3302 #EA 2252 166
3303 #EA 3302 5
3304 #EA 3301 3303
3305 #EA 3304 108
3306 #EA 3305 30
3307 #EL #BD 708 3197 3306
3308 #EA 3196 3307
711 #NI 695 84
712 #NI 591 2965355525
713 #NS 712 _hygCtx
714 #NS 713 _hyg
715 #NI 714 85
716 #NI 671 2965355525
717 #NS 716 _hygCtx
718 #NS 717 _hyg
719 #NI 718 86
720 #NI 678 2965355525
721 #NS 720 _hygCtx
722 #NS 721 _hyg
723 #NI 722 87
724 #NI 707 93
3309 #EA 994 2284
3310 #EA 2571 12
3311 #EA 3310 5
3312 #EL #BD 692 2710 3311
3313 #EL #BI 42 0 3312
3314 #EA 2709 3313
3315 #EA 3314 12
3316 #EA 3315 5
3317 #EA 2572 32
3318 #EA 982 3317
3319 #EA 3318 12
3320 #EA 2868 2814
3321 #EA 3319 3320
3322 #EA 2871 168
3323 #EA 3322 156
3324 #EA 3321 3323
3325 #EA 2711 12
3326 #EA 3325 5
3327 #EL #BD 692 2919 3326
3328 #EL #BI 42 0 3327
3329 #EA 2918 3328
3330 #EA 3329 30
3331 #EA 3330 32
3332 #EA 982 3331
3333 #EA 3332 12
3334 #EA 3329 2838
3335 #EA 2817 166
3336 #EA 3335 168
3337 #EA 3334 3336
3338 #EA 3333 3337
3339 #EA 2405 2625
3340 #EA 3339 3328
3341 #EA 3340 166
3342 #EA 3341 168
3343 #EA 3342 156
3344 #EA 3343 153
3345 #EA 3338 3344
3346 #EA 2571 108
3347 #EA 3346 30
3348 #EA 3347 32
3349 #EP #BD 15 3345 3348
3350 #EP #BD 15 3324 3349
3351 #EP #BD 653 3316 3350
3352 #EP #BD 703 2570 3351
3353 #EL #BD 696 0 3352
3354 #EA 2795 3353
3355 #EA 2263 2288
3356 #EA 3239 2268
3357 #EA 3356 5
725 #NI 707 94
3358 #EA 2623 2302
3359 #EA 982 3358
3360 #EA 3359 12
3361 #EA 80 2573
3362 #EA 3361 2302
3363 #EA 3360 3362
3364 #EA 3075 156
3365 #EA 3364 153
3366 #EA 3363 3365
3367 #EA 2572 2814
3368 #EA 1055 3367
3369 #EA 3368 3323
3370 #EA 3334 5
3371 #EA 2798 12
3372 #EA 3371 5
3373 #EL #BD 692 2822 3372
3374 #EL #BI 42 0 3373
3375 #EA 2821 3374
3376 #EA 3375 2892
3377 #EA 3376 12
3378 #EA 982 3377
3379 #EA 3378 5
3380 #EA 2840 984
3381 #EA 3380 166
3382 #EA 3376 3381
3383 #EA 3379 3382
3384 #EA 2845 3374
3385 #EA 3384 984
3386 #EA 3385 166
3387 #EA 3386 168
3388 #EA 3387 156
3389 #EA 3383 3388
3390 #EA 2625 2909
3391 #EA 3390 32
3392 #EA 3391 12
3393 #EP #BD 15 3389 3392
3394 #EP #BD 653 3370 3393
3395 #EL #BD 703 3367 3394
3396 #EA 3369 3395
3397 #EA 2625 12
3398 #EA 3397 5
3399 #EL #BD 692 2797 3398
3400 #EL #BI 42 0 3399
3401 #EA 2796 3400
3402 #EA 3401 2814
3403 #EA 3402 3323
726 #NI 707 96
3404 #EA 982 3337
3405 #EA 3404 5
3406 #EA 3405 3337
3407 #EA 3406 3344
3408 #EA 1055 3382
3409 #EA 3408 3388
3410 #EA 2897 995
3411 #EA 3410 984
3412 #EA 3390 3411
3413 #EA 3412 5
3414 #EL #BD 653 3382 3413
3415 #EA 3409 3414
3416 #EA 995 984
3417 #EA 3416 166
3418 #EA 3417 168
3419 #EA 3418 156
3420 #EA 3415 3419
3421 #EA 3420 12
3422 #EA 1074 3382
3423 #EA 3422 12
3424 #EA 3423 3388
3425 #EA 1078 3382
3426 #EA 3425 12
3427 #EA 3426 3388
3428 #EA 3427 5
3429 #EA 3424 3428
3430 #EA 3421 3429
3431 #EL #BD 726 3407 3430
3432 #EL #BD 653 3403 3431
3433 #EA 3396 3432
3434 #EA 3433 32
3435 #EA 1074 3367
3436 #EA 3435 32
3437 #EA 3436 3323
3438 #EA 1078 3367
3439 #EA 3438 32
3440 #EA 3439 3323
3441 #EA 3440 5
3442 #EA 3437 3441
3443 #EA 3434 3442
3444 #EA 3443 12
3445 #EL #BD 725 3366 3444
3446 #EL #BD 653 3357 3445
3447 #EL #BD 703 3355 3446
3448 #EA 3354 3447
3449 #EA 3448 984
3450 #EA 1488 984
3451 #EA 3450 2288
3452 #EA 3451 5
3453 #EA 3449 3452
3454 #EA 3453 166
3455 #EA 3454 168
3456 #EL #BD 724 3309 3455
3457 #EL #BD 723 2477 3456
3458 #EL #BD 719 3165 3457
3459 #EL #BD 715 2472 3458
3460 #EL #BI 711 0 3459
3461 #EA 3308 3460
3462 #EA 3461 2335
3463 #EA 2218 108
3464 #EA 1095 3463
3465 #EA 3464 30
3466 #EA 3462 3465
3467 #EA 2349 168
3468 #EA 3467 3158
3469 #EA 3468 108
3470 #EA 3469 30
3471 #EA 1095 3470
3472 #EA 3471 32
3473 #EA 3466 3472
3474 #EL #BD 139 3146 3473
3475 #EL #BD 138 3123 3474
3476 #EL #BD 653 3113 3475
3477 #EL #BD 703 3108 3476
3478 #EL #BD 696 0 3477
3479 #EL #BD 108 3107 3478
3480 #EL #BD 626 3097 3479
3481 #EL #BI 4 0 3480
#DEF 688 3154 3481 
727 #NS 1 succ_le_succ
3482 #EA 580 1415
3483 #EA 3482 88
3484 #EP #BD 11 1640 3483
3485 #EP #BI 42 0 3484
3486 #EP #BI 4 0 3485
3487 #EP #BD 692 3108 3
3488 #EP #BI 42 0 3487
3489 #EA 580 2288
3490 #EA 3489 88
3491 #EL #BD 692 3108 3490
3492 #EL #BI 42 0 3491
3493 #EA 3027 30
3494 #EL #BD 692 3098 612
3495 #EL #BI 42 0 3494
3496 #EA 3493 3495
3497 #EA 3496 32
3498 #EA 3497 12
3499 #EL #BD 692 2521 3099
3500 #EL #BI 42 0 3499
3501 #EA 2361 3500
3502 #EA 3501 12
3503 #EA 3502 5
3504 #EC 688 
3505 #EA 3504 156
3506 #EA 3505 30
3507 #EL #BD 692 2606 3118
3508 #EL #BI 42 0 3507
3509 #EA 2436 3508
3510 #EA 3509 12
3511 #EA 3510 5
3512 #EA 580 2892
3513 #EA 3512 1415
3514 #EL #BD 653 3511 3513
3515 #EL #BD 703 3037 3514
3516 #EL #BD 696 0 3515
3517 #EA 3506 3516
3518 #EA 3517 32
3519 #EA 3518 12
3520 #EA 3519 5
3521 #EA 1636 2814
3522 #EL #BD 427 1339 3521
3523 #EA 3520 3522
3524 #EA 2506 12
3525 #EA 1646 2909
3526 #EA 3525 1527
3527 #EA 3526 5
3528 #EL #BD 564 3524 3527
3529 #EL #BD 607 3511 3528
3530 #EL #BD 15 2178 3529
3531 #EL #BD 704 0 3530
3532 #EA 3523 3531
3533 #EL #BD 612 3503 3532
3534 #EL #BD 692 3098 3533
3535 #EL #BI 42 0 3534
3536 #EA 3498 3535
3537 #EZ 626 3488 3492 3536
3538 #EL #BD 692 1640 3537
3539 #EL #BI 42 0 3538
3540 #EL #BI 4 0 3539
#DEF 727 3486 3540 
728 #NS 1 lt_of_le_of_lt
3541 #EA 1931 32
3542 #EA 3541 12
3543 #EA 1931 108
3544 #EA 3543 32
3545 #EP #BD 305 3542 3544
3546 #EP #BD 244 2499 3545
3547 #EP #BI 175 0 3546
3548 #EP #BI 42 0 3547
3549 #EP #BI 4 0 3548
3550 #EC 686 
3551 #EA 3550 2288
3552 #EA 3551 2284
3553 #EA 3552 32
3554 #EC 727 
3555 #EA 3554 108
3556 #EA 3555 30
3557 #EA 3556 12
3558 #EA 3553 3557
3559 #EA 3558 5
3560 #EL #BD 305 3542 3559
3561 #EL #BD 244 2499 3560
3562 #EL #BI 175 0 3561
3563 #EL #BI 42 0 3562
3564 #EL #BI 4 0 3563
#DEF 728 3549 3564 
729 #NS 565 not_succ_le_self
730 #NS 729 match_1_1
#DEF 730 1345 1355 
731 #NS 1 noConfusionType
732 #NS 0 P
3565 #EP #BD 109 0 341
3566 #EP #BD 732 19 3565
733 #NS 0 t'
3567 #EC 116 4
3568 #EL #BD 109 0 19
3569 #EA 3567 3568
3570 #EA 3569 12
3571 #EA 3569 5
3572 #EA 3571 300
3573 #EL #BD 4 0 30
3574 #EA 3572 3573
3575 #EA 3570 3574
3576 #EA 3570 30
734 #NI 121 1759501723
735 #NS 734 _hygCtx
736 #NS 735 _hyg
737 #NI 736 7
738 #NS 0 n_eq
3577 #EA 556 5
3578 #EP #BD 738 3577 153
3579 #EP #BD 737 3578 153
3580 #EL #BD 4 0 3579
3581 #EA 3576 3580
3582 #EL #BD 4 0 3581
3583 #EA 3575 3582
3584 #EL #BD 733 0 3583
3585 #EL #BD 109 0 3584
3586 #EL #BD 732 19 3585
#DEF 731 3566 3586 19
739 #NS 1 noConfusion
740 #NS 0 eq
3587 #EC 731 2
3588 #EA 3587 30
3589 #EA 3588 32
3590 #EA 3589 12
3591 #EP #BD 740 3577 3590
3592 #EP #BI 733 0 3591
3593 #EP #BI 109 0 3592
3594 #EP #BI 732 19 3593
3595 #EC 209 2 1
3596 #EA 3595 0
3597 #EA 3596 32
3598 #EA 3587 108
3599 #EA 3598 30
3600 #EA 3599 5
3601 #EL #BI 733 0 3600
3602 #EA 3597 3601
3603 #EC 116 2
3604 #EA 3598 5
3605 #EA 3604 5
3606 #EL #BI 109 0 3605
3607 #EA 3603 3606
3608 #EA 3607 32
3609 #EL #BD 175 30 5
3610 #EA 3608 3609
3611 #EA 1027 5
3612 #EP #BD 738 3611 153
3613 #EA 5 1034
3614 #EL #BD 175 3612 3613
3615 #EL #BD 4 0 3614
3616 #EA 3610 3615
3617 #EA 3602 3616
3618 #EA 3617 12
3619 #EA 3618 5
3620 #EL #BD 740 3577 3619
3621 #EL #BI 733 0 3620
3622 #EL #BI 109 0 3621
3623 #EL #BI 732 19 3622
#DEF 739 3594 3623 19
741 #NS 1 not_succ_le_zero
3624 #EA 580 417
3625 #EA 3624 1191
3626 #EP #BD 11 3625 6
3627 #EP #BD 4 0 3626
3628 #EA 1027 1191
3629 #EA 3482 12
3630 #EP #BD 11 3629 6
3631 #EP #BD 11 3628 3630
3632 #EP #BD 42 0 3631
742 #NI 121 1602146993
743 #NS 742 _hygCtx
744 #NS 743 _hyg
745 #NI 744 29
746 #NS 0 hm
747 #NS 0 hle
3633 #EA 2175 2284
748 #NI 744 37
3634 #EA 80 2288
3635 #EA 3634 5
3636 #EA 556 1191
3637 #EP #BD 11 3636 6
3638 #EL #BD 748 3635 3637
3639 #EL #BD 42 0 3638
3640 #EA 3633 3639
3641 #EA 3640 32
3642 #EA 3641 5
3643 #EA 555 2284
3644 #EA 3643 1191
3645 #EC 739 0
3646 #EA 3645 6
3647 #EA 3646 2288
3648 #EA 3647 1191
3649 #EA 3648 5
3650 #EL #BD 15 3644 3649
3651 #EA 3642 3650
749 #NI 570 1602146993
750 #NS 749 _hygCtx
751 #NS 750 _hyg
752 #NI 751 56
753 #NI 744 57
3652 #EA 555 88
3653 #EA 3652 1191
3654 #EA 3646 1415
3655 #EA 3654 1191
3656 #EA 3655 5
3657 #EL #BD 15 3653 3656
3658 #EL #BD 753 3635 3657
3659 #EL #BI 752 0 3658
3660 #EA 3651 3659
3661 #EA 3660 12
3662 #EL #BD 747 3629 3661
3663 #EL #BD 746 3628 3662
3664 #EL #BD 745 0 3663
3665 #EA 5 1191
3666 #EA 1272 1191
3667 #EA 3665 3666
3668 #EZ 236 3632 3664 3667
3669 #EL #BD 4 0 3668
#DEF 741 3627 3669 
754 #NS 1 pow
755 #NS 754 match_1
3670 #EP #BD 108 436 1344
756 #NI 121 427477602
757 #NS 756 _hygCtx
758 #NI 757 10
759 #NS 758 Init
760 #NS 759 Prelude
761 #NI 760 427477602
762 #NS 761 _hygCtx
763 #NS 762 _hyg
764 #NI 763 21
3671 #EA 450 645
3672 #EA 3671 32
3673 #EA 3672 1349
3674 #EA 3673 624
3675 #EL #BD 139 419 3674
3676 #EL #BD 138 1342 3675
3677 #EL #BD 764 0 3676
3678 #EL #BD 108 436 3677
#DEF 755 3670 3678 80
765 #NS 1 pred
766 #NI 121 4130297703
767 #NS 766 _hygCtx
768 #NS 767 _hyg
769 #NI 768 8
3679 #EC 755 1
770 #NI 767 8
771 #NS 770 Init
772 #NS 771 Prelude
773 #NI 772 4130297703
774 #NS 773 _hygCtx
775 #NS 774 _hyg
776 #NI 775 19
3680 #EL #BD 776 0 0
3681 #EA 3679 3680
3682 #EA 3681 5
3683 #EL #BD 427 1339 1191
3684 #EA 3682 3683
3685 #EL #BD 7 0 5
3686 #EA 3684 3685
3687 #EL #BD 769 0 3686
#DEF 765 496 3687 
777 #NS 565 pred_le_pred
778 #NS 777 match_1_1
779 #NI 121 148574969
780 #NS 779 _hygCtx
781 #NI 780 18
782 #NS 781 Init
783 #NS 782 Prelude
784 #NI 783 148574969
785 #NS 784 _hygCtx
786 #NS 785 _hyg
787 #NI 786 45
3688 #EP #BD 787 0 3097
788 #NI 780 19
789 #NS 788 Init
790 #NS 789 Prelude
791 #NI 790 148574969
792 #NS 791 _hygCtx
793 #NS 792 _hyg
794 #NI 793 48
795 #NI 780 20
796 #NS 795 Init
797 #NS 796 Prelude
798 #NI 797 148574969
799 #NS 798 _hygCtx
800 #NS 799 _hyg
801 #NI 800 51
802 #NI 142 148574969
803 #NS 802 _hygCtx
804 #NS 803 _hyg
805 #NI 804 61
3689 #EA 226 5
3690 #EA 3689 1637
3691 #EP #BD 805 0 3690
806 #NI 804 81
3692 #EA 80 1191
3693 #EA 3692 5
3694 #EA 156 1191
3695 #EA 3694 88
3696 #EA 1646 1191
3697 #EA 3696 12
3698 #EA 3697 5
3699 #EA 3695 3698
3700 #EP #BD 15 3693 3699
3701 #EP #BD 806 0 3700
807 #NS 0 h_3
808 #NI 804 105
809 #NI 804 104
3702 #EA 166 1415
3703 #EA 3702 88
3704 #EA 87 32
3705 #EA 1646 3704
3706 #EA 3705 12
3707 #EA 3706 5
3708 #EA 3703 3707
3709 #EP #BD 15 96 3708
3710 #EP #BD 809 0 3709
3711 #EP #BD 808 0 3710
3712 #EP #BD 807 3711 2592
3713 #EP #BD 139 3701 3712
3714 #EP #BD 138 3691 3713
3715 #EP #BD 801 1640 3714
3716 #EP #BD 794 0 3715
3717 #EP #BD 787 0 3716
3718 #EP #BD 108 3688 3717
3719 #EA 2175 153
3720 #EA 982 2522
3721 #EA 3720 156
3722 #EA 2471 32
3723 #EA 3721 3722
3724 #EA 3723 12
3725 #EP #BD 15 3724 3418
3726 #EP #BD 15 2180 3725
3727 #EL #BD 47 2131 3726
3728 #EL #BD 11 0 3727
3729 #EA 3719 3728
3730 #EA 3729 108
3731 #EA 3730 30
810 #NI 223 148574969
811 #NS 810 _hygCtx
812 #NS 811 _hyg
813 #NI 812 126
3732 #EA 1096 153
3733 #EA 1023 156
3734 #EA 2199 12
3735 #EA 982 3734
3736 #EA 3735 5
3737 #EA 2471 166
3738 #EA 3736 3737
3739 #EA 1636 166
3740 #EA 3738 3739
3741 #EA 3416 32
3742 #EA 3741 12
3743 #EP #BD 15 3740 3742
3744 #EP #BD 801 3037 3743
3745 #EL #BD 794 0 3744
3746 #EA 3733 3745
3747 #EA 2337 156
814 #NI 812 127
3748 #EA 982 2219
3749 #EA 3748 5
3750 #EA 2177 168
3751 #EA 3749 3750
3752 #EA 3751 2533
3753 #EA 1055 2220
3754 #EA 3753 3739
3755 #EA 3416 984
3756 #EA 3755 5
3757 #EL #BD 801 2220 3756
3758 #EA 3754 3757
3759 #EA 153 166
3760 #EA 3758 3759
3761 #EA 3760 12
3762 #EA 1074 2220
3763 #EA 3762 12
3764 #EA 3763 3739
3765 #EA 1078 2220
3766 #EA 3765 12
3767 #EA 3766 3739
3768 #EA 3767 5
3769 #EA 3764 3768
3770 #EA 3761 3769
3771 #EL #BD 814 3752 3770
3772 #EL #BD 801 3747 3771
3773 #EA 3746 3772
3774 #EA 3773 153
3775 #EA 2252 156
3776 #EA 3775 5
3777 #EA 3774 3776
3778 #EA 3777 108
3779 #EL #BD 813 3732 3778
3780 #EA 3731 3779
815 #NI 570 148574969
816 #NS 815 _hygCtx
817 #NS 816 _hyg
818 #NI 817 124
819 #NI 591 148574969
820 #NS 819 _hygCtx
821 #NS 820 _hyg
822 #NI 821 125
823 #NI 812 129
3781 #EA 982 3050
3782 #EA 3781 5
3783 #EA 2205 2288
3784 #EA 3782 3783
3785 #EA 2443 108
3786 #EA 3785 30
3787 #EA 3784 3786
3788 #EA 2643 32
3789 #EA 3788 12
3790 #EP #BD 15 3787 3789
3791 #EP #BD 801 2606 3790
3792 #EL #BD 794 0 3791
3793 #EA 2261 3792
3794 #EA 2199 1415
824 #NI 812 130
3795 #EA 1826 2284
3796 #EA 982 3795
3797 #EA 3796 5
3798 #EA 2184 2284
3799 #EA 3797 3798
3800 #EA 1646 984
3801 #EA 3800 30
3802 #EA 3801 32
3803 #EA 3799 3802
3804 #EA 1841 2288
3805 #EA 1055 3804
3806 #EA 3805 3786
3807 #EA 2643 2268
3808 #EA 3807 5
3809 #EL #BD 801 3804 3808
3810 #EA 3806 3809
3811 #EA 81 153
3812 #EA 1003 2302
3813 #EA 1646 12
3814 #EA 3813 156
3815 #EA 3814 5
3816 #EA 3812 3815
3817 #EP #BD 822 3811 3816
3818 #EL #BD 47 0 3817
3819 #EA 1209 3818
3820 #EA 3819 995
3821 #EA 80 377
3822 #EA 3821 108
3823 #EA 168 153
3824 #EA 3823 5
3825 #EL #BD 822 3822 3824
3826 #EA 3820 3825
825 #NI 804 132
3827 #EA 80 417
3828 #EA 3827 153
3829 #EA 175 156
3830 #EA 3829 5
3831 #EL #BD 822 3828 3830
3832 #EL #BD 825 0 3831
3833 #EA 3826 3832
3834 #EA 3833 30
3835 #EA 3810 3834
3836 #EA 3835 12
3837 #EA 1074 3804
3838 #EA 3837 12
3839 #EA 3838 3786
3840 #EA 1078 3804
3841 #EA 3840 12
3842 #EA 3841 3786
3843 #EA 3842 5
3844 #EA 3839 3843
3845 #EA 3836 3844
3846 #EL #BD 824 3803 3845
3847 #EL #BD 801 3794 3846
3848 #EA 3793 3847
3849 #EA 3848 168
3850 #EA 3849 2327
3851 #EA 3850 156
3852 #EL #BD 823 2260 3851
3853 #EL #BD 822 2131 3852
3854 #EL #BI 818 0 3853
3855 #EA 3780 3854
3856 #EA 3855 2335
3857 #EA 1095 3018
3858 #EA 3857 30
3859 #EA 3856 3858
3860 #EL #BD 807 3711 3859
3861 #EL #BD 139 3701 3860
3862 #EL #BD 138 3691 3861
3863 #EL #BD 801 1640 3862
3864 #EL #BD 794 0 3863
3865 #EL #BD 787 0 3864
3866 #EL #BD 108 3688 3865
#DEF 778 3718 3866 
826 #NS 1 le_succ
3867 #EA 581 417
3868 #EP #BD 4 0 3867
3869 #EA 1646 5
3870 #EA 3869 5
3871 #EA 3870 1637
3872 #EL #BD 4 0 3871
#DEF 826 3868 3872 
827 #NS 1 pred_le_pred
3873 #EC 765 
3874 #EA 3873 32
3875 #EA 580 3874
3876 #EA 3873 12
3877 #EA 3875 3876
3878 #EP #BD 11 1640 3877
3879 #EP #BI 42 0 3878
3880 #EP #BI 4 0 3879
828 #NS 780 _hyg
829 #NI 828 18
830 #NI 828 19
831 #NI 828 20
3881 #EC 778 
3882 #EL #BD 801 1640 3877
3883 #EL #BD 794 0 3882
3884 #EL #BD 787 0 3883
3885 #EA 3881 3884
3886 #EA 3885 32
3887 #EA 3886 12
3888 #EA 3887 5
3889 #EA 3873 5
3890 #EA 1636 3889
3891 #EL #BD 805 0 3890
3892 #EA 3888 3891
3893 #EL #BD 15 3693 5
3894 #EL #BD 806 0 3893
3895 #EA 3892 3894
3896 #EA 3873 1415
3897 #EA 3550 3896
3898 #EA 87 3896
3899 #EA 3897 3898
3900 #EA 3873 88
3901 #EA 3899 3900
3902 #EC 826 
3903 #EA 3902 3896
3904 #EA 3901 3903
3905 #EA 3904 5
3906 #EL #BD 15 96 3905
3907 #EL #BD 809 0 3906
3908 #EL #BD 808 0 3907
3909 #EA 3895 3908
3910 #EL #BD 831 1640 3909
3911 #EL #BD 830 0 3910
3912 #EL #BD 829 0 3911
#DEF 827 3880 3912 
832 #NS 1 le_of_succ_le_succ
3913 #EA 2157 417
3914 #EP #BD 11 3913 2499
3915 #EP #BI 42 0 3914
3916 #EP #BI 4 0 3915
3917 #EC 827 
3918 #EA 3917 88
3919 #EA 3918 417
3920 #EL #BI 42 0 3919
3921 #EL #BI 4 0 3920
#DEF 832 3916 3921 
833 #NS 1 not_succ_le_self
834 #NS 833 _f
835 #NI 121 2359205665
836 #NS 835 _hygCtx
837 #NS 836 _hyg
838 #NI 837 13
3922 #EA 3624 5
3923 #EA 9 3922
3924 #EL #BD 838 0 3923
3925 #EA 1229 3924
3926 #EA 3925 5
3927 #EA 2157 12
3928 #EA 9 3927
3929 #EP #BD 115 3926 3928
3930 #EP #BD 838 0 3929
3931 #EC 730 
839 #NI 836 13
840 #NS 839 Init
841 #NS 840 Prelude
842 #NI 841 2359205665
843 #NS 842 _hygCtx
844 #NS 843 _hyg
845 #NI 844 24
3932 #EL #BD 845 0 3929
3933 #EA 3931 3932
3934 #EA 3933 12
846 #NI 837 50
3935 #EA 3925 1191
3936 #EC 741 
3937 #EA 3936 1191
3938 #EL #BD 846 3935 3937
3939 #EL #BD 427 1339 3938
3940 #EA 3934 3939
3941 #EA 3925 417
3942 #EA 87 88
3943 #EA 580 3942
3944 #EA 3943 88
3945 #EA 580 1507
3946 #EA 3945 32
3947 #EA 1782 3946
3948 #EA 3947 6
3949 #EC 832 
3950 #EA 3949 1507
3951 #EA 3950 32
3952 #EA 3951 5
3953 #EA 3948 3952
3954 #EJ 103 0 12
3955 #EA 3953 3954
3956 #EL #BD 15 3944 3955
3957 #EL #BD 846 3941 3956
3958 #EL #BD 4 0 3957
3959 #EA 3940 3958
3960 #EA 3959 5
3961 #EL #BD 115 3926 3960
3962 #EL #BD 838 0 3961
#DEF 834 3930 3962 
3963 #EP #BD 4 0 3923
3964 #EA 1313 3924
3965 #EA 3964 5
3966 #EC 834 
3967 #EA 3965 3966
3968 #EL #BD 838 0 3967
#DEF 833 3963 3968 
847 #NS 1 lt_irrefl
3969 #EA 1932 5
3970 #EA 9 3969
3971 #EP #BD 4 0 3970
3972 #EC 833 
3973 #EA 3972 5
3974 #EL #BD 4 0 3973
#DEF 847 3971 3974 
848 #NS 1 le_antisymm
3975 #EA 555 30
3976 #EA 3975 32
3977 #EP #BD 305 2145 3976
3978 #EP #BD 244 1640 3977
3979 #EP #BI 42 0 3978
3980 #EP #BI 4 0 3979
3981 #EC 567 
3982 #EA 3981 30
3983 #EA 1639 153
3984 #EA 2179 32
3985 #EL #BD 305 3983 3984
3986 #EL #BD 581 3098 3985
3987 #EL #BD 574 0 3986
3988 #EA 3982 3987
3989 #EA 3988 32
3990 #EA 3989 12
3991 #EA 3990 5
3992 #EA 1706 30
3993 #EA 1272 108
3994 #EL #BD 305 3992 3993
3995 #EA 3991 3994
3996 #EA 2157 153
3997 #EA 1931 156
3998 #EA 3997 156
3999 #EA 1782 3998
4000 #EA 2179 1415
4001 #EA 3999 4000
4002 #EC 728 
4003 #EA 4002 156
4004 #EA 4003 32
4005 #EA 4004 156
4006 #EA 4005 12
4007 #EA 4006 5
4008 #EA 4001 4007
4009 #EC 847 
4010 #EA 4009 156
4011 #EA 4008 4010
4012 #EL #BD 305 3996 4011
4013 #EL #BD 15 2379 4012
4014 #EL #BD 582 0 4013
4015 #EA 3995 4014
4016 #EL #BD 305 2145 4015
4017 #EL #BD 244 1640 4016
4018 #EL #BI 42 0 4017
4019 #EL #BI 4 0 4018
#DEF 848 3980 4019 
849 #NS 0 GE
850 #NS 849 ge
851 #NI 96 1058783946
852 #NS 851 _hygCtx
853 #NS 852 _hyg
854 #NI 853 3
4020 #EC 165 2
4021 #EA 4020 30
4022 #EA 4021 32
4023 #EA 4022 5
4024 #EA 4023 12
4025 #EL #BD 32 32 4024
4026 #EL #BD 7 12 4025
4027 #EL #BC 854 542 4026
4028 #EL #BI 18 64 4027
#DEF 850 544 4028 19
855 #NS 565 lt_or_ge
856 #NS 855 match_1_5
857 #NI 570 3672051305
858 #NS 857 _hygCtx
859 #NS 858 _hyg
860 #NI 859 18
4029 #EP #BD 427 1339 378
4030 #EP #BD 138 4029 421
4031 #EP #BD 860 0 4030
4032 #EP #BD 108 93 4031
4033 #EL #BD 138 4029 1352
4034 #EL #BD 860 0 4033
4035 #EL #BD 108 93 4034
#DEF 856 4032 4035 
861 #NS 565 zero_le
862 #NS 861 match_1_1
#DEF 862 4032 4035 
863 #NS 1 zero_le
864 #NS 863 _f
865 #NI 121 800929555
866 #NS 865 _hygCtx
867 #NS 866 _hyg
868 #NI 867 7
4036 #EA 580 1191
4037 #EA 4036 5
4038 #EL #BD 868 0 4037
4039 #EA 1229 4038
4040 #EA 4039 5
4041 #EA 4036 12
4042 #EP #BD 115 4040 4041
4043 #EP #BD 868 0 4042
4044 #EC 862 
869 #NI 866 7
870 #NS 869 Init
871 #NS 870 Prelude
872 #NI 871 800929555
873 #NS 872 _hygCtx
874 #NS 873 _hyg
875 #NI 874 18
4045 #EL #BD 875 0 4042
4046 #EA 4044 4045
4047 #EA 4046 12
876 #NI 867 37
4048 #EA 4039 377
4049 #EA 1636 1191
4050 #EL #BD 876 4048 4049
4051 #EL #BD 427 1339 4050
4052 #EA 4047 4051
4053 #EA 4039 417
4054 #EA 3696 12
4055 #EA 4054 485
4056 #EL #BD 876 4053 4055
4057 #EL #BD 4 0 4056
4058 #EA 4052 4057
4059 #EA 4058 5
4060 #EL #BD 115 4040 4059
4061 #EL #BD 868 0 4060
#DEF 864 4043 4061 
4062 #EP #BD 4 0 4037
4063 #EA 1313 4038
4064 #EA 4063 5
4065 #EC 864 
4066 #EA 4064 4065
4067 #EL #BD 868 0 4066
#DEF 863 4062 4067 
877 #NS 855 match_1_3
878 #NI 121 3672051305
879 #NS 878 _hygCtx
880 #NS 879 _hyg
881 #NI 880 40
4068 #EA 1931 12
4069 #EA 4068 5
4070 #EA 1955 4069
4071 #EC 850 0
4072 #EA 4071 0
4073 #EA 4072 579
4074 #EA 4073 12
4075 #EA 4074 5
4076 #EA 4070 4075
4077 #EP #BD 881 4076 3
4078 #EA 1955 3542
4079 #EA 4073 32
4080 #EA 4079 12
4081 #EA 4078 4080
4082 #EA 1931 30
4083 #EA 4082 32
4084 #EA 3543 30
4085 #EA 1967 4084
4086 #EA 4073 108
4087 #EA 4086 30
4088 #EA 4085 4087
4089 #EA 4088 5
4090 #EA 32 4089
4091 #EP #BD 15 4083 4090
4092 #EA 1931 153
4093 #EA 4092 108
4094 #EA 1973 4093
4095 #EA 4073 153
4096 #EA 4095 108
4097 #EA 4094 4096
4098 #EA 4097 5
4099 #EA 30 4098
4100 #EP #BD 15 4087 4099
4101 #EP #BD 139 4100 420
4102 #EP #BD 138 4091 4101
4103 #EP #BD 881 4081 4102
4104 #EP #BD 108 4077 4103
4105 #EP #BD 42 0 4104
4106 #EP #BD 4 0 4105
4107 #EA 1999 4093
4108 #EA 4107 4096
4109 #EA 1955 4093
4110 #EA 4109 4096
4111 #EL #BD 47 4110 226
4112 #EA 4108 4111
4113 #EA 4112 32
882 #NI 223 3672051305
883 #NS 882 _hygCtx
884 #NS 883 _hyg
885 #NI 884 96
4114 #EL #BD 885 4093 105
4115 #EA 4113 4114
886 #NI 884 97
4116 #EL #BD 886 4096 24
4117 #EA 4115 4116
4118 #EL #BD 139 4100 4117
4119 #EL #BD 138 4091 4118
4120 #EL #BD 881 4081 4119
4121 #EL #BD 108 4077 4120
4122 #EL #BD 42 0 4121
4123 #EL #BD 4 0 4122
#DEF 877 4106 4123 
887 #NS 855 match_1_1
888 #NI 880 66
4124 #EA 1027 12
4125 #EA 1955 4124
4126 #EA 4125 1933
4127 #EP #BD 888 4126 3
4128 #EA 556 32
4129 #EA 1955 4128
4130 #EA 4068 32
4131 #EA 4129 4130
889 #NS 0 h1
4132 #EA 957 30
4133 #EA 3975 108
4134 #EA 1967 4133
4135 #EA 4082 108
4136 #EA 4134 4135
4137 #EA 4136 5
4138 #EA 32 4137
4139 #EP #BD 889 4132 4138
4140 #EA 1973 3732
4141 #EA 3543 153
4142 #EA 4140 4141
4143 #EA 4142 5
4144 #EA 30 4143
4145 #EP #BD 889 4135 4144
4146 #EP #BD 139 4145 420
4147 #EP #BD 138 4139 4146
4148 #EP #BD 888 4131 4147
4149 #EP #BD 108 4127 4148
4150 #EP #BD 42 0 4149
4151 #EP #BD 4 0 4150
4152 #EA 1999 3732
4153 #EA 4152 4141
4154 #EA 1955 3732
4155 #EA 4154 4141
4156 #EL #BD 47 4155 226
4157 #EA 4153 4156
4158 #EA 4157 32
890 #NI 884 92
4159 #EL #BD 890 3732 105
4160 #EA 4158 4159
891 #NI 884 93
4161 #EL #BD 891 4141 24
4162 #EA 4160 4161
4163 #EL #BD 139 4145 4162
4164 #EL #BD 138 4139 4163
4165 #EL #BD 888 4131 4164
4166 #EL #BD 108 4127 4165
4167 #EL #BD 42 0 4166
4168 #EL #BD 4 0 4167
#DEF 887 4151 4168 
892 #NS 565 eq_or_lt_of_le
893 #NS 892 match_1_3
894 #NI 121 3439784135
895 #NS 894 _hygCtx
896 #NI 895 20
897 #NS 896 Init
898 #NS 897 Prelude
899 #NI 898 3439784135
900 #NS 899 _hygCtx
901 #NS 900 _hyg
902 #NI 901 47
903 #NI 895 21
904 #NS 903 Init
905 #NS 904 Prelude
906 #NI 905 3439784135
907 #NS 906 _hygCtx
908 #NS 907 _hyg
909 #NI 908 50
910 #NI 895 22
911 #NS 910 Init
912 #NS 911 Prelude
913 #NI 912 3439784135
914 #NS 913 _hygCtx
915 #NS 914 _hyg
916 #NI 915 53
917 #NS 895 _hyg
918 #NI 917 63
4169 #EA 580 377
4170 #EA 4169 377
4171 #EA 108 377
4172 #EA 4171 377
4173 #EA 4172 5
4174 #EP #BD 918 4170 4173
919 #NI 142 3439784135
920 #NS 919 _hygCtx
921 #NS 920 _hyg
922 #NI 921 80
923 #NI 917 81
4175 #EA 4169 417
4176 #EA 156 377
4177 #EA 4176 88
4178 #EA 4177 5
4179 #EP #BD 923 4175 4178
4180 #EP #BD 922 0 4179
924 #NI 921 103
4181 #EA 3624 377
4182 #EA 168 88
4183 #EA 4182 377
4184 #EA 4183 5
4185 #EP #BD 15 4181 4184
4186 #EP #BD 924 0 4185
925 #NS 0 h_4
4187 #EA 984 1415
4188 #EA 4187 88
4189 #EA 4188 5
4190 #EP #BD 15 3913 4189
4191 #EP #BD 42 0 4190
4192 #EP #BD 4 0 4191
4193 #EA 168 156
4194 #EA 4193 153
4195 #EA 4194 108
4196 #EP #BD 925 4192 4195
4197 #EP #BD 807 4186 4196
4198 #EP #BD 139 4180 4197
4199 #EP #BD 138 4174 4198
4200 #EP #BD 916 1640 4199
4201 #EP #BD 909 0 4200
4202 #EP #BD 902 0 4201
4203 #EP #BD 108 3688 4202
4204 #EA 3124 168
4205 #EA 4204 5
4206 #EP #BD 916 968 4205
4207 #EL #BD 47 0 4206
4208 #EA 1209 4207
4209 #EA 4208 156
4210 #EA 4169 153
4211 #EA 4169 5
4212 #EA 995 377
4213 #EA 4212 12
4214 #EA 4213 5
4215 #EP #BD 916 4211 4214
4216 #EL #BD 47 0 4215
4217 #EA 1209 4216
4218 #EA 4217 156
4219 #EL #BD 916 4170 631
4220 #EA 4218 4219
926 #NI 921 183
4221 #EL #BD 916 4175 1187
4222 #EL #BD 926 0 4221
4223 #EA 4220 4222
4224 #EA 4223 5
4225 #EL #BD 916 4210 4224
4226 #EA 4209 4225
927 #NI 921 182
4227 #EA 3624 156
4228 #EA 3482 5
4229 #EA 1000 2284
4230 #EA 4229 12
4231 #EA 4230 5
4232 #EP #BD 916 4228 4231
4233 #EL #BD 47 0 4232
4234 #EA 1209 4233
4235 #EA 4234 168
4236 #EA 2157 377
4237 #EA 108 32
4238 #EA 4237 5
4239 #EL #BD 916 4236 4238
4240 #EA 4235 4239
928 #NI 921 184
4241 #EA 3482 417
4242 #EA 443 12
4243 #EA 4242 5
4244 #EL #BD 916 4241 4243
4245 #EL #BD 928 0 4244
4246 #EA 4240 4245
4247 #EA 4246 5
4248 #EL #BD 916 4227 4247
4249 #EL #BD 927 0 4248
4250 #EA 4226 4249
4251 #EA 4250 108
4252 #EL #BD 925 4192 4251
4253 #EL #BD 807 4186 4252
4254 #EL #BD 139 4180 4253
4255 #EL #BD 138 4174 4254
4256 #EL #BD 916 1640 4255
4257 #EL #BD 909 0 4256
4258 #EL #BD 902 0 4257
4259 #EL #BD 108 3688 4258
#DEF 893 4203 4259 
929 #NS 892 match_1_1
930 #NI 917 140
4260 #EA 1955 3577
4261 #EA 4260 4069
4262 #EP #BD 930 4261 3
4263 #EA 957 12
4264 #EA 1955 4263
4265 #EA 4264 3542
4266 #EA 1096 30
4267 #EA 1967 4266
4268 #EA 4267 4084
4269 #EA 4268 5
4270 #EA 32 4269
4271 #EP #BD 15 3976 4270
4272 #EA 976 108
4273 #EA 1973 4272
4274 #EA 4273 4093
4275 #EA 4274 5
4276 #EA 30 4275
4277 #EP #BD 15 4084 4276
4278 #EP #BD 139 4277 420
4279 #EP #BD 138 4271 4278
4280 #EP #BD 930 4265 4279
4281 #EP #BD 108 4262 4280
4282 #EP #BD 42 0 4281
4283 #EP #BD 4 0 4282
4284 #EA 1999 4272
4285 #EA 4284 4093
4286 #EA 1955 4272
4287 #EA 4286 4093
4288 #EL #BD 47 4287 226
4289 #EA 4285 4288
4290 #EA 4289 32
931 #NI 223 3439784135
932 #NS 931 _hygCtx
933 #NS 932 _hyg
934 #NI 933 168
4291 #EL #BD 934 4272 105
4292 #EA 4290 4291
935 #NI 933 169
4293 #EL #BD 935 4093 24
4294 #EA 4292 4293
4295 #EL #BD 139 4277 4294
4296 #EL #BD 138 4271 4295
4297 #EL #BD 930 4265 4296
4298 #EL #BD 108 4262 4297
4299 #EL #BD 42 0 4298
4300 #EL #BD 4 0 4299
#DEF 929 4283 4300 
936 #NS 1 eq_or_lt_of_le
937 #NS 936 _f
938 #NI 917 20
939 #NI 917 21
940 #NI 917 22
4301 #EP #BD 940 1640 4265
4302 #EP #BD 939 0 4301
4303 #EL #BD 938 0 4302
4304 #EA 1229 4303
4305 #EA 4304 5
4306 #EA 3975 12
4307 #EA 1955 4306
4308 #EA 4082 12
4309 #EA 4307 4308
4310 #EP #BD 940 2149 4309
4311 #EP #BD 939 0 4310
4312 #EP #BD 115 4305 4311
4313 #EP #BD 938 0 4312
4314 #EC 893 
941 #NI 917 185
4315 #EA 4304 32
4316 #EA 1955 3976
4317 #EA 4316 4083
4318 #EP #BD 941 4315 4317
4319 #EL #BD 916 1640 4318
4320 #EL #BD 909 0 4319
4321 #EL #BD 902 0 4320
4322 #EA 4314 4321
4323 #EA 4322 30
4324 #EA 4323 12
4325 #EA 4324 5
4326 #EA 4304 377
4327 #EA 555 377
4328 #EA 4327 377
4329 #EA 1967 4328
4330 #EA 1931 377
4331 #EA 4330 377
4332 #EA 4329 4331
4333 #EA 1272 377
4334 #EA 4332 4333
4335 #EL #BD 941 4326 4334
4336 #EL #BD 918 4170 4335
4337 #EA 4325 4336
4338 #EA 4327 1415
4339 #EA 1973 4338
4340 #EA 4330 1415
4341 #EA 4339 4340
4342 #EA 3554 377
4343 #EA 4342 32
4344 #EC 863 
4345 #EA 4344 32
4346 #EA 4343 4345
4347 #EA 4341 4346
4348 #EL #BD 941 4326 4347
4349 #EL #BD 923 4175 4348
4350 #EL #BD 922 0 4349
4351 #EA 4337 4350
4352 #EA 4304 88
4353 #EA 3482 377
4354 #EA 1782 4353
4355 #EA 555 1415
4356 #EA 4355 377
4357 #EA 1955 4356
4358 #EA 1931 1415
4359 #EA 4358 377
4360 #EA 4357 4359
4361 #EA 4354 4360
4362 #EA 4361 12
4363 #EA 3936 32
4364 #EA 4362 4363
4365 #EL #BD 941 4352 4364
4366 #EL #BD 15 4181 4365
4367 #EL #BD 924 0 4366
4368 #EA 4351 4367
4369 #EA 4304 1415
4370 #EA 3949 30
4371 #EA 4370 32
4372 #EA 4371 12
4373 #EC 929 
4374 #EA 4373 108
4375 #EA 4374 30
4376 #EA 1955 4266
4377 #EA 4376 4084
4378 #EA 555 2268
4379 #EA 4378 2288
4380 #EA 1955 4379
4381 #EA 1931 2268
4382 #EA 4381 2288
4383 #EA 4380 4382
4384 #EL #BD 930 4377 4383
4385 #EA 4375 4384
4386 #EA 3954 30
4387 #EA 4386 5
4388 #EA 4385 4387
4389 #EA 1967 4379
4390 #EA 4389 4382
4391 #EA 1703 153
942 #NI 917 153
943 #NI 933 154
4392 #EA 2179 5
4393 #EA 555 2814
4394 #EA 4393 88
4395 #EL #BD 943 4392 4394
4396 #EL #BD 942 0 4395
4397 #EA 4391 4396
4398 #EA 1272 2268
4399 #EA 4397 4398
4400 #EA 4399 108
4401 #EA 4400 5
4402 #EA 4390 4401
4403 #EL #BD 15 4266 4402
4404 #EA 4388 4403
4405 #EA 1973 4379
4406 #EA 4405 4382
4407 #EA 565 153
4408 #EA 4407 573
4409 #EA 3554 4408
4410 #EA 4409 108
4411 #EA 4410 5
4412 #EA 4406 4411
4413 #EL #BD 15 4084 4412
4414 #EA 4404 4413
4415 #EZ 236 2503 4372 4414
4416 #EL #BD 941 4369 4415
4417 #EL #BD 15 3913 4416
4418 #EL #BD 42 0 4417
4419 #EL #BD 4 0 4418
4420 #EA 4368 4419
4421 #EA 4420 32
4422 #EL #BD 940 2149 4421
4423 #EL #BD 939 0 4422
4424 #EL #BD 115 4305 4423
4425 #EL #BD 938 0 4424
#DEF 937 4313 4425 
4426 #EP #BI 4 0 4302
4427 #EA 1313 4303
4428 #EA 4427 32
4429 #EC 937 
4430 #EA 4428 4429
4431 #EA 4430 12
4432 #EA 4431 5
4433 #EL #BD 940 1640 4432
4434 #EL #BD 939 0 4433
4435 #EL #BD 938 0 4434
#DEF 936 4426 4435 
944 #NS 1 lt_or_ge
945 #NS 944 _f
4436 #EA 3541 5
4437 #EA 1955 4436
4438 #EA 4079 5
4439 #EA 4437 4438
4440 #EL #BD 42 0 4439
4441 #EA 1229 4440
4442 #EA 4441 5
4443 #EP #BD 115 4442 4081
4444 #EP #BD 42 0 4443
4445 #EP #BD 4 0 4444
4446 #EC 856 
946 #NI 880 101
4447 #EA 3543 5
4448 #EA 1955 4447
4449 #EA 4086 5
4450 #EA 4448 4449
4451 #EL #BD 42 0 4450
4452 #EA 1229 4451
4453 #EA 4452 5
4454 #EA 3543 12
4455 #EA 1955 4454
4456 #EA 4086 12
4457 #EA 4455 4456
4458 #EP #BD 946 4453 4457
4459 #EL #BD 860 0 4458
4460 #EA 4446 4459
4461 #EA 4460 12
4462 #EA 4452 377
4463 #EA 3543 377
4464 #EA 1973 4463
4465 #EA 4086 377
4466 #EA 4464 4465
4467 #EA 4344 108
4468 #EA 4466 4467
4469 #EL #BD 946 4462 4468
4470 #EL #BD 427 1339 4469
4471 #EA 4461 4470
4472 #EA 4452 417
4473 #EC 877 
4474 #EA 4473 108
4475 #EA 4474 12
4476 #EA 4092 1415
4477 #EA 1955 4476
4478 #EA 4095 1415
4479 #EA 4477 4478
4480 #EL #BD 881 4457 4479
4481 #EA 4475 4480
4482 #EA 4481 485
4483 #EA 1967 4476
4484 #EA 4483 4478
4485 #EA 1677 2268
4486 #EA 4485 32
4487 #EA 4486 5
4488 #EA 4484 4487
4489 #EL #BD 15 4454 4488
4490 #EA 4482 4489
4491 #EC 887 
4492 #EA 4491 153
4493 #EA 4492 32
4494 #EA 957 153
4495 #EA 1955 4494
4496 #EA 3541 153
4497 #EA 4495 4496
4498 #EA 3997 2284
4499 #EA 1955 4498
4500 #EA 4073 156
4501 #EA 4500 2284
4502 #EA 4499 4501
4503 #EL #BD 888 4497 4502
4504 #EA 4493 4503
4505 #EC 936 
4506 #EA 4505 32
4507 #EA 4506 153
4508 #EA 4507 5
4509 #EA 4504 4508
4510 #EA 1967 4498
4511 #EA 4510 4501
4512 #EA 1703 30
947 #NI 880 80
948 #NI 884 81
4513 #EA 1096 5
4514 #EA 4068 2268
4515 #EL #BD 948 4513 4514
4516 #EL #BD 947 0 4515
4517 #EA 4512 4516
4518 #EA 1671 2284
4519 #EA 4517 4518
4520 #EA 4519 156
4521 #EA 4520 5
4522 #EA 4511 4521
4523 #EL #BD 889 4494 4522
4524 #EA 4509 4523
4525 #EA 1973 4498
4526 #EA 4525 4501
4527 #EA 4526 5
4528 #EL #BD 889 4496 4527
4529 #EA 4524 4528
4530 #EL #BD 15 4456 4529
4531 #EA 4490 4530
4532 #EL #BD 946 4472 4531
4533 #EL #BD 42 0 4532
4534 #EA 4471 4533
4535 #EA 4534 5
4536 #EL #BD 115 4442 4535
4537 #EL #BD 42 0 4536
4538 #EL #BD 4 0 4537
#DEF 945 4445 4538 
4539 #EP #BD 42 0 4076
4540 #EP #BD 4 0 4539
4541 #EA 1313 4440
4542 #EA 4541 5
4543 #EC 945 
4544 #EA 4543 12
4545 #EA 4542 4544
4546 #EL #BD 42 0 4545
4547 #EL #BD 4 0 4546
#DEF 944 4540 4547 
949 #NS 1 lt_or_eq_of_le
4548 #EA 4078 4263
4549 #EP #BD 15 1640 4548
4550 #EP #BI 42 0 4549
4551 #EP #BI 4 0 4550
4552 #EC 556 
4553 #EA 4552 2145
4554 #EA 4553 4263
4555 #EA 4554 3542
4556 #EC 848 
4557 #EA 4556 32
4558 #EA 4557 12
4559 #EA 4558 5
4560 #EA 4555 4559
4561 #EC 944 
4562 #EA 4561 32
4563 #EA 4562 12
4564 #EA 4560 4563
4565 #EL #BD 15 1640 4564
4566 #EL #BI 42 0 4565
4567 #EL #BI 4 0 4566
#DEF 949 4551 4567 
950 #NS 529 _proof_1
4568 #EA 9 24
4569 #EA 1027 32
4570 #EP #BD 524 4569 583
4571 #EP #BD 4 0 4570
4572 #EP #BD 532 4568 4571
4573 #EP #BD 42 0 4572
4574 #EP #BI 14 93 4573
4575 #EA 1506 583
4576 #EA 9 443
4577 #EA 4575 4576
4578 #EA 1519 583
4579 #EA 4578 4576
4580 #EA 1518 4579
4581 #EA 1523 12
4582 #EA 4581 30
4583 #EA 9 631
4584 #EL #BD 468 0 4583
4585 #EA 4582 4584
4586 #EA 4585 5
4587 #EA 4580 4586
4588 #EA 4577 4587
4589 #EA 4588 32
4590 #EL #BD 524 4569 4589
4591 #EL #BD 4 0 4590
4592 #EL #BD 532 4568 4591
4593 #EL #BD 42 0 4592
4594 #EL #BI 14 93 4593
#DEF 950 4574 4594 
951 #NS 529 _proof_3
4595 #EA 9 142
4596 #EA 581 30
4597 #EP #BD 15 4596 1939
4598 #EP #BD 4 0 4597
4599 #EP #BD 532 4595 4598
4600 #EP #BD 531 1936 4599
4601 #EP #BD 42 0 4600
4602 #EP #BI 14 93 4601
4603 #EA 4068 108
4604 #EA 2059 4603
4605 #EA 556 108
4606 #EA 4604 4605
4607 #EA 4606 1939
4608 #EC 949 
4609 #EA 4608 12
4610 #EA 4609 108
4611 #EA 4610 5
4612 #EA 4607 4611
4613 #EA 4612 139
4614 #EC 950 
4615 #EA 4614 156
4616 #EA 4615 153
4617 #EA 4616 30
4618 #EA 4617 32
4619 #EA 4618 5
4620 #EL #BD 524 4605 4619
4621 #EA 4613 4620
4622 #EL #BD 15 4596 4621
4623 #EL #BD 4 0 4622
4624 #EL #BD 532 4595 4623
4625 #EL #BD 531 1936 4624
4626 #EL #BD 42 0 4625
4627 #EL #BI 14 93 4626
#DEF 951 4602 4627 
952 #NS 529 _proof_4
4628 #EP #BD 11 582 1934
4629 #EP #BD 4 0 4628
4630 #EA 555 1438
4631 #EA 4630 1438
4632 #EA 56 4631
4633 #EA 581 32
4634 #EP #BD 11 4633 583
4635 #EP #BD 175 0 4634
4636 #EA 4632 4635
4637 #EP #BD 236 4629 4636
4638 #EP #BD 42 0 4637
4639 #EP #BI 14 93 4638
4640 #EA 674 4631
4641 #EA 4640 4635
4642 #EA 1272 1438
4643 #EA 4641 4642
4644 #EA 4643 5
4645 #EL #BD 236 4629 4644
4646 #EL #BD 42 0 4645
4647 #EL #BI 14 93 4646
#DEF 952 4639 4647 
953 #NS 529 _proof_5
4648 #EA 1932 1507
4649 #EP #BD 15 4648 583
4650 #EP #BD 4 0 4649
4651 #EP #BD 236 4629 4650
4652 #EP #BD 42 0 4651
4653 #EP #BI 14 93 4652
4654 #EA 3949 12
4655 #EA 4654 30
4656 #EA 4655 5
4657 #EA 142 4656
4658 #EL #BD 15 4648 4657
4659 #EL #BD 4 0 4658
4660 #EL #BD 236 4629 4659
4661 #EL #BD 42 0 4660
4662 #EL #BI 14 93 4661
#DEF 953 4653 4662 
954 #NS 1 not_lt_zero
4663 #EA 1932 1191
4664 #EA 9 4663
4665 #EP #BD 4 0 4664
4666 #EA 3936 5
4667 #EL #BD 4 0 4666
#DEF 954 4665 4667 
955 #NS 529 _proof_6
956 #NI 254 2176396648
957 #NS 956 _hygCtx
958 #NS 957 _hyg
959 #NI 958 261
4668 #EP #BD 15 4663 4595
4669 #EP #BD 959 0 4668
4670 #EP #BI 14 93 4669
4671 #EA 4068 1191
4672 #EA 1782 4671
4673 #EA 4672 4595
4674 #EA 4673 5
4675 #EC 954 
4676 #EA 4675 12
4677 #EA 4674 4676
4678 #EL #BD 15 4663 4677
4679 #EL #BD 959 0 4678
4680 #EL #BI 14 93 4679
#DEF 955 4670 4680 
960 #NS 94 Mathlib
961 #NS 960 Data
962 #NS 961 Nat
963 #NS 962 Find
964 #NI 963 2176396648
965 #NS 964 _hygCtx
966 #NS 965 _hyg
967 #NI 966 21
4681 #EC 17 1
4682 #EA 4681 0
4683 #EA 4682 5
4684 #EC 24 1
4685 #EA 4684 0
4686 #EA 56 137
4687 #EP #BD 11 1933 1939
4688 #EP #BD 42 0 4687
4689 #EA 4686 4688
4690 #EL #BD 4 0 4689
4691 #EA 4685 4690
4692 #EP #BD 181 628 4691
4693 #EP #BC 967 4683 4692
4694 #EP #BI 14 93 4693
4695 #EC 76 1 1
4696 #EA 4695 0
4697 #EA 56 631
4698 #EP #BD 11 1933 939
4699 #EP #BD 42 0 4698
4700 #EA 4697 4699
4701 #EL #BD 4 0 4700
4702 #EA 4685 4701
4703 #EP #BD 11 4688 4702
4704 #EL #BD 175 0 4703
4705 #EA 4696 4704
4706 #EA 4705 919
4707 #EC 179 
4708 #EA 4707 32
4709 #EA 4708 5
4710 #EA 4706 4709
4711 #EA 918 108
4712 #EA 4711 5
4713 #EA 4712 12
4714 #EA 1932 32
4715 #EP #BD 11 4714 939
4716 #EP #BD 4 0 4715
4717 #EA 56 173
4718 #EA 9 3124
4719 #EP #BD 11 1933 4718
4720 #EP #BD 42 0 4719
4721 #EA 4717 4720
4722 #EL #BD 4 0 4721
4723 #EA 4685 4722
4724 #EP #BD 11 4716 4723
4725 #EP #BD 11 4713 4724
4726 #EP #BD 48 0 4725
4727 #EP #BD 11 4714 929
4728 #EP #BD 4 0 4727
4729 #EC 522 1
4730 #EA 56 164
4731 #EP #BD 11 1933 970
4732 #EP #BD 42 0 4731
4733 #EA 4730 4732
4734 #EL #BD 4 0 4733
4735 #EA 4685 4734
4736 #EA 4729 4735
4737 #EA 4736 178
4738 #EA 4737 4237
4739 #EC 25 1
4740 #EA 4739 0
4741 #EA 4740 4722
4742 #EA 4741 30
4743 #EC 530 
4744 #EA 4743 156
4745 #EA 4744 30
4746 #EA 4745 12
4747 #EA 4746 5
4748 #EA 4742 4747
4749 #EL #BD 532 178 4748
4750 #EA 4738 4749
4751 #EA 9 178
4752 #EP #BD 11 927 970
4753 #EP #BD 4 0 4752
4754 #EC 951 
4755 #EA 4754 156
4756 #EA 4755 30
4757 #EA 4756 12
4758 #EA 4757 5
4759 #EA 30 933
4760 #EC 952 
4761 #EA 4760 168
4762 #EA 4761 108
4763 #EA 4762 5
4764 #EA 4759 4763
4765 #EC 953 
4766 #EA 4765 168
4767 #EA 4766 108
4768 #EA 4767 5
4769 #EA 4764 4768
4770 #EZ 236 4753 4758 4769
4771 #EL #BD 532 4751 4770
4772 #EA 4750 4771
4773 #EL #BD 531 4728 4772
4774 #EL #BD 514 4726 4773
4775 #EL #BD 42 0 4774
4776 #EA 4710 4775
4777 #EA 4776 1191
4778 #EC 955 
4779 #EA 4778 32
4780 #EA 4777 4779
4781 #EL #BD 181 628 4780
4782 #EL #BC 967 4683 4781
4783 #EL #BI 14 93 4782
#DEF 529 4694 4783 
968 #NS 1 find
969 #NI 963 1364543548
970 #NS 969 _hygCtx
971 #NS 970 _hyg
972 #NI 971 21
4784 #EP #BD 181 628 0
4785 #EP #BC 972 4683 4784
4786 #EP #BI 14 93 4785
4787 #EC 28 1
4788 #EA 4787 0
4789 #EA 4788 4690
4790 #EC 529 
4791 #EA 4790 32
4792 #EA 4791 12
4793 #EA 4792 5
4794 #EA 4789 4793
4795 #EL #BD 181 628 4794
4796 #EL #BC 972 4683 4795
4797 #EL #BI 14 93 4796
#DEF 968 4786 4797 
