1 #NS 0 Nat
2 #NS 1 zero
0 #EC 1 
3 #NS 1 succ
4 #NS 0 n
1 #EP #BD 4 0 0
1 #US 0
2 #ES 1
#IND 0 1 2 2 2 0 3 1 
5 #NS 0 Bool
6 #NS 5 false
3 #EC 5 
7 #NS 5 true
#IND 0 5 2 2 6 3 7 3 
8 #NS 0 Option
9 #NS 8 none
10 #NS 0 α
11 #NS 0 u
2 #UP 11
3 #US 2
4 #ES 3
5 #EC 8 2
6 #EV 0
7 #EA 5 6
8 #EP #BI 10 4 7
12 #NS 8 some
13 #NS 0 val
9 #EV 1
10 #EA 5 9
11 #EP #BD 13 6 10
12 #EP #BI 10 4 11
13 #EP #BD 10 4 4
#IND 1 8 13 2 9 8 12 12 11
14 #NS 0 PUnit
15 #NS 14 unit
14 #EC 14 2
15 #ES 2
#IND 0 14 15 1 15 14 11
16 #NS 0 PProd
17 #NS 16 mk
18 #NS 0 β
19 #NS 0 v
4 #UP 19
16 #ES 4
20 #NS 0 fst
21 #NS 0 snd
17 #EC 16 2 4
18 #EV 3
19 #EA 17 18
20 #EV 2
21 #EA 19 20
22 #EP #BD 21 9 21
23 #EP #BD 20 9 22
24 #EP #BI 18 16 23
25 #EP #BI 10 15 24
5 #UM 1 2
6 #UM 5 4
26 #ES 6
27 #EP #BD 18 16 26
28 #EP #BD 10 15 27
#IND 2 16 28 1 17 25 11 19
22 #NS 1 below
23 #NS 0 motive
24 #NS 0 t
29 #EP #BD 24 0 15
30 #ES 5
31 #EP #BD 24 0 30
32 #EP #BI 23 29 31
25 #NS 1 rec
7 #US 5
33 #EC 25 7
34 #EL #BD 24 0 30
35 #EA 33 34
36 #EC 14 5
37 #EA 35 36
26 #NS 0 n_ih
38 #EC 16 2 5
39 #EA 18 9
40 #EA 38 39
41 #EA 40 6
42 #EL #BD 26 30 41
43 #EL #BD 4 0 42
44 #EA 37 43
45 #EA 44 6
46 #EL #BD 24 0 45
47 #EL #BI 23 29 46
#DEF 22 32 47 11
27 #NS 1 brecOn
28 #NS 27 go
29 #NS 0 F_1
30 #NS 0 f
48 #EC 22 2
49 #EA 48 20
50 #EA 49 6
51 #EP #BD 30 50 39
52 #EP #BD 24 0 51
53 #EA 20 9
54 #EA 38 53
55 #EA 49 9
56 #EA 54 55
57 #EP #BD 29 52 56
58 #EP #BD 24 0 57
59 #EP #BI 23 29 58
60 #EC 25 5
61 #EA 18 6
62 #EA 38 61
63 #EA 48 18
64 #EA 63 6
65 #EA 62 64
66 #EL #BD 24 0 65
67 #EA 60 66
68 #EC 17 2 5
69 #EC 2 
70 #EA 20 69
71 #EA 68 70
72 #EA 71 36
73 #EA 6 69
74 #EC 15 5
75 #EA 73 74
76 #EA 72 75
77 #EA 76 74
78 #EA 67 77
79 #EV 4
80 #EC 3 
81 #EA 80 9
82 #EA 79 81
83 #EA 68 82
84 #EA 79 9
85 #EA 38 84
86 #EA 48 79
87 #EA 86 9
88 #EA 85 87
89 #EA 83 88
90 #EA 20 81
91 #EA 90 6
92 #EA 89 91
93 #EA 92 6
94 #EL #BD 26 65 93
95 #EL #BD 4 0 94
96 #EA 78 95
97 #EA 96 9
98 #EL #BD 29 52 97
99 #EL #BD 24 0 98
100 #EL #BI 23 29 99
#DEF 28 59 100 11
101 #EP #BD 29 52 53
102 #EP #BD 24 0 101
103 #EP #BI 23 29 102
104 #EC 28 2
105 #EA 104 20
106 #EA 105 9
107 #EA 106 6
108 #EJ 16 0 107
109 #EL #BD 29 52 108
110 #EL #BD 24 0 109
111 #EL #BI 23 29 110
#DEF 27 103 111 11
31 #NS 0 False
112 #ES 0
#IND 0 31 112 0  
32 #NS 0 Not
33 #NS 0 a
113 #EP #BD 33 112 112
34 #NS 33 _@
35 #NS 34 _internal
36 #NS 35 _hyg
37 #NI 36 0
114 #EC 31 
115 #EP #BD 37 6 114
116 #EL #BD 33 112 115
#DEF 32 113 116 
38 #NS 0 Decidable
39 #NS 38 isFalse
40 #NS 0 p
41 #NS 0 h
117 #EC 32 
118 #EA 117 6
119 #EC 38 
120 #EA 119 9
121 #EP #BD 41 118 120
122 #EP #BI 40 112 121
42 #NS 38 isTrue
123 #EP #BD 41 6 120
124 #EP #BI 40 112 123
125 #EP #BD 40 112 2
#IND 1 38 125 2 39 122 42 124 
43 #NS 38 casesOn
126 #EA 119 6
127 #EP #BD 24 126 15
44 #NS 0 isFalse
128 #EA 117 20
129 #EC 39 
130 #EA 129 18
131 #EA 130 6
132 #EA 20 131
133 #EP #BD 41 128 132
45 #NS 0 isTrue
134 #EC 42 
135 #EA 134 79
136 #EA 135 6
137 #EA 18 136
138 #EP #BD 41 18 137
139 #EA 18 20
140 #EP #BD 45 138 139
141 #EP #BD 44 133 140
142 #EP #BD 24 120 141
143 #EP #BI 23 127 142
144 #EP #BI 40 112 143
46 #NS 38 rec
145 #EC 46 2
146 #EA 145 79
147 #EA 146 18
148 #EA 117 79
149 #EA 20 6
150 #EL #BD 41 148 149
151 #EA 147 150
152 #EA 9 6
153 #EL #BD 41 79 152
154 #EA 151 153
155 #EA 154 20
156 #EL #BD 45 138 155
157 #EL #BD 44 133 156
158 #EL #BD 24 120 157
159 #EL #BI 23 127 158
160 #EL #BI 40 112 159
#DEF 43 144 160 11
47 #NS 0 ite
48 #NS 0 c
49 #NS 0 e
161 #EP #BD 49 18 79
162 #EP #BD 24 20 161
163 #EP #BC 41 126 162
164 #EP #BD 48 112 163
165 #EP #BI 10 15 164
166 #EC 43 2
167 #EA 166 18
50 #NS 0 x
51 #NS 50 _@
52 #NS 51 Init
53 #NS 52 Prelude
54 #NI 53 1596968041
55 #NS 54 _hygCtx
56 #NS 55 _hyg
57 #NI 56 10
168 #EA 119 18
169 #EV 5
170 #EL #BD 57 168 169
171 #EA 167 170
172 #EA 171 20
58 #NI 56 15
173 #EA 117 18
174 #EL #BD 58 173 9
175 #EA 172 174
59 #NI 56 22
176 #EL #BD 59 18 20
177 #EA 175 176
178 #EL #BD 49 18 177
179 #EL #BD 24 20 178
180 #EL #BC 41 126 179
181 #EL #BD 48 112 180
182 #EL #BI 10 15 181
#DEF 47 165 182 11
60 #NS 0 LT
61 #NS 60 mk
62 #NS 0 lt
183 #EP #BD 37 9 112
184 #EP #BD 37 6 183
185 #EC 60 2
186 #EA 185 9
187 #EP #BD 62 184 186
188 #EP #BI 10 4 187
#IND 1 60 13 1 61 188 11
63 #NS 60 lt
64 #NS 0 self
189 #EA 185 6
190 #EP #BD 37 20 112
191 #EP #BD 37 9 190
192 #EP #BC 64 189 191
193 #EP #BI 10 4 192
194 #EJ 60 0 6
195 #EL #BC 64 189 194
196 #EL #BD 10 4 195
#DEF 63 193 196 11
65 #NS 1 le
66 #NS 65 refl
197 #EC 65 
198 #EA 197 6
199 #EA 198 6
200 #EP #BI 4 0 199
67 #NS 65 step
68 #NS 0 m
201 #EA 197 9
202 #EA 201 6
203 #EA 197 20
204 #EA 203 81
205 #EP #BD 37 202 204
206 #EP #BI 68 0 205
207 #EP #BI 4 0 206
208 #EP #BD 37 0 112
209 #EP #BD 4 0 208
#IND 1 65 209 2 66 200 67 207 
69 #NS 1 lt
210 #EA 197 81
211 #EA 210 6
212 #EL #BD 68 0 211
213 #EL #BD 4 0 212
#DEF 69 209 213 
70 #NS 0 instLTNat
214 #EC 60 0
215 #EA 214 0
216 #EC 61 0
217 #EA 216 0
218 #EC 69 
219 #EA 217 218
#DEF 70 215 219 
71 #NS 0 LE
72 #NS 71 mk
73 #NS 0 le
220 #EC 71 2
221 #EA 220 9
222 #EP #BD 73 184 221
223 #EP #BI 10 4 222
#IND 1 71 13 1 72 223 11
74 #NS 71 le
224 #EA 220 6
225 #EP #BC 64 224 191
226 #EP #BI 10 4 225
227 #EJ 71 0 6
228 #EL #BC 64 224 227
229 #EL #BD 10 4 228
#DEF 74 226 229 11
75 #NS 0 instLENat
230 #EC 71 0
231 #EA 230 0
232 #EC 72 0
233 #EA 232 0
234 #EA 233 197
#DEF 75 231 234 
76 #NS 0 dite
235 #EP #BD 37 9 18
236 #EP #BD 37 128 79
237 #EP #BD 49 236 79
238 #EP #BD 24 235 237
239 #EP #BC 41 126 238
240 #EP #BD 48 112 239
241 #EP #BI 10 15 240
242 #EA 172 6
243 #EA 242 9
244 #EL #BD 49 236 243
245 #EL #BD 24 235 244
246 #EL #BC 41 126 245
247 #EL #BD 48 112 246
248 #EL #BI 10 15 247
#DEF 76 241 248 11
77 #NS 0 Eq
78 #NS 77 refl
79 #NS 0 u_1
8 #UP 79
249 #ES 8
250 #EC 77 8
251 #EA 250 9
252 #EA 251 6
253 #EA 252 6
254 #EP #BD 33 6 253
255 #EP #BI 10 249 254
256 #EP #BI 10 249 184
#IND 2 77 256 1 78 255 79
80 #NS 1 casesOn
81 #NS 0 zero
257 #EA 9 69
82 #NS 0 succ
258 #EA 80 6
259 #EA 18 258
260 #EP #BD 4 0 259
261 #EP #BD 82 260 139
262 #EP #BD 81 257 261
263 #EP #BD 24 0 262
264 #EP #BI 23 29 263
265 #EC 25 2
266 #EA 265 18
267 #EA 266 9
268 #EA 79 6
269 #EL #BD 26 268 53
270 #EL #BD 4 0 269
271 #EA 267 270
272 #EA 271 20
273 #EL #BD 82 260 272
274 #EL #BD 81 257 273
275 #EL #BD 24 0 274
276 #EL #BI 23 29 275
#DEF 80 264 276 11
83 #NS 1 ble
84 #NS 83 match_1
85 #NI 53 1907163184
86 #NS 85 _hygCtx
87 #NI 86 9
88 #NS 87 Init
89 #NS 88 Prelude
90 #NI 89 1907163184
91 #NS 90 _hygCtx
92 #NS 91 _hyg
93 #NI 92 28
94 #NI 86 10
95 #NS 94 Init
96 #NS 95 Prelude
97 #NI 96 1907163184
98 #NS 97 _hygCtx
99 #NS 98 _hyg
100 #NI 99 31
277 #EP #BD 100 0 249
278 #EP #BD 93 0 277
101 #NS 0 h_1
102 #NS 86 _hyg
103 #NI 102 38
279 #EA 18 69
280 #EA 279 6
281 #EP #BD 103 0 280
104 #NS 0 h_2
105 #NS 4 _@
106 #NS 105 Init
107 #NS 106 Prelude
108 #NI 107 1907163184
109 #NS 108 _hygCtx
110 #NS 109 _hyg
111 #NI 110 50
282 #EA 79 258
283 #EA 282 69
284 #EP #BD 111 0 283
112 #NS 0 h_3
285 #EV 6
286 #EA 285 81
287 #EA 286 258
288 #EP #BD 68 0 287
289 #EP #BD 4 0 288
290 #EA 169 79
291 #EA 290 18
292 #EP #BD 112 289 291
293 #EP #BD 104 284 292
294 #EP #BD 101 281 293
295 #EP #BD 100 0 294
296 #EP #BD 93 0 295
297 #EP #BD 23 278 296
298 #EC 80 8
299 #EA 285 6
300 #EA 299 79
301 #EL #BD 50 0 300
302 #EA 298 301
303 #EA 302 79
304 #EA 20 18
305 #EA 303 304
113 #NI 110 73
306 #EV 7
307 #EA 306 81
308 #EA 307 6
309 #EL #BD 50 0 308
310 #EA 298 309
311 #EA 310 79
312 #EA 311 149
114 #NI 110 74
313 #EA 53 6
314 #EL #BD 114 0 313
315 #EA 312 314
316 #EL #BD 113 0 315
317 #EA 305 316
318 #EL #BD 112 289 317
319 #EL #BD 104 284 318
320 #EL #BD 101 281 319
321 #EL #BD 100 0 320
322 #EL #BD 93 0 321
323 #EL #BD 23 278 322
#DEF 84 297 323 79
115 #NS 83 _f
116 #NI 102 9
324 #EC 22 1
117 #NI 102 10
325 #EP #BD 117 0 3
326 #EL #BD 116 0 325
327 #EA 324 326
328 #EA 327 6
329 #EP #BD 30 328 325
330 #EP #BD 116 0 329
331 #EC 84 1
118 #NI 102 75
332 #EA 327 9
333 #EP #BD 118 332 3
334 #EL #BD 100 0 333
335 #EL #BD 93 0 334
336 #EA 331 335
337 #EA 336 20
338 #EA 337 6
339 #EA 327 69
340 #EC 7 
341 #EL #BD 118 339 340
342 #EL #BD 103 0 341
343 #EA 338 342
344 #EA 327 258
345 #EC 6 
346 #EL #BD 118 344 345
347 #EL #BD 111 0 346
348 #EA 343 347
349 #EA 327 81
350 #EJ 16 0 6
351 #EA 350 9
352 #EL #BD 118 349 351
353 #EL #BD 68 0 352
354 #EL #BD 4 0 353
355 #EA 348 354
356 #EA 355 9
357 #EL #BD 117 0 356
358 #EL #BD 30 328 357
359 #EL #BD 116 0 358
#DEF 115 330 359 
360 #EP #BD 37 0 3
361 #EP #BD 37 0 360
362 #EC 27 1
363 #EA 362 326
364 #EA 363 9
365 #EC 115 
366 #EA 364 365
367 #EA 366 6
368 #EL #BD 117 0 367
369 #EL #BD 116 0 368
#DEF 83 361 369 
119 #NS 0 DecidableEq
370 #EP #BD 10 15 30
120 #NS 0 b
371 #EC 77 2
372 #EA 371 20
373 #EA 372 9
374 #EA 373 6
375 #EA 119 374
376 #EP #BD 120 9 375
377 #EP #BD 33 6 376
378 #EL #BD 10 15 377
#DEF 119 370 378 11
121 #NS 0 Unit
379 #EC 14 1
#DEF 121 2 379 
122 #NS 5 casesOn
380 #EP #BD 24 3 15
123 #NS 0 false
381 #EA 9 345
124 #NS 0 true
382 #EA 20 340
383 #EP #BD 124 382 139
384 #EP #BD 123 381 383
385 #EP #BD 24 3 384
386 #EP #BI 23 380 385
125 #NS 5 rec
387 #EC 125 2
388 #EA 387 18
389 #EA 388 9
390 #EA 389 6
391 #EA 390 20
392 #EL #BD 124 382 391
393 #EL #BD 123 381 392
394 #EL #BD 24 3 393
395 #EL #BI 23 380 394
#DEF 122 386 395 11
126 #NS 121 unit
396 #EC 121 
397 #EC 15 1
#DEF 126 396 397 
127 #NS 5 decEq
128 #NS 127 match_1
129 #NS 34 Init
130 #NS 129 Prelude
131 #NI 130 18944135
132 #NS 131 _hygCtx
133 #NS 132 _hyg
134 #NI 133 14
135 #NS 120 _@
136 #NS 135 Init
137 #NS 136 Prelude
138 #NI 137 18944135
139 #NS 138 _hygCtx
140 #NS 139 _hyg
141 #NI 140 16
398 #EP #BD 141 3 249
399 #EP #BD 134 3 398
142 #NS 0 _
400 #EA 18 345
401 #EA 400 345
402 #EP #BD 142 396 401
403 #EA 79 345
404 #EA 403 340
405 #EP #BD 142 396 404
406 #EA 169 340
407 #EA 406 345
408 #EP #BD 142 396 407
143 #NS 0 h_4
409 #EA 285 340
410 #EA 409 340
411 #EP #BD 142 396 410
412 #EA 285 169
413 #EA 412 79
414 #EP #BD 143 411 413
415 #EP #BD 112 408 414
416 #EP #BD 104 405 415
417 #EP #BD 101 402 416
418 #EP #BD 141 3 417
419 #EP #BD 134 3 418
420 #EP #BD 23 399 419
421 #EC 122 8
422 #EA 306 6
423 #EA 422 169
424 #EL #BD 50 3 423
425 #EA 421 424
426 #EA 425 169
427 #EA 306 345
428 #EA 427 6
429 #EL #BD 50 3 428
430 #EA 421 429
431 #EA 430 79
432 #EC 126 
433 #EA 18 432
434 #EA 431 433
435 #EA 20 432
436 #EA 434 435
437 #EA 426 436
438 #EA 306 340
439 #EA 438 6
440 #EL #BD 50 3 439
441 #EA 421 440
442 #EA 441 79
443 #EA 9 432
444 #EA 442 443
445 #EA 6 432
446 #EA 444 445
447 #EA 437 446
448 #EL #BD 143 411 447
449 #EL #BD 112 408 448
450 #EL #BD 104 405 449
451 #EL #BD 101 402 450
452 #EL #BD 141 3 451
453 #EL #BD 134 3 452
454 #EL #BD 23 399 453
#DEF 128 420 454 79
144 #NS 0 rfl
455 #EA 371 9
456 #EA 455 6
457 #EA 456 6
458 #EP #BI 33 6 457
459 #EP #BI 10 15 458
460 #EC 78 2
461 #EA 460 9
462 #EA 461 6
463 #EL #BI 33 6 462
464 #EL #BI 10 15 463
#DEF 144 459 464 11
145 #NS 5 noConfusionType
146 #NS 0 P
465 #EP #BD 24 3 380
466 #EP #BD 146 15 465
147 #NS 0 t'
467 #EC 122 3
468 #EL #BD 24 3 15
469 #EA 467 468
470 #EA 469 9
471 #EA 469 6
148 #NI 53 3636866298
149 #NS 148 _hygCtx
150 #NS 149 _hyg
151 #NI 150 5
472 #EP #BD 151 20 18
473 #EA 471 472
474 #EA 473 20
475 #EA 470 474
476 #EA 471 20
477 #EA 476 472
478 #EA 475 477
479 #EL #BD 147 3 478
480 #EL #BD 24 3 479
481 #EL #BD 146 15 480
#DEF 145 466 481 11
152 #NS 77 ndrec
153 #NS 0 u2
9 #UP 153
482 #ES 9
154 #NS 0 u1
10 #UP 154
483 #ES 10
484 #EP #BD 37 9 483
485 #EA 6 9
486 #EC 77 9
487 #EA 486 79
488 #EA 487 18
489 #EA 488 6
490 #EP #BD 41 489 39
491 #EP #BI 120 18 490
492 #EP #BD 68 485 491
493 #EP #BI 23 484 492
494 #EP #BI 33 6 493
495 #EP #BI 10 482 494
155 #NS 77 rec
496 #EC 155 10 9
497 #EA 496 169
498 #EA 497 79
156 #NI 53 2055208596
157 #NS 156 _hygCtx
158 #NS 157 _hyg
159 #NI 158 17
160 #NI 158 16
499 #EA 486 285
500 #EA 499 169
501 #EA 500 6
502 #EA 169 9
503 #EL #BD 160 501 502
504 #EL #BD 159 169 503
505 #EA 498 504
506 #EA 505 20
507 #EA 506 9
508 #EA 507 6
509 #EL #BD 41 489 508
510 #EL #BI 120 18 509
511 #EL #BD 68 485 510
512 #EL #BI 23 484 511
513 #EL #BI 33 6 512
514 #EL #BI 10 482 513
#DEF 152 495 514 154 153
161 #NS 5 noConfusion
162 #NS 0 eq
515 #EC 77 1
516 #EA 515 3
517 #EA 516 9
518 #EA 517 6
519 #EC 145 2
520 #EA 519 18
521 #EA 520 20
522 #EA 521 9
523 #EP #BD 162 518 522
524 #EP #BI 147 3 523
525 #EP #BI 24 3 524
526 #EP #BI 146 15 525
527 #EC 152 2 1
528 #EA 527 3
529 #EA 528 20
530 #EA 519 79
531 #EA 530 18
532 #EA 531 6
533 #EL #BI 147 3 532
534 #EA 529 533
535 #EC 122 2
536 #EA 530 6
537 #EA 536 6
538 #EL #BI 24 3 537
539 #EA 535 538
540 #EA 539 20
163 #NS 0 k
541 #EL #BD 163 18 6
542 #EA 540 541
543 #EA 542 541
544 #EA 534 543
545 #EA 544 9
546 #EA 545 6
547 #EL #BD 162 518 546
548 #EL #BI 147 3 547
549 #EL #BI 24 3 548
550 #EL #BI 146 15 549
#DEF 161 526 550 11
551 #EA 119 518
552 #EP #BD 120 3 551
553 #EP #BD 33 3 552
554 #EC 128 1
555 #EL #BD 141 3 551
556 #EL #BD 134 3 555
557 #EA 554 556
558 #EA 557 9
559 #EA 558 6
560 #EA 516 345
561 #EA 560 345
562 #EA 134 561
563 #EC 144 1
564 #EA 563 3
565 #EA 564 345
566 #EA 562 565
567 #EL #BD 142 396 566
568 #EA 559 567
569 #EA 560 340
570 #EA 129 569
571 #EC 161 0
572 #EA 571 114
573 #EA 572 345
574 #EA 573 340
575 #EA 574 6
576 #EL #BD 41 569 575
577 #EA 570 576
578 #EL #BD 142 396 577
579 #EA 568 578
580 #EA 516 340
581 #EA 580 345
582 #EA 129 581
583 #EA 572 340
584 #EA 583 345
585 #EA 584 6
586 #EL #BD 41 581 585
587 #EA 582 586
588 #EL #BD 142 396 587
589 #EA 579 588
590 #EA 580 340
591 #EA 134 590
592 #EA 564 340
593 #EA 591 592
594 #EL #BD 142 396 593
595 #EA 589 594
596 #EL #BD 120 3 595
597 #EL #BD 33 3 596
#DEF 127 553 597 
164 #NS 0 instDecidableEqBool
598 #EC 119 1
599 #EA 598 3
600 #EC 127 
#DEF 164 599 600 
165 #NS 0 OfNat
166 #NS 165 mk
167 #NI 53 1822880135
168 #NS 167 _hygCtx
169 #NS 168 _hyg
170 #NI 169 3
171 #NS 0 ofNat
601 #EC 165 2
602 #EA 601 20
603 #EA 602 9
604 #EP #BD 171 9 603
605 #EP #BI 170 0 604
606 #EP #BI 10 4 605
607 #EP #BD 170 0 4
608 #EP #BD 10 4 607
#IND 2 165 608 1 166 606 11
172 #NS 165 ofNat
609 #EA 601 9
610 #EA 609 6
611 #EP #BC 64 610 20
612 #EP #BD 170 0 611
613 #EP #BI 10 4 612
614 #EJ 165 0 6
615 #EL #BC 64 610 614
616 #EL #BD 170 0 615
617 #EL #BD 10 4 616
#DEF 172 613 617 11
173 #NS 0 instOfNatNat
618 #EC 165 0
619 #EA 618 0
620 #EA 619 6
621 #EP #BD 4 0 620
622 #EC 166 0
623 #EA 622 0
624 #EA 623 6
625 #EA 624 6
626 #EL #BD 4 0 625
#DEF 173 621 626 
174 #NS 31 elim
175 #NS 0 C
627 #EP #BD 41 114 9
628 #EP #BI 175 15 627
176 #NS 31 rec
629 #EC 176 2
177 #NI 53 2135250726
178 #NS 177 _hygCtx
179 #NS 178 _hyg
180 #NI 179 6
630 #EL #BD 180 114 20
631 #EA 629 630
632 #EA 631 6
633 #EL #BD 41 114 632
634 #EL #BI 175 15 633
#DEF 174 628 634 11
181 #NS 77 casesOn
635 #EA 250 20
636 #EA 635 9
637 #EA 636 6
638 #EP #BD 24 637 15
639 #EP #BD 37 9 638
640 #EA 250 18
641 #EA 640 20
642 #EA 641 6
182 #NS 0 refl
643 #EC 78 8
644 #EA 643 79
645 #EA 644 18
646 #EA 304 645
647 #EA 139 9
648 #EP #BD 182 646 647
649 #EP #BD 24 642 648
650 #EP #BI 37 20 649
651 #EP #BI 23 639 650
652 #EP #BI 37 6 651
653 #EP #BI 10 249 652
654 #EC 155 2 8
655 #EA 654 169
656 #EA 655 79
657 #EA 656 18
658 #EA 657 6
659 #EA 658 20
660 #EA 659 9
661 #EL #BD 182 646 660
662 #EL #BD 24 642 661
663 #EL #BI 37 20 662
664 #EL #BI 23 639 663
665 #EL #BI 37 6 664
666 #EL #BI 10 249 665
#DEF 181 653 666 11 79
183 #NS 0 HEq
184 #NS 183 refl
667 #EC 183 2
668 #EA 667 9
669 #EA 668 6
670 #EA 669 9
671 #EA 670 6
672 #EP #BD 33 6 671
673 #EP #BI 10 15 672
674 #EP #BD 37 6 112
675 #EP #BI 18 15 674
676 #EP #BD 37 6 675
677 #EP #BI 10 15 676
#IND 2 183 677 1 184 673 11
185 #NS 0 True
186 #NS 185 intro
678 #EC 185 
#IND 0 185 112 1 186 678 
187 #NS 1 beq
188 #NS 187 match_1
189 #NI 53 2408276647
190 #NS 189 _hygCtx
191 #NI 190 13
192 #NS 191 Init
193 #NS 192 Prelude
194 #NI 193 2408276647
195 #NS 194 _hygCtx
196 #NS 195 _hyg
197 #NI 196 32
198 #NI 190 14
199 #NS 198 Init
200 #NS 199 Prelude
201 #NI 200 2408276647
202 #NS 201 _hygCtx
203 #NS 202 _hyg
204 #NI 203 35
679 #EA 279 69
680 #EP #BD 142 396 679
205 #NI 107 2408276647
206 #NS 205 _hygCtx
207 #NS 206 _hyg
208 #NI 207 53
681 #EA 79 69
682 #EA 681 258
683 #EP #BD 208 0 682
209 #NI 207 65
684 #EA 169 258
685 #EA 684 69
686 #EP #BD 209 0 685
687 #EA 307 258
688 #EP #BD 68 0 687
689 #EP #BD 4 0 688
690 #EP #BD 143 689 413
691 #EP #BD 112 686 690
692 #EP #BD 104 683 691
693 #EP #BD 101 680 692
694 #EP #BD 204 0 693
695 #EP #BD 197 0 694
696 #EP #BD 23 278 695
697 #EL #BD 50 0 423
698 #EA 298 697
699 #EA 698 169
700 #EA 306 69
701 #EA 700 6
702 #EL #BD 50 0 701
703 #EA 298 702
704 #EA 703 79
705 #EA 704 433
210 #NI 207 91
706 #EL #BD 210 0 61
707 #EA 705 706
708 #EA 699 707
211 #NI 207 90
709 #EV 8
710 #EA 709 81
711 #EA 710 6
712 #EL #BD 50 0 711
713 #EA 298 712
714 #EA 713 169
715 #EA 714 149
716 #EA 715 314
717 #EL #BD 211 0 716
718 #EA 708 717
719 #EL #BD 143 689 718
720 #EL #BD 112 686 719
721 #EL #BD 104 683 720
722 #EL #BD 101 680 721
723 #EL #BD 204 0 722
724 #EL #BD 197 0 723
725 #EL #BD 23 278 724
#DEF 188 696 725 79
212 #NS 187 _f
213 #NS 190 _hyg
214 #NI 213 13
215 #NI 213 14
726 #EC 188 1
727 #EA 726 335
728 #EA 727 20
729 #EA 728 6
730 #EL #BD 142 396 341
731 #EA 729 730
216 #NI 213 93
732 #EL #BD 216 339 345
733 #EL #BD 208 0 732
734 #EA 731 733
735 #EA 734 347
736 #EA 735 354
737 #EA 736 9
738 #EL #BD 215 0 737
739 #EL #BD 30 328 738
740 #EL #BD 214 0 739
#DEF 212 330 740 
741 #EC 212 
742 #EA 364 741
743 #EA 742 6
744 #EL #BD 215 0 743
745 #EL #BD 214 0 744
#DEF 187 361 745 
217 #NS 0 _private
218 #NS 217 Init
219 #NS 218 Prelude
220 #NI 219 0
221 #NS 220 noConfusion_of_Nat
222 #NS 221 aux
223 #NS 222 match_1_1
224 #NI 53 3715277255
225 #NS 224 _hygCtx
226 #NI 225 13
227 #NS 226 Init
228 #NS 227 Prelude
229 #NI 228 3715277255
230 #NS 229 _hygCtx
231 #NS 230 _hyg
232 #NI 231 24
746 #EP #BD 142 396 70
747 #EP #BD 101 746 261
748 #EP #BD 232 0 747
749 #EP #BD 23 208 748
750 #EC 80 0
751 #EL #BD 50 0 268
752 #EA 750 751
753 #EA 752 20
754 #EA 753 443
233 #NI 107 3715277255
234 #NS 233 _hygCtx
235 #NS 234 _hyg
236 #NI 235 39
755 #EL #BD 236 0 152
756 #EA 754 755
757 #EL #BD 104 260 756
758 #EL #BD 101 746 757
759 #EL #BD 232 0 758
760 #EL #BD 23 208 759
#DEF 223 749 760 
237 #NS 222 _f
238 #NS 225 _hyg
239 #NI 238 13
761 #EC 22 0
762 #EC 125 1
240 #NI 238 10
763 #EL #BD 240 3 112
764 #EA 762 763
765 #EA 764 114
766 #EA 765 678
767 #EC 187 
768 #EA 767 6
769 #EA 768 6
770 #EA 766 769
771 #EL #BD 239 0 770
772 #EA 761 771
773 #EA 772 6
774 #EA 767 9
775 #EA 774 9
776 #EA 766 775
777 #EP #BD 30 773 776
778 #EP #BD 239 0 777
779 #EC 223 
780 #EL #BD 232 0 777
781 #EA 779 780
782 #EA 781 9
241 #NI 238 40
783 #EA 772 69
784 #EC 186 
785 #EL #BD 241 783 784
786 #EL #BD 142 396 785
787 #EA 782 786
788 #EA 772 258
789 #EL #BD 241 788 350
790 #EL #BD 4 0 789
791 #EA 787 790
792 #EA 791 6
793 #EL #BD 30 773 792
794 #EL #BD 239 0 793
#DEF 237 778 794 
795 #EP #BD 33 0 770
796 #EC 27 0
797 #EA 796 771
798 #EA 797 6
799 #EC 237 
800 #EA 798 799
801 #EL #BD 239 0 800
#DEF 222 795 801 
242 #NS 0 congrArg
243 #NS 0 a₁
244 #NS 0 a₂
802 #EP #BD 37 18 18
803 #EA 371 79
804 #EA 803 20
805 #EA 804 9
806 #EC 77 4
807 #EA 806 79
808 #EA 9 18
809 #EA 807 808
810 #EA 9 20
811 #EA 809 810
812 #EP #BD 41 805 811
813 #EP #BD 30 802 812
814 #EP #BI 244 20 813
815 #EP #BI 243 9 814
816 #EP #BI 18 16 815
817 #EP #BI 10 15 816
818 #EC 155 0 2
819 #EA 818 169
820 #EA 819 18
245 #NI 53 2375064143
246 #NS 245 _hygCtx
247 #NS 246 _hyg
248 #NI 247 24
249 #NS 41 _@
250 #NS 249 Init
251 #NS 250 Prelude
252 #NI 251 2375064143
253 #NS 252 _hygCtx
254 #NS 253 _hyg
255 #NI 254 25
821 #EA 371 285
822 #EA 821 79
823 #EA 822 6
824 #EA 806 285
825 #EA 18 169
826 #EA 824 825
827 #EA 826 39
828 #EL #BD 255 823 827
829 #EL #BD 248 169 828
830 #EA 820 829
831 #EC 144 4
832 #EA 831 79
833 #EA 832 808
834 #EA 830 833
835 #EA 834 20
836 #EA 835 6
837 #EL #BD 41 805 836
838 #EL #BD 30 802 837
839 #EL #BI 244 20 838
840 #EL #BI 243 9 839
841 #EL #BI 18 16 840
842 #EL #BI 10 15 841
#DEF 242 817 842 11 19
256 #NS 0 noConfusion_of_Nat
843 #EP #BD 37 6 0
844 #EA 371 18
845 #EA 844 9
846 #EA 845 6
847 #EA 767 139
848 #EA 847 39
849 #EA 766 848
850 #EP #BD 41 846 849
851 #EP #BI 120 20 850
852 #EP #BI 33 9 851
853 #EP #BD 30 843 852
854 #EP #BI 10 15 853
855 #EC 155 0 1
856 #EA 855 0
857 #EA 856 139
257 #NI 53 3843949109
258 #NS 257 _hygCtx
259 #NS 258 _hyg
260 #NI 259 35
261 #NI 251 3843949109
262 #NS 261 _hygCtx
263 #NS 262 _hyg
264 #NI 263 36
858 #EA 515 0
859 #EA 79 18
860 #EA 858 859
861 #EA 860 6
862 #EA 767 290
863 #EA 862 9
864 #EA 766 863
865 #EL #BD 264 861 864
866 #EL #BD 260 0 865
867 #EA 857 866
868 #EC 222 
869 #EA 868 139
870 #EA 867 869
871 #EA 870 39
872 #EC 242 2 1
873 #EA 872 79
874 #EA 873 0
875 #EA 874 20
876 #EA 875 9
877 #EA 876 18
878 #EA 877 6
879 #EA 871 878
880 #EL #BD 41 846 879
881 #EL #BI 120 20 880
882 #EL #BI 33 9 881
883 #EL #BD 30 843 882
884 #EL #BI 10 15 883
#DEF 256 854 884 11
265 #NS 5 ctorIdx
266 #NI 53 2068713569
267 #NS 266 _hygCtx
268 #NS 267 _hyg
269 #NI 268 3
885 #EP #BD 269 3 0
886 #EC 122 1
887 #EL #BD 50 3 0
888 #EA 886 887
889 #EA 888 6
890 #ELN 0
891 #EA 889 890
892 #ELN 1
893 #EA 891 892
894 #EL #BD 50 3 893
#DEF 265 885 894 
270 #NS 220 Nat
271 #NS 270 le_of_ble_eq_true
272 #NS 271 match_1_1
273 #NI 107 3694838799
274 #NS 273 _hygCtx
275 #NS 274 _hyg
276 #NI 275 27
277 #NS 68 _@
278 #NS 277 Init
279 #NS 278 Prelude
280 #NI 279 3694838799
281 #NS 280 _hygCtx
282 #NS 281 _hyg
283 #NI 282 29
895 #EC 83 
896 #EA 895 9
897 #EA 896 6
898 #EA 516 897
899 #EA 898 340
900 #EP #BD 41 899 112
901 #EP #BD 283 0 900
902 #EP #BD 276 0 901
284 #NI 53 3694838799
285 #NS 284 _hygCtx
286 #NS 285 _hyg
287 #NI 286 43
903 #EC 172 0
904 #EA 903 0
905 #EA 904 890
906 #EC 173 
907 #EA 906 890
908 #EA 905 907
909 #EA 895 908
910 #EA 909 6
911 #EA 516 910
912 #EA 911 340
913 #EA 169 908
914 #EA 913 9
915 #EA 914 6
916 #EP #BD 41 912 915
917 #EP #BD 287 0 916
288 #NI 275 59
289 #NI 275 58
918 #EA 895 81
919 #EA 918 258
920 #EA 516 919
921 #EA 920 340
922 #EA 80 20
923 #EA 306 922
924 #EA 923 81
925 #EA 924 6
926 #EP #BD 41 921 925
927 #EP #BD 289 0 926
928 #EP #BD 288 0 927
929 #EA 291 20
930 #EP #BD 104 928 929
931 #EP #BD 101 917 930
932 #EP #BD 41 899 931
933 #EP #BD 283 0 932
934 #EP #BD 276 0 933
935 #EP #BD 23 902 934
936 #EA 895 6
937 #EA 936 79
938 #EA 516 937
939 #EA 938 340
940 #EA 306 9
941 #EA 940 169
942 #EA 941 6
943 #EP #BD 41 939 942
944 #EL #BD 50 0 943
945 #EA 750 944
946 #EA 945 79
947 #EA 895 69
948 #EA 947 18
949 #EA 516 948
950 #EA 949 340
951 #EA 20 79
952 #EA 951 6
953 #EL #BD 41 950 952
954 #EA 946 953
290 #NI 275 71
955 #EA 895 258
956 #EA 955 79
957 #EA 516 956
958 #EA 957 340
959 #EA 895 922
960 #EA 959 6
961 #EA 516 960
962 #EA 961 340
963 #EV 9
964 #EA 80 18
965 #EA 963 964
966 #EA 965 9
967 #EA 966 6
968 #EP #BD 41 962 967
969 #EL #BD 50 0 968
970 #EA 750 969
971 #EA 970 169
972 #EA 918 69
973 #EA 516 972
974 #EA 973 340
975 #EC 174 0
976 #EA 709 922
977 #EA 976 69
978 #EA 977 6
979 #EA 975 978
980 #EC 181 0 1
981 #EA 980 3
982 #EA 959 69
983 #EA 981 982
984 #EA 895 964
985 #EA 984 69
986 #EA 516 985
987 #EA 986 6
988 #EA 580 9
989 #EC 183 0
990 #EA 80 169
991 #EA 895 990
992 #EA 991 69
993 #EA 516 992
994 #EA 993 340
995 #EA 989 994
996 #EA 995 18
997 #EA 993 20
998 #EA 996 997
999 #EA 998 9
1000 #EP #BD 41 999 114
1001 #EP #BD 41 988 1000
1002 #EL #BD 50 987 1001
1003 #EL #BD 37 3 1002
1004 #EA 983 1003
1005 #EA 1004 340
1006 #EA 1005 6
291 #NI 251 3694838799
292 #NS 291 _hygCtx
293 #NS 292 _hyg
294 #NI 293 73
1007 #EA 580 982
1008 #EA 986 340
1009 #EA 989 1008
1010 #EA 1009 9
1011 #EA 986 985
1012 #EA 1010 1011
1013 #EC 78 1
1014 #EA 1013 3
1015 #EA 1014 985
1016 #EA 1012 1015
1017 #EP #BD 41 1016 114
1018 #EA 975 1017
1019 #EC 256 1
1020 #EA 1019 3
1021 #EC 265 
1022 #EA 1020 1021
1023 #EA 1022 340
1024 #EA 1023 345
1025 #EA 1024 6
1026 #EA 1018 1025
1027 #EL #BD 294 1007 1026
1028 #EA 1006 1027
1029 #EA 1014 340
1030 #EA 1028 1029
1031 #EC 184 0
1032 #EA 516 982
1033 #EA 1032 340
1034 #EA 1031 1033
1035 #EA 1034 6
1036 #EA 1030 1035
1037 #EA 979 1036
1038 #EL #BD 41 974 1037
1039 #EA 971 1038
295 #NI 275 72
1040 #EA 959 258
1041 #EA 516 1040
1042 #EA 1041 340
1043 #EA 859 9
1044 #EA 1043 6
1045 #EL #BD 41 1042 1044
1046 #EL #BD 295 0 1045
1047 #EA 1039 1046
1048 #EA 1047 6
1049 #EL #BD 41 958 1048
1050 #EL #BD 290 0 1049
1051 #EA 954 1050
1052 #EA 1051 20
1053 #EL #BD 104 928 1052
1054 #EL #BD 101 917 1053
1055 #EL #BD 41 899 1054
1056 #EL #BD 283 0 1055
1057 #EL #BD 276 0 1056
1058 #EL #BD 23 902 1057
#DEF 272 935 1058 
296 #NS 270 zero_le
297 #NS 296 match_1_1
#DEF 297 749 760 
298 #NS 1 zero_le
299 #NS 298 _f
300 #NI 53 800929555
301 #NS 300 _hygCtx
302 #NS 301 _hyg
303 #NI 302 7
1059 #EC 74 0
1060 #EA 1059 0
1061 #EC 75 
1062 #EA 1060 1061
1063 #EA 1062 908
1064 #EA 1063 6
1065 #EL #BD 303 0 1064
1066 #EA 761 1065
1067 #EA 1066 6
1068 #EA 1063 9
1069 #EP #BD 30 1067 1068
1070 #EP #BD 303 0 1069
1071 #EC 297 
304 #NI 301 7
305 #NS 304 Init
306 #NS 305 Prelude
307 #NI 306 800929555
308 #NS 307 _hygCtx
309 #NS 308 _hyg
310 #NI 309 18
1072 #EL #BD 310 0 1069
1073 #EA 1071 1072
1074 #EA 1073 9
311 #NI 302 37
1075 #EA 1066 69
1076 #EC 66 
1077 #EA 1076 908
1078 #EL #BD 311 1075 1077
1079 #EL #BD 142 396 1078
1080 #EA 1074 1079
1081 #EA 1066 258
1082 #EC 67 
1083 #EA 1082 908
1084 #EA 1083 9
1085 #EA 1084 350
1086 #EL #BD 311 1081 1085
1087 #EL #BD 4 0 1086
1088 #EA 1080 1087
1089 #EA 1088 6
1090 #EL #BD 30 1067 1089
1091 #EL #BD 303 0 1090
#DEF 299 1070 1091 
1092 #EP #BD 4 0 1064
1093 #EA 796 1065
1094 #EA 1093 6
1095 #EC 299 
1096 #EA 1094 1095
1097 #EL #BD 303 0 1096
#DEF 298 1092 1097 
312 #NS 65 below
313 #NS 312 refl
1098 #EP #BD 24 202 112
1099 #EP #BD 37 0 1098
1100 #EC 312 
1101 #EA 1100 9
1102 #EA 1101 6
1103 #EA 1102 9
1104 #EA 1076 9
1105 #EA 1103 1104
1106 #EP #BI 23 1099 1105
1107 #EP #BI 4 0 1106
314 #NS 312 step
1108 #EA 203 6
315 #NS 0 ih
316 #NS 315 _@
317 #NS 316 Init
318 #NS 317 Prelude
319 #NI 318 3619057954
320 #NS 319 _hygCtx
321 #NS 320 _hyg
322 #NI 321 20
1109 #EA 1100 18
1110 #EA 1109 20
1111 #EA 1110 9
1112 #EA 1111 6
323 #NS 0 a_ih
324 #NS 323 _@
325 #NS 324 _internal
326 #NS 325 _hyg
327 #NI 326 0
1113 #EA 1100 169
1114 #EA 1113 79
1115 #EA 1114 964
1116 #EA 1082 169
1117 #EA 1116 18
1118 #EA 1117 20
1119 #EA 1115 1118
1120 #EP #BD 327 647 1119
1121 #EP #BD 322 1112 1120
1122 #EP #BD 37 1108 1121
1123 #EP #BI 68 0 1122
1124 #EP #BI 23 1099 1123
1125 #EP #BI 4 0 1124
1126 #EP #BD 24 1108 112
1127 #EP #BI 37 0 1126
1128 #EP #BI 23 1099 1127
1129 #EP #BI 4 0 1128
#IND 2 312 1129 2 313 1107 314 1125 
328 #NS 65 brecOn
1130 #EA 197 79
1131 #EA 1130 6
329 #NI 53 3619057954
330 #NS 329 _hygCtx
331 #NS 330 _hyg
332 #NI 331 21
1132 #EA 1114 9
1133 #EA 1132 6
1134 #EA 169 20
1135 #EA 1134 9
1136 #EP #BD 332 1133 1135
1137 #EP #BD 24 1131 1136
1138 #EP #BD 37 0 1137
1139 #EP #BD 29 1138 647
1140 #EP #BD 24 1108 1139
1141 #EP #BI 37 0 1140
1142 #EP #BI 23 1099 1141
1143 #EP #BI 4 0 1142
1144 #EA 6 20
1145 #EA 1144 9
333 #NS 65 rec
1146 #EC 333 
1147 #EA 1146 79
1148 #EA 1100 79
1149 #EA 1148 18
1150 #EA 1147 1149
1151 #EC 313 
1152 #EA 1151 79
1153 #EA 1152 18
1154 #EA 1150 1153
1155 #EA 197 169
1156 #EA 1155 6
334 #NI 321 22
1157 #EA 1100 285
1158 #EA 1157 169
1159 #EA 1158 9
1160 #EA 1159 6
1161 #EC 314 
1162 #EA 1161 306
1163 #EA 1162 285
1164 #EA 1163 20
1165 #EA 1164 9
1166 #EA 1165 6
1167 #EA 647 6
1168 #EA 1166 1167
1169 #EL #BD 334 1160 1168
1170 #EL #BD 37 1156 1169
1171 #EL #BI 68 0 1170
1172 #EA 1154 1171
1173 #EA 1172 20
1174 #EA 1173 9
1175 #EA 1145 1174
1176 #EL #BD 29 1138 1175
1177 #EL #BD 24 1108 1176
1178 #EL #BI 37 0 1177
1179 #EL #BI 23 1099 1178
1180 #EL #BI 4 0 1179
#DEF 328 1143 1180 
335 #NS 312 casesOn
1181 #EP #BD 24 1112 112
1182 #EP #BD 24 1108 1181
1183 #EP #BI 37 0 1182
1184 #EA 197 18
1185 #EA 1184 6
1186 #EA 1149 9
1187 #EA 1186 6
1188 #EA 1076 169
1189 #EA 825 1188
1190 #EA 1151 169
1191 #EA 1190 79
1192 #EA 1189 1191
336 #NS 0 step
1193 #EA 197 306
1194 #EA 1193 6
1195 #EA 1100 709
1196 #EA 1195 306
1197 #EA 1196 9
1198 #EA 1197 6
1199 #EA 709 20
1200 #EA 1199 9
1201 #EA 709 964
1202 #EV 10
1203 #EA 1082 1202
1204 #EA 1203 18
1205 #EA 1204 20
1206 #EA 1201 1205
1207 #EA 1161 1202
1208 #EA 1207 963
1209 #EA 1208 18
1210 #EA 1209 20
1211 #EA 1210 9
1212 #EA 1211 6
1213 #EA 1206 1212
1214 #EP #BD 327 1200 1213
1215 #EP #BD 322 1198 1214
1216 #EP #BD 37 1194 1215
1217 #EP #BI 68 0 1216
1218 #EP #BD 336 1217 929
1219 #EP #BD 182 1192 1218
1220 #EP #BD 24 1187 1219
1221 #EP #BI 24 1185 1220
1222 #EP #BI 37 0 1221
1223 #EP #BI 23 1183 1222
1224 #EP #BI 23 1099 1223
1225 #EP #BI 4 0 1224
337 #NS 312 rec
1226 #EC 337 
1227 #EA 1226 306
1228 #EA 1227 285
1229 #EA 1228 169
1230 #EA 1229 9
1231 #EA 197 709
1232 #EA 1231 6
1233 #EA 1100 963
1234 #EA 1233 709
1235 #EA 1234 9
1236 #EA 1235 6
1237 #EA 963 20
1238 #EA 1237 9
338 #NS 0 ih_ih
339 #NS 338 _@
340 #NS 339 Init
341 #NS 340 Prelude
342 #NI 341 3619057954
343 #NS 342 _hygCtx
344 #NS 343 _hyg
345 #NI 344 20
1239 #EA 963 18
1240 #EA 1239 20
1241 #EA 1240 9
1242 #EA 929 9
1243 #EL #BD 345 1241 1242
1244 #EL #BD 327 1238 1243
1245 #EL #BD 322 1236 1244
1246 #EL #BD 37 1232 1245
1247 #EL #BI 68 0 1246
1248 #EA 1230 1247
1249 #EA 1248 79
1250 #EA 1249 18
1251 #EA 1250 20
1252 #EL #BD 336 1217 1251
1253 #EL #BD 182 1192 1252
1254 #EL #BD 24 1187 1253
1255 #EL #BI 24 1185 1254
1256 #EL #BI 37 0 1255
1257 #EL #BI 23 1183 1256
1258 #EL #BI 23 1099 1257
1259 #EL #BI 4 0 1258
#DEF 335 1225 1259 
346 #NS 77 symm
1260 #EA 845 20
1261 #EP #BD 41 374 1260
1262 #EP #BI 120 9 1261
1263 #EP #BI 33 6 1262
1264 #EP #BI 10 15 1263
1265 #EA 818 18
1266 #EA 1265 20
347 #NI 53 2345006592
348 #NS 347 _hygCtx
349 #NS 348 _hyg
350 #NI 349 14
351 #NI 251 2345006592
352 #NS 351 _hygCtx
353 #NS 352 _hyg
354 #NI 353 15
1267 #EA 803 18
1268 #EA 1267 6
1269 #EA 371 169
1270 #EA 1269 9
1271 #EA 1270 79
1272 #EL #BD 354 1268 1271
1273 #EL #BD 350 18 1272
1274 #EA 1266 1273
1275 #EC 144 2
1276 #EA 1275 18
1277 #EA 1276 20
1278 #EA 1274 1277
1279 #EA 1278 9
1280 #EA 1279 6
1281 #EL #BD 41 374 1280
1282 #EL #BI 120 9 1281
1283 #EL #BI 33 6 1282
1284 #EL #BI 10 15 1283
#DEF 346 1264 1284 11
355 #NS 0 cast
1285 #EC 77 3
1286 #EA 1285 15
1287 #EA 1286 9
1288 #EA 1287 6
1289 #EP #BD 33 20 20
1290 #EP #BD 41 1288 1289
1291 #EP #BI 18 15 1290
1292 #EP #BI 10 15 1291
1293 #EC 155 2 3
1294 #EA 1293 15
1295 #EA 1294 18
356 #NI 53 135197979
357 #NS 356 _hygCtx
358 #NS 357 _hyg
359 #NI 358 11
360 #NI 358 10
1296 #EA 1286 79
1297 #EA 1296 6
1298 #EL #BD 360 1297 9
1299 #EL #BD 359 15 1298
1300 #EA 1295 1299
1301 #EA 1300 6
1302 #EA 1301 20
1303 #EA 1302 9
1304 #EL #BD 33 20 1303
1305 #EL #BD 41 1288 1304
1306 #EL #BI 18 15 1305
1307 #EL #BI 10 15 1306
#DEF 355 1292 1307 11
361 #NS 0 eq_of_heq
362 #NS 0 a'
1308 #EA 667 20
1309 #EA 1308 9
1310 #EA 1309 20
1311 #EA 1310 6
1312 #EA 844 20
1313 #EA 1312 9
1314 #EP #BD 41 1311 1313
1315 #EP #BI 362 9 1314
1316 #EP #BI 33 6 1315
1317 #EP #BI 10 15 1316
363 #NS 0 this
1318 #EA 667 18
1319 #EA 1318 9
1320 #EA 1319 20
1321 #EA 1320 6
1322 #EA 1296 18
1323 #EC 355 2
1324 #EA 1323 169
1325 #EA 1324 79
1326 #EA 1325 6
1327 #EA 1326 18
1328 #EA 803 1327
1329 #EA 1328 20
1330 #EP #BD 41 1322 1329
1331 #EP #BD 37 1321 1330
1332 #EP #BD 120 9 1331
1333 #EP #BD 33 9 1332
1334 #EP #BD 18 15 1333
1335 #EP #BD 10 15 1334
364 #NI 53 2174674562
365 #NS 364 _hygCtx
366 #NS 365 _hyg
367 #NI 366 36
368 #NI 366 38
369 #NI 366 40
370 #NI 366 42
371 #NS 0 h₁
372 #NS 183 rec
1336 #EC 372 0 2
1337 #EA 1336 79
1338 #EA 1337 20
373 #NI 366 48
374 #NI 366 47
375 #NI 366 46
1339 #EA 667 285
1340 #EA 1339 79
1341 #EA 1340 9
1342 #EA 1341 6
1343 #EA 1286 306
1344 #EA 1343 20
1345 #EA 1323 709
1346 #EA 1345 18
1347 #EA 1346 6
1348 #EA 1347 285
1349 #EA 844 1348
1350 #EA 1349 20
1351 #EP #BD 41 1344 1350
1352 #EL #BD 375 1342 1351
1353 #EL #BD 374 6 1352
1354 #EL #BD 373 15 1353
1355 #EA 1338 1354
376 #NI 366 60
1356 #EA 1296 79
1357 #EA 1275 169
1358 #EA 1324 169
1359 #EA 1358 6
1360 #EA 1359 18
1361 #EA 1357 1360
1362 #EL #BD 376 1356 1361
1363 #EA 1355 1362
1364 #EA 1363 18
1365 #EA 1364 9
1366 #EA 1365 6
1367 #EL #BD 371 1321 1366
1368 #EL #BD 370 9 1367
1369 #EL #BD 369 9 1368
1370 #EL #BD 368 15 1369
1371 #EL #BD 367 15 1370
1372 #EA 6 79
1373 #EA 1372 79
1374 #EA 1373 18
1375 #EA 1374 20
1376 #EA 1375 9
1377 #EC 144 3
1378 #EA 1377 15
1379 #EA 1378 79
1380 #EA 1376 1379
1381 #EZ 363 1335 1371 1380
1382 #EL #BD 41 1311 1381
1383 #EL #BI 362 9 1382
1384 #EL #BI 33 6 1383
1385 #EL #BI 10 15 1384
#DEF 361 1317 1385 11
377 #NS 270 succ_le_succ
378 #NS 377 match_1_7
379 #NS 0 funType_1
380 #NI 53 2965355525
381 #NS 380 _hygCtx
382 #NS 381 _hyg
383 #NI 382 22
1386 #EA 1062 9
1387 #EA 1386 6
1388 #EP #BD 383 1387 112
1389 #EP #BI 68 0 1388
384 #NI 279 2965355525
385 #NS 384 _hygCtx
386 #NS 385 _hyg
387 #NI 386 39
388 #NI 381 22
389 #NS 388 Init
390 #NS 389 Prelude
391 #NI 390 2965355525
392 #NS 391 _hygCtx
393 #NS 392 _hyg
394 #NI 393 33
1390 #EA 1062 20
1391 #EA 1390 6
395 #NS 0 below
1392 #EA 1062 79
1393 #EA 1392 6
1394 #EA 84 6
1395 #EL #BD 383 1393 1394
1396 #EL #BI 68 0 1395
1397 #EA 1109 1396
1398 #EA 1397 9
1399 #EA 1398 6
1400 #EP #BD 395 1399 112
1401 #EP #BD 394 1391 1400
1402 #EP #BD 387 0 1401
1403 #EA 1062 18
1404 #EA 1403 6
1405 #EA 1062 169
1406 #EA 1405 6
1407 #EA 502 6
1408 #EL #BD 383 1406 1407
1409 #EL #BI 68 0 1408
1410 #EA 1148 1409
1411 #EA 1410 9
1412 #EA 1411 6
1413 #EA 79 285
1414 #EA 1076 285
1415 #EA 1413 1414
1416 #EA 1151 285
1417 #EA 1062 306
1418 #EA 1417 6
1419 #EA 940 6
1420 #EL #BD 383 1418 1419
1421 #EL #BI 68 0 1420
1422 #EA 1416 1421
1423 #EA 1415 1422
1424 #EP #BD 142 396 1423
396 #NI 386 59
1425 #EA 1062 963
1426 #EA 1425 6
1427 #EA 963 9
1428 #EA 1427 6
1429 #EL #BD 383 1426 1428
1430 #EL #BI 68 0 1429
1431 #EA 1195 1430
1432 #EA 1431 9
1433 #EA 1432 6
1434 #EA 709 964
1435 #EA 1434 1205
1436 #EV 11
1437 #EA 1062 1436
1438 #EA 1437 6
1439 #EA 1436 9
1440 #EA 1439 6
1441 #EL #BD 383 1438 1440
1442 #EL #BI 68 0 1441
1443 #EA 1207 1442
1444 #EA 1443 18
1445 #EA 1444 20
1446 #EA 1445 9
1447 #EA 1446 6
1448 #EA 1435 1447
1449 #EP #BD 327 1200 1448
1450 #EP #BD 322 1433 1449
1451 #EP #BD 41 1194 1450
1452 #EP #BD 396 0 1451
1453 #EP #BD 104 1452 929
1454 #EP #BD 101 1424 1453
1455 #EP #BD 395 1412 1454
1456 #EP #BD 394 1404 1455
1457 #EP #BD 387 0 1456
1458 #EP #BD 23 1402 1457
1459 #EP #BD 379 1389 1458
1460 #EP #BI 4 0 1459
1461 #EC 335 
1462 #EA 1461 306
1463 #EA 1062 709
1464 #EA 1463 6
1465 #EA 709 9
1466 #EA 1465 6
1467 #EL #BD 383 1464 1466
1468 #EL #BI 68 0 1467
1469 #EA 1462 1468
1470 #EA 1062 1202
1471 #EA 1470 6
1472 #EA 1202 9
1473 #EA 1472 6
1474 #EL #BD 383 1471 1473
1475 #EL #BI 68 0 1474
1476 #EA 1233 1475
1477 #EA 1476 9
1478 #EA 1477 6
1479 #EA 858 306
1480 #EA 1479 20
1481 #EA 1437 709
1482 #EA 989 1481
1483 #EA 1482 306
1484 #EA 197 1436
1485 #EA 1484 18
1486 #EA 1483 1485
1487 #EA 1486 20
1488 #EV 12
1489 #EA 1100 1488
1490 #EV 13
1491 #EA 1062 1490
1492 #EA 1491 6
1493 #EA 1490 9
1494 #EA 1493 6
1495 #EL #BD 383 1492 1494
1496 #EL #BI 68 0 1495
1497 #EA 1489 1496
1498 #EA 1497 963
1499 #EA 1498 709
1500 #EA 989 1499
1501 #EA 1500 306
1502 #EA 1497 79
1503 #EA 1502 18
1504 #EA 1501 1503
1505 #EA 1504 20
1506 #EA 1436 1202
1507 #EA 1506 963
1508 #EA 1507 709
1509 #EP #BD 41 1505 1508
1510 #EP #BD 41 1487 1509
1511 #EP #BD 41 1480 1510
1512 #EL #BD 50 1478 1511
1513 #EL #BD 24 1232 1512
1514 #EL #BI 37 0 1513
1515 #EA 1469 1514
1516 #EA 1515 79
1517 #EA 1516 18
1518 #EA 1517 20
397 #NI 251 2965355525
398 #NS 397 _hygCtx
399 #NS 398 _hyg
400 #NI 399 88
1519 #EA 858 79
1520 #EA 1519 306
1521 #EC 152 0 1
1522 #EA 1521 0
1523 #EA 1522 709
1524 #EA 1100 1202
1525 #EA 1524 1442
1526 #EA 1525 9
1527 #EA 1526 6
1528 #EA 1437 20
1529 #EA 989 1528
1530 #EA 1529 9
1531 #EA 1484 1436
1532 #EA 1530 1531
1533 #EA 1076 1436
1534 #EA 1532 1533
1535 #EA 1497 18
1536 #EA 1535 20
1537 #EA 989 1536
1538 #EA 1537 9
1539 #EA 1497 1488
1540 #EA 1076 1488
1541 #EA 1539 1540
1542 #EA 1538 1541
1543 #EA 1151 1488
1544 #EA 1543 1496
1545 #EA 1542 1544
1546 #EA 1436 79
1547 #EA 1546 18
1548 #EA 1547 20
1549 #EP #BD 41 1545 1548
1550 #EP #BD 41 1534 1549
1551 #EP #BD 395 1527 1550
1552 #EP #BD 394 1426 1551
1553 #EL #BD 387 0 1552
1554 #EA 1523 1553
1555 #EA 1463 709
1556 #EA 1476 963
1557 #EA 1556 6
401 #NI 399 89
1558 #EA 1470 1202
1559 #EA 989 1558
1560 #EA 1559 9
1561 #EA 197 1202
1562 #EA 1561 1202
1563 #EA 1560 1562
1564 #EA 1076 1202
1565 #EA 1563 1564
1566 #EC 152 0 0
1567 #EA 1437 1436
1568 #EA 1566 1567
1569 #EA 1568 1533
1570 #EA 1539 6
1571 #EA 1100 1490
1572 #EV 14
1573 #EA 1062 1572
1574 #EA 1573 6
1575 #EA 1572 9
1576 #EA 1575 6
1577 #EL #BD 383 1574 1576
1578 #EL #BI 68 0 1577
1579 #EA 1571 1578
1580 #EA 1579 1490
1581 #EA 1580 9
1582 #EA 989 1581
1583 #EA 1582 6
1584 #EA 1076 1490
1585 #EA 1580 1584
1586 #EA 1583 1585
1587 #EA 1151 1490
1588 #EA 1587 1578
1589 #EA 1586 1588
1590 #EA 1488 1572
1591 #EA 1590 20
1592 #EA 1591 9
1593 #EP #BD 41 1589 1592
1594 #EP #BD 395 1570 1593
1595 #EL #BD 394 1567 1594
1596 #EA 1569 1595
1597 #EA 1100 1436
1598 #EA 1062 1488
1599 #EA 1598 6
1600 #EA 1488 9
1601 #EA 1600 6
1602 #EL #BD 383 1599 1601
1603 #EL #BI 68 0 1602
1604 #EA 1597 1603
1605 #EA 1604 1436
1606 #EA 1605 1533
402 #NI 399 91
1607 #EA 989 1541
1608 #EA 1607 6
1609 #EA 1608 1541
1610 #EA 1609 1544
1611 #EA 1566 1585
1612 #EA 1611 1588
1613 #EA 1076 1572
1614 #EA 1590 1613
1615 #EA 1614 6
1616 #EL #BD 395 1585 1615
1617 #EA 1612 1616
1618 #EA 306 432
1619 #EA 1617 1618
1620 #EA 1619 9
1621 #EC 346 0
1622 #EA 1621 1585
1623 #EA 1622 9
1624 #EA 1623 1588
1625 #EC 361 0
1626 #EA 1625 1585
1627 #EA 1626 9
1628 #EA 1627 1588
1629 #EA 1628 6
1630 #EA 1624 1629
1631 #EA 1620 1630
1632 #EL #BD 402 1610 1631
1633 #EL #BD 395 1606 1632
1634 #EA 1596 1633
1635 #EA 1634 20
1636 #EA 1621 1567
1637 #EA 1636 20
1638 #EA 1637 1533
1639 #EA 1625 1567
1640 #EA 1639 20
1641 #EA 1640 1533
1642 #EA 1641 6
1643 #EA 1638 1642
1644 #EA 1635 1643
1645 #EA 1644 9
1646 #EL #BD 401 1565 1645
1647 #EL #BD 395 1557 1646
1648 #EL #BD 394 1555 1647
1649 #EA 1554 1648
1650 #EA 1649 169
1651 #EC 346 1
1652 #EA 1651 0
1653 #EA 1652 169
1654 #EA 1653 709
1655 #EA 1654 6
1656 #EA 1650 1655
1657 #EA 1656 79
1658 #EA 1657 18
1659 #EL #BD 400 1520 1658
1660 #EA 1518 1659
403 #NI 386 84
404 #NI 35 0
405 #NS 404 Init
406 #NS 405 Prelude
407 #NI 406 2965355525
408 #NS 407 _hygCtx
409 #NS 408 _hyg
410 #NI 409 85
411 #NI 320 20
412 #NS 411 Init
413 #NS 412 Prelude
414 #NI 413 2965355525
415 #NS 414 _hygCtx
416 #NS 415 _hyg
417 #NI 416 86
418 #NI 325 0
419 #NS 418 Init
420 #NS 419 Prelude
421 #NI 420 2965355525
422 #NS 421 _hygCtx
423 #NS 422 _hyg
424 #NI 423 87
425 #NI 399 93
1661 #EA 858 709
1662 #EA 1661 964
1663 #EA 80 79
1664 #EA 1522 1663
1665 #EA 1100 1572
1666 #EV 15
1667 #EA 1062 1666
1668 #EA 1667 6
1669 #EA 1666 9
1670 #EA 1669 6
1671 #EL #BD 383 1668 1670
1672 #EL #BI 68 0 1671
1673 #EA 1665 1672
1674 #EA 1673 9
1675 #EA 1674 6
1676 #EA 1667 20
1677 #EA 989 1676
1678 #EA 1677 9
1679 #EA 197 1666
1680 #EA 80 306
1681 #EA 1679 1680
1682 #EA 1678 1681
1683 #EA 1082 1666
1684 #EA 1683 306
1685 #EA 1684 285
1686 #EA 1682 1685
1687 #EV 16
1688 #EA 1100 1687
1689 #EV 17
1690 #EA 1062 1689
1691 #EA 1690 6
1692 #EA 1689 9
1693 #EA 1692 6
1694 #EL #BD 383 1691 1693
1695 #EL #BI 68 0 1694
1696 #EA 1688 1695
1697 #EA 1696 18
1698 #EA 1697 20
1699 #EA 989 1698
1700 #EA 1699 9
1701 #EA 80 709
1702 #EA 1696 1701
1703 #EA 1082 1687
1704 #EA 1703 709
1705 #EA 1704 306
1706 #EA 1702 1705
1707 #EA 1700 1706
1708 #EA 1161 1687
1709 #EA 1708 1695
1710 #EA 1709 709
1711 #EA 1710 306
1712 #EA 1711 285
1713 #EA 1712 169
1714 #EA 1707 1713
1715 #EA 1666 79
1716 #EA 1715 18
1717 #EA 1716 20
1718 #EP #BD 41 1714 1717
1719 #EP #BD 41 1686 1718
1720 #EP #BD 395 1675 1719
1721 #EP #BD 394 1492 1720
1722 #EL #BD 387 0 1721
1723 #EA 1664 1722
1724 #EA 1598 1663
1725 #EA 1579 990
1726 #EA 1725 6
426 #NI 399 94
1727 #EA 80 285
1728 #EA 1573 1727
1729 #EA 989 1728
1730 #EA 1729 9
1731 #EA 197 1572
1732 #EA 1731 1727
1733 #EA 1730 1732
1734 #EA 1082 1572
1735 #EA 1734 285
1736 #EA 1735 169
1737 #EA 1733 1736
1738 #EA 1667 1680
1739 #EA 1566 1738
1740 #EA 1739 1685
1741 #EA 1702 6
1742 #EA 1100 1689
1743 #EV 18
1744 #EA 1062 1743
1745 #EA 1744 6
1746 #EA 1743 9
1747 #EA 1746 6
1748 #EL #BD 383 1745 1747
1749 #EL #BI 68 0 1748
1750 #EA 1742 1749
1751 #EA 80 963
1752 #EA 1750 1751
1753 #EA 1752 9
1754 #EA 989 1753
1755 #EA 1754 6
1756 #EA 1082 1689
1757 #EA 1756 963
1758 #EA 1757 709
1759 #EA 1752 1758
1760 #EA 1755 1759
1761 #EA 1161 1689
1762 #EA 1761 1749
1763 #EA 1762 963
1764 #EA 1763 709
1765 #EA 1764 306
1766 #EA 1765 285
1767 #EA 1760 1766
1768 #EA 80 1202
1769 #EA 1687 1768
1770 #EA 1769 20
1771 #EA 1770 9
1772 #EP #BD 41 1767 1771
1773 #EP #BD 395 1741 1772
1774 #EL #BD 394 1738 1773
1775 #EA 1740 1774
1776 #EA 1100 1666
1777 #EA 1062 1687
1778 #EA 1777 6
1779 #EA 1687 9
1780 #EA 1779 6
1781 #EL #BD 383 1778 1780
1782 #EL #BI 68 0 1781
1783 #EA 1776 1782
1784 #EA 1783 1680
1785 #EA 1784 1685
427 #NI 399 96
1786 #EA 989 1706
1787 #EA 1786 6
1788 #EA 1787 1706
1789 #EA 1788 1713
1790 #EA 1566 1759
1791 #EA 1790 1766
1792 #EA 1082 1743
1793 #EA 1792 1202
1794 #EA 1793 963
1795 #EA 1769 1794
1796 #EA 1795 6
1797 #EL #BD 395 1759 1796
1798 #EA 1791 1797
1799 #EA 1202 963
1800 #EA 1799 709
1801 #EA 1800 306
1802 #EA 1801 285
1803 #EA 1798 1802
1804 #EA 1803 9
1805 #EA 1621 1759
1806 #EA 1805 9
1807 #EA 1806 1766
1808 #EA 1625 1759
1809 #EA 1808 9
1810 #EA 1809 1766
1811 #EA 1810 6
1812 #EA 1807 1811
1813 #EA 1804 1812
1814 #EL #BD 427 1789 1813
1815 #EL #BD 395 1785 1814
1816 #EA 1775 1815
1817 #EA 1816 20
1818 #EA 1621 1738
1819 #EA 1818 20
1820 #EA 1819 1685
1821 #EA 1625 1738
1822 #EA 1821 20
1823 #EA 1822 1685
1824 #EA 1823 6
1825 #EA 1820 1824
1826 #EA 1817 1825
1827 #EA 1826 9
1828 #EL #BD 426 1737 1827
1829 #EL #BD 395 1726 1828
1830 #EL #BD 394 1724 1829
1831 #EA 1723 1830
1832 #EA 1831 963
1833 #EA 1652 963
1834 #EA 1833 1663
1835 #EA 1834 6
1836 #EA 1832 1835
1837 #EA 1836 709
1838 #EA 1837 306
1839 #EL #BD 425 1662 1838
1840 #EL #BD 424 1238 1839
1841 #EL #BD 417 1478 1840
1842 #EL #BD 410 1232 1841
1843 #EL #BI 403 0 1842
1844 #EA 1660 1843
1845 #EA 1013 0
1846 #EA 1845 79
1847 #EA 1844 1846
1848 #EA 1417 79
1849 #EA 1031 1848
1850 #EA 1849 18
1851 #EA 1847 1850
1852 #EA 1100 306
1853 #EA 1852 1468
1854 #EA 1853 79
1855 #EA 1854 18
1856 #EA 1031 1855
1857 #EA 1856 20
1858 #EA 1851 1857
1859 #EL #BD 104 1452 1858
1860 #EL #BD 101 1424 1859
1861 #EL #BD 395 1412 1860
1862 #EL #BD 394 1404 1861
1863 #EL #BD 387 0 1862
1864 #EL #BD 23 1402 1863
1865 #EL #BD 379 1389 1864
1866 #EL #BI 4 0 1865
#DEF 378 1460 1866 
428 #NS 0 outParam
1867 #EP #BD 10 15 15
1868 #EL #BD 10 15 6
#DEF 428 1867 1868 11
429 #NS 0 HAdd
430 #NS 429 mk
11 #US 4
1869 #ES 11
431 #NS 0 γ
432 #NS 0 w
12 #UP 432
13 #US 12
14 #US 13
1870 #EC 428 14
1871 #ES 13
1872 #EA 1870 1871
433 #NS 0 hAdd
1873 #EP #BD 37 20 1289
1874 #EC 429 2 4 12
1875 #EA 1874 18
1876 #EA 1875 20
1877 #EA 1876 9
1878 #EP #BD 433 1873 1877
1879 #EP #BI 431 1872 1878
1880 #EP #BI 18 1869 1879
1881 #EP #BI 10 4 1880
15 #UM 3 11
16 #UM 15 13
1882 #ES 16
1883 #EP #BD 431 1872 1882
1884 #EP #BD 18 1869 1883
1885 #EP #BD 10 4 1884
#IND 3 429 1885 1 430 1881 11 19 432
434 #NS 429 hAdd
1886 #EA 1874 20
1887 #EA 1886 9
1888 #EA 1887 6
1889 #EP #BD 37 18 802
1890 #EP #BC 64 1888 1889
1891 #EP #BI 431 1872 1890
1892 #EP #BI 18 1869 1891
1893 #EP #BI 10 4 1892
1894 #EJ 429 0 6
1895 #EL #BC 64 1888 1894
1896 #EL #BI 431 1872 1895
1897 #EL #BD 18 1869 1896
1898 #EL #BD 10 4 1897
#DEF 434 1893 1898 11 19 432
435 #NS 0 Add
436 #NS 435 mk
437 #NS 0 add
1899 #EP #BD 37 9 20
1900 #EP #BD 37 6 1899
1901 #EC 435 2
1902 #EA 1901 9
1903 #EP #BD 437 1900 1902
1904 #EP #BI 10 4 1903
#IND 1 435 13 1 436 1904 11
438 #NS 435 add
1905 #EA 1901 6
1906 #EP #BD 37 9 472
1907 #EP #BC 64 1905 1906
1908 #EP #BI 10 4 1907
1909 #EJ 435 0 6
1910 #EL #BC 64 1905 1909
1911 #EL #BD 10 4 1910
#DEF 438 1908 1911 11
439 #NS 0 instHAdd
17 #US 8
1912 #ES 17
440 #NS 0 inst
441 #NS 440 _@
442 #NS 441 Init
443 #NS 442 Prelude
444 #NI 443 1910291827
445 #NS 444 _hygCtx
446 #NS 445 _hyg
447 #NI 446 5
1913 #EC 435 8
1914 #EA 1913 6
1915 #EC 429 8 8 8
1916 #EA 1915 9
1917 #EA 1916 9
1918 #EA 1917 9
1919 #EP #BC 447 1914 1918
1920 #EP #BI 10 1912 1919
1921 #EC 430 8 8 8
1922 #EA 1921 9
1923 #EA 1922 9
1924 #EA 1923 9
1925 #EC 438 8
1926 #EA 1925 18
1927 #EA 1926 20
1928 #EA 1927 9
1929 #EA 1928 6
1930 #EL #BD 120 20 1929
1931 #EL #BD 33 9 1930
1932 #EA 1924 1931
1933 #EL #BC 447 1914 1932
1934 #EL #BI 10 1912 1933
#DEF 439 1920 1934 79
448 #NS 1 add
449 #NS 448 match_1
450 #NI 53 2314059840
451 #NS 450 _hygCtx
452 #NI 451 13
453 #NS 452 Init
454 #NS 453 Prelude
455 #NI 454 2314059840
456 #NS 455 _hygCtx
457 #NS 456 _hyg
458 #NI 457 32
459 #NI 451 14
460 #NS 459 Init
461 #NS 460 Prelude
462 #NI 461 2314059840
463 #NS 462 _hygCtx
464 #NS 463 _hyg
465 #NI 464 35
1935 #EA 61 69
1936 #EP #BD 33 0 1935
1937 #EA 502 258
1938 #EP #BD 120 0 1937
1939 #EP #BD 33 0 1938
1940 #EA 859 20
1941 #EP #BD 104 1939 1940
1942 #EP #BD 101 1936 1941
1943 #EP #BD 465 0 1942
1944 #EP #BD 458 0 1943
1945 #EP #BD 23 278 1944
1946 #EA 290 6
1947 #EL #BD 50 0 1946
1948 #EA 298 1947
1949 #EA 1948 20
1950 #EA 1949 808
466 #NI 107 2314059840
467 #NS 466 _hygCtx
468 #NS 467 _hyg
469 #NI 468 62
1951 #EA 9 79
1952 #EA 1951 6
1953 #EL #BD 469 0 1952
1954 #EA 1950 1953
1955 #EL #BD 104 1939 1954
1956 #EL #BD 101 1936 1955
1957 #EL #BD 465 0 1956
1958 #EL #BD 458 0 1957
1959 #EL #BD 23 278 1958
#DEF 449 1945 1959 79
470 #NS 448 _f
471 #NS 451 _hyg
472 #NI 471 14
1960 #EL #BD 472 0 1
1961 #EA 324 1960
1962 #EA 1961 6
1963 #EP #BD 30 1962 1
1964 #EP #BD 472 0 1963
473 #NI 471 13
1965 #EC 449 1
474 #NI 471 65
1966 #EP #BD 474 1962 0
1967 #EL #BD 465 0 1966
1968 #EL #BD 458 0 1967
1969 #EA 1965 1968
1970 #EA 1969 6
1971 #EA 1970 20
1972 #EA 1961 69
1973 #EL #BD 474 1972 9
1974 #EL #BD 33 0 1973
1975 #EA 1971 1974
1976 #EA 1961 258
1977 #EA 350 20
1978 #EA 80 1977
1979 #EL #BD 474 1976 1978
1980 #EL #BD 120 0 1979
1981 #EL #BD 33 0 1980
1982 #EA 1975 1981
1983 #EA 1982 9
1984 #EL #BD 473 0 1983
1985 #EL #BD 30 1962 1984
1986 #EL #BD 472 0 1985
#DEF 470 1964 1986 
1987 #EP #BD 37 0 0
1988 #EP #BD 37 0 1987
1989 #EA 362 1960
1990 #EA 1989 6
1991 #EC 470 
1992 #EA 1990 1991
1993 #EA 1992 9
1994 #EL #BD 472 0 1993
1995 #EL #BD 473 0 1994
#DEF 448 1988 1995 
475 #NS 0 instAddNat
1996 #EC 435 0
1997 #EA 1996 0
1998 #EC 436 0
1999 #EA 1998 0
2000 #EC 448 
2001 #EA 1999 2000
#DEF 475 1997 2001 
476 #NS 1 succ_le_succ
2002 #EA 1062 922
2003 #EA 2002 81
2004 #EP #BD 37 1387 2003
2005 #EP #BI 68 0 2004
2006 #EP #BI 4 0 2005
2007 #EP #BD 383 1404 112
2008 #EP #BI 68 0 2007
2009 #EA 1062 1663
2010 #EA 2009 81
2011 #EL #BD 383 1404 2010
2012 #EL #BI 68 0 2011
2013 #EC 328 
2014 #EA 2013 18
2015 #EL #BD 383 1393 313
2016 #EL #BI 68 0 2015
2017 #EA 2014 2016
2018 #EA 2017 20
2019 #EA 2018 9
2020 #EA 1062 285
2021 #EA 2020 6
2022 #EL #BD 383 2021 1394
2023 #EL #BI 68 0 2022
2024 #EA 1113 2023
2025 #EA 2024 9
2026 #EA 2025 6
2027 #EC 378 
2028 #EA 2027 285
2029 #EA 2028 18
2030 #EL #BD 383 1426 1419
2031 #EL #BI 68 0 2030
2032 #EA 1195 2031
2033 #EA 2032 9
2034 #EA 2033 6
2035 #EA 1062 1751
2036 #EA 2035 922
2037 #EL #BD 395 2034 2036
2038 #EL #BD 394 1418 2037
2039 #EL #BD 387 0 2038
2040 #EA 2029 2039
2041 #EA 2040 20
2042 #EA 2041 9
2043 #EA 2042 6
2044 #EA 1076 1680
2045 #EL #BD 142 396 2044
2046 #EA 2043 2045
2047 #EA 285 20
2048 #EA 2047 9
2049 #EA 1082 1768
2050 #EC 434 0 0 0
2051 #EA 2050 0
2052 #EA 2051 0
2053 #EA 2052 0
2054 #EC 439 0
2055 #EA 2054 0
2056 #EC 475 
2057 #EA 2055 2056
2058 #EA 2053 2057
2059 #EA 2058 18
2060 #EA 904 892
2061 #EA 906 892
2062 #EA 2060 2061
2063 #EA 2059 2062
2064 #EA 2049 2063
2065 #EA 2064 6
2066 #EL #BD 327 2048 2065
2067 #EL #BD 322 2034 2066
2068 #EL #BD 41 1194 2067
2069 #EL #BD 396 0 2068
2070 #EA 2046 2069
2071 #EL #BD 332 2026 2070
2072 #EL #BD 383 1393 2071
2073 #EL #BI 68 0 2072
2074 #EA 2019 2073
2075 #EZ 379 2008 2012 2074
2076 #EL #BD 383 1387 2075
2077 #EL #BI 68 0 2076
2078 #EL #BI 4 0 2077
#DEF 476 2006 2078 
477 #NS 1 le_of_ble_eq_true
478 #NS 477 _f
2079 #EA 1059 0
2080 #EA 2079 1061
2081 #EA 2080 20
2082 #EA 2081 9
2083 #EP #BD 41 899 2082
2084 #EP #BI 68 0 2083
2085 #EL #BI 4 0 2084
2086 #EA 761 2085
2087 #EA 2086 6
2088 #EA 895 20
2089 #EA 2088 6
2090 #EA 516 2089
2091 #EA 2090 340
2092 #EA 2080 18
2093 #EA 2092 9
2094 #EP #BD 41 2091 2093
2095 #EP #BI 68 0 2094
2096 #EP #BD 30 2087 2095
2097 #EP #BI 4 0 2096
2098 #EC 272 
479 #NI 286 75
2099 #EA 2086 20
2100 #EA 2092 20
2101 #EP #BD 479 2099 2100
2102 #EL #BD 41 899 2101
2103 #EL #BD 283 0 2102
2104 #EL #BD 276 0 2103
2105 #EA 2098 2104
2106 #EA 2105 18
2107 #EA 2106 9
2108 #EA 2107 6
2109 #EA 2086 908
2110 #EC 298 
2111 #EA 2110 20
2112 #EL #BD 479 2109 2111
2113 #EL #BD 41 912 2112
2114 #EL #BD 287 0 2113
2115 #EA 2108 2114
2116 #EA 2086 922
2117 #EC 476 
2118 #EA 2117 18
2119 #EA 2118 20
2120 #EA 1977 9
2121 #EA 2119 2120
2122 #EL #BD 479 2116 2121
2123 #EL #BD 41 921 2122
2124 #EL #BD 289 0 2123
2125 #EL #BD 288 0 2124
2126 #EA 2115 2125
2127 #EA 2126 20
2128 #EL #BD 41 2091 2127
2129 #EL #BI 68 0 2128
2130 #EL #BD 30 2087 2129
2131 #EL #BI 4 0 2130
#DEF 478 2097 2131 
2132 #EP #BI 68 0 2083
2133 #EP #BI 4 0 2132
2134 #EA 796 2085
2135 #EA 2134 20
2136 #EC 478 
2137 #EA 2135 2136
2138 #EA 2137 9
2139 #EA 2138 6
2140 #EL #BD 41 899 2139
2141 #EL #BI 68 0 2140
2142 #EL #BI 4 0 2141
#DEF 477 2133 2142 
480 #NS 0 absurd
481 #NS 0 h₂
2143 #EP #BD 481 128 20
2144 #EP #BD 371 9 2143
2145 #EP #BI 120 16 2144
2146 #EP #BI 33 112 2145
2147 #EC 176 4
482 #NI 53 3867523658
483 #NS 482 _hygCtx
484 #NS 483 _hyg
485 #NI 484 13
2148 #EL #BD 485 114 18
2149 #EA 2147 2148
2150 #EA 2149 485
2151 #EL #BD 481 128 2150
2152 #EL #BD 371 9 2151
2153 #EL #BI 120 16 2152
2154 #EL #BI 33 112 2153
#DEF 480 2146 2154 19
486 #NS 270 ble_eq_true_of_le
487 #NS 486 match_1_7
2155 #EA 2080 9
2156 #EA 2155 6
2157 #EP #BD 41 2156 112
2158 #EP #BI 68 0 2157
488 #NI 279 763333041
489 #NS 488 _hygCtx
490 #NS 489 _hyg
491 #NI 490 26
492 #NI 251 763333041
493 #NS 492 _hygCtx
494 #NS 493 _hyg
495 #NI 494 20
2159 #EA 2081 6
2160 #EA 2080 79
2161 #EA 2160 6
2162 #EL #BD 41 2161 1394
2163 #EL #BI 68 0 2162
2164 #EA 1109 2163
2165 #EA 2164 9
2166 #EA 2165 6
2167 #EP #BD 395 2166 112
2168 #EP #BD 495 2159 2167
2169 #EP #BD 491 0 2168
2170 #EA 2092 6
2171 #EA 2080 169
2172 #EA 2171 6
2173 #EL #BD 41 2172 1407
2174 #EL #BI 68 0 2173
2175 #EA 1148 2174
2176 #EA 2175 9
2177 #EA 2176 6
2178 #EA 2080 306
2179 #EA 2178 6
2180 #EL #BD 41 2179 1419
2181 #EL #BI 68 0 2180
2182 #EA 1416 2181
2183 #EA 1415 2182
2184 #EP #BD 142 396 2183
496 #NI 490 46
2185 #EA 2080 963
2186 #EA 2185 6
2187 #EL #BD 41 2186 1428
2188 #EL #BI 68 0 2187
2189 #EA 1195 2188
2190 #EA 2189 9
2191 #EA 2190 6
2192 #EA 2080 1436
2193 #EA 2192 6
2194 #EL #BD 41 2193 1440
2195 #EL #BI 68 0 2194
2196 #EA 1207 2195
2197 #EA 2196 18
2198 #EA 2197 20
2199 #EA 2198 9
2200 #EA 2199 6
2201 #EA 1435 2200
2202 #EP #BD 327 1200 2201
2203 #EP #BD 322 2191 2202
2204 #EP #BD 41 1194 2203
2205 #EP #BD 496 0 2204
2206 #EP #BD 104 2205 929
2207 #EP #BD 101 2184 2206
2208 #EP #BD 395 2177 2207
2209 #EP #BD 495 2170 2208
2210 #EP #BD 491 0 2209
2211 #EP #BD 23 2169 2210
2212 #EP #BD 379 2158 2211
2213 #EP #BI 4 0 2212
2214 #EA 2080 709
2215 #EA 2214 6
2216 #EL #BD 41 2215 1466
2217 #EL #BI 68 0 2216
2218 #EA 1462 2217
2219 #EA 2080 1202
2220 #EA 2219 6
2221 #EL #BD 41 2220 1473
2222 #EL #BI 68 0 2221
2223 #EA 1233 2222
2224 #EA 2223 9
2225 #EA 2224 6
2226 #EA 2192 709
2227 #EA 989 2226
2228 #EA 2227 306
2229 #EA 2228 1485
2230 #EA 2229 20
2231 #EA 2080 1490
2232 #EA 2231 6
2233 #EL #BD 41 2232 1494
2234 #EL #BI 68 0 2233
2235 #EA 1489 2234
2236 #EA 2235 963
2237 #EA 2236 709
2238 #EA 989 2237
2239 #EA 2238 306
2240 #EA 2235 79
2241 #EA 2240 18
2242 #EA 2239 2241
2243 #EA 2242 20
2244 #EP #BD 41 2243 1508
2245 #EP #BD 41 2230 2244
2246 #EP #BD 41 1480 2245
2247 #EL #BD 50 2225 2246
2248 #EL #BD 24 1232 2247
2249 #EL #BI 37 0 2248
2250 #EA 2218 2249
2251 #EA 2250 79
2252 #EA 2251 18
2253 #EA 2252 20
497 #NI 494 74
2254 #EA 1524 2195
2255 #EA 2254 9
2256 #EA 2255 6
2257 #EA 2192 20
2258 #EA 989 2257
2259 #EA 2258 9
2260 #EA 2259 1531
2261 #EA 2260 1533
2262 #EA 2235 18
2263 #EA 2262 20
2264 #EA 989 2263
2265 #EA 2264 9
2266 #EA 2235 1488
2267 #EA 2266 1540
2268 #EA 2265 2267
2269 #EA 1543 2234
2270 #EA 2268 2269
2271 #EP #BD 41 2270 1548
2272 #EP #BD 41 2261 2271
2273 #EP #BD 395 2256 2272
2274 #EP #BD 495 2186 2273
2275 #EL #BD 491 0 2274
2276 #EA 1523 2275
2277 #EA 2214 709
2278 #EA 2223 963
2279 #EA 2278 6
498 #NI 494 75
2280 #EA 2219 1202
2281 #EA 989 2280
2282 #EA 2281 9
2283 #EA 2282 1562
2284 #EA 2283 1564
2285 #EA 2192 1436
2286 #EA 1566 2285
2287 #EA 2286 1533
2288 #EA 2266 6
2289 #EA 2080 1572
2290 #EA 2289 6
2291 #EL #BD 41 2290 1576
2292 #EL #BI 68 0 2291
2293 #EA 1571 2292
2294 #EA 2293 1490
2295 #EA 2294 9
2296 #EA 989 2295
2297 #EA 2296 6
2298 #EA 2294 1584
2299 #EA 2297 2298
2300 #EA 1587 2292
2301 #EA 2299 2300
2302 #EP #BD 41 2301 1592
2303 #EP #BD 395 2288 2302
2304 #EL #BD 495 2285 2303
2305 #EA 2287 2304
2306 #EA 2080 1488
2307 #EA 2306 6
2308 #EL #BD 41 2307 1601
2309 #EL #BI 68 0 2308
2310 #EA 1597 2309
2311 #EA 2310 1436
2312 #EA 2311 1533
499 #NI 494 77
2313 #EA 989 2267
2314 #EA 2313 6
2315 #EA 2314 2267
2316 #EA 2315 2269
2317 #EA 1566 2298
2318 #EA 2317 2300
2319 #EL #BD 395 2298 1615
2320 #EA 2318 2319
2321 #EA 2320 1618
2322 #EA 2321 9
2323 #EA 1621 2298
2324 #EA 2323 9
2325 #EA 2324 2300
2326 #EA 1625 2298
2327 #EA 2326 9
2328 #EA 2327 2300
2329 #EA 2328 6
2330 #EA 2325 2329
2331 #EA 2322 2330
2332 #EL #BD 499 2316 2331
2333 #EL #BD 395 2312 2332
2334 #EA 2305 2333
2335 #EA 2334 20
2336 #EA 1621 2285
2337 #EA 2336 20
2338 #EA 2337 1533
2339 #EA 1625 2285
2340 #EA 2339 20
2341 #EA 2340 1533
2342 #EA 2341 6
2343 #EA 2338 2342
2344 #EA 2335 2343
2345 #EA 2344 9
2346 #EL #BD 498 2284 2345
2347 #EL #BD 395 2279 2346
2348 #EL #BD 495 2277 2347
2349 #EA 2276 2348
2350 #EA 2349 169
2351 #EA 2350 1655
2352 #EA 2351 79
2353 #EA 2352 18
2354 #EL #BD 497 1520 2353
2355 #EA 2253 2354
500 #NI 490 70
501 #NI 406 763333041
502 #NS 501 _hygCtx
503 #NS 502 _hyg
504 #NI 503 71
505 #NI 413 763333041
506 #NS 505 _hygCtx
507 #NS 506 _hyg
508 #NI 507 72
509 #NI 420 763333041
510 #NS 509 _hygCtx
511 #NS 510 _hyg
512 #NI 511 73
513 #NI 494 79
2356 #EA 2080 1666
2357 #EA 2356 6
2358 #EL #BD 41 2357 1670
2359 #EL #BI 68 0 2358
2360 #EA 1665 2359
2361 #EA 2360 9
2362 #EA 2361 6
2363 #EA 2356 20
2364 #EA 989 2363
2365 #EA 2364 9
2366 #EA 2365 1681
2367 #EA 2366 1685
2368 #EA 2080 1689
2369 #EA 2368 6
2370 #EL #BD 41 2369 1693
2371 #EL #BI 68 0 2370
2372 #EA 1688 2371
2373 #EA 2372 18
2374 #EA 2373 20
2375 #EA 989 2374
2376 #EA 2375 9
2377 #EA 2372 1701
2378 #EA 2377 1705
2379 #EA 2376 2378
2380 #EA 1708 2371
2381 #EA 2380 709
2382 #EA 2381 306
2383 #EA 2382 285
2384 #EA 2383 169
2385 #EA 2379 2384
2386 #EP #BD 41 2385 1717
2387 #EP #BD 41 2367 2386
2388 #EP #BD 395 2362 2387
2389 #EP #BD 495 2232 2388
2390 #EL #BD 491 0 2389
2391 #EA 1664 2390
2392 #EA 2306 1663
2393 #EA 2293 990
2394 #EA 2393 6
514 #NI 494 80
2395 #EA 2289 1727
2396 #EA 989 2395
2397 #EA 2396 9
2398 #EA 2397 1732
2399 #EA 2398 1736
2400 #EA 2356 1680
2401 #EA 1566 2400
2402 #EA 2401 1685
2403 #EA 2377 6
2404 #EA 2080 1743
2405 #EA 2404 6
2406 #EL #BD 41 2405 1747
2407 #EL #BI 68 0 2406
2408 #EA 1742 2407
2409 #EA 2408 1751
2410 #EA 2409 9
2411 #EA 989 2410
2412 #EA 2411 6
2413 #EA 2409 1758
2414 #EA 2412 2413
2415 #EA 1761 2407
2416 #EA 2415 963
2417 #EA 2416 709
2418 #EA 2417 306
2419 #EA 2418 285
2420 #EA 2414 2419
2421 #EP #BD 41 2420 1771
2422 #EP #BD 395 2403 2421
2423 #EL #BD 495 2400 2422
2424 #EA 2402 2423
2425 #EA 2080 1687
2426 #EA 2425 6
2427 #EL #BD 41 2426 1780
2428 #EL #BI 68 0 2427
2429 #EA 1776 2428
2430 #EA 2429 1680
2431 #EA 2430 1685
515 #NI 494 82
2432 #EA 989 2378
2433 #EA 2432 6
2434 #EA 2433 2378
2435 #EA 2434 2384
2436 #EA 1566 2413
2437 #EA 2436 2419
2438 #EL #BD 395 2413 1796
2439 #EA 2437 2438
2440 #EA 2439 1802
2441 #EA 2440 9
2442 #EA 1621 2413
2443 #EA 2442 9
2444 #EA 2443 2419
2445 #EA 1625 2413
2446 #EA 2445 9
2447 #EA 2446 2419
2448 #EA 2447 6
2449 #EA 2444 2448
2450 #EA 2441 2449
2451 #EL #BD 515 2435 2450
2452 #EL #BD 395 2431 2451
2453 #EA 2424 2452
2454 #EA 2453 20
2455 #EA 1621 2400
2456 #EA 2455 20
2457 #EA 2456 1685
2458 #EA 1625 2400
2459 #EA 2458 20
2460 #EA 2459 1685
2461 #EA 2460 6
2462 #EA 2457 2461
2463 #EA 2454 2462
2464 #EA 2463 9
2465 #EL #BD 514 2399 2464
2466 #EL #BD 395 2394 2465
2467 #EL #BD 495 2392 2466
2468 #EA 2391 2467
2469 #EA 2468 963
2470 #EA 2469 1835
2471 #EA 2470 709
2472 #EA 2471 306
2473 #EL #BD 513 1662 2472
2474 #EL #BD 512 1238 2473
2475 #EL #BD 508 2225 2474
2476 #EL #BD 504 1232 2475
2477 #EL #BI 500 0 2476
2478 #EA 2355 2477
2479 #EA 2478 1846
2480 #EA 2178 79
2481 #EA 1031 2480
2482 #EA 2481 18
2483 #EA 2479 2482
2484 #EA 1852 2217
2485 #EA 2484 79
2486 #EA 2485 18
2487 #EA 1031 2486
2488 #EA 2487 20
2489 #EA 2483 2488
2490 #EL #BD 104 2205 2489
2491 #EL #BD 101 2184 2490
2492 #EL #BD 395 2177 2491
2493 #EL #BD 495 2170 2492
2494 #EL #BD 491 0 2493
2495 #EL #BD 23 2169 2494
2496 #EL #BD 379 2158 2495
2497 #EL #BI 4 0 2496
#DEF 487 2213 2497 
516 #NS 270 ble_self_eq_true
517 #NS 516 match_1_1
518 #NI 53 3978381971
519 #NS 518 _hygCtx
520 #NI 519 11
521 #NS 520 Init
522 #NS 521 Prelude
523 #NI 522 3978381971
524 #NS 523 _hygCtx
525 #NS 524 _hyg
526 #NI 525 22
2498 #EA 20 908
2499 #EP #BD 142 396 2498
2500 #EP #BD 101 2499 261
2501 #EP #BD 526 0 2500
2502 #EP #BD 23 208 2501
2503 #EL #BD 101 2499 757
2504 #EL #BD 526 0 2503
2505 #EL #BD 23 208 2504
#DEF 517 2502 2505 
527 #NS 1 ble_self_eq_true
528 #NS 527 _f
529 #NS 519 _hyg
530 #NI 529 11
2506 #EA 936 6
2507 #EA 516 2506
2508 #EA 2507 340
2509 #EL #BD 530 0 2508
2510 #EA 761 2509
2511 #EA 2510 6
2512 #EA 896 9
2513 #EA 516 2512
2514 #EA 2513 340
2515 #EP #BD 30 2511 2514
2516 #EP #BD 530 0 2515
2517 #EC 517 
2518 #EL #BD 526 0 2515
2519 #EA 2517 2518
2520 #EA 2519 9
531 #NI 529 37
2521 #EA 2510 908
2522 #EA 909 908
2523 #EA 564 2522
2524 #EL #BD 531 2521 2523
2525 #EL #BD 142 396 2524
2526 #EA 2520 2525
2527 #EA 2510 258
2528 #EL #BD 531 2527 350
2529 #EL #BD 4 0 2528
2530 #EA 2526 2529
2531 #EA 2530 6
2532 #EL #BD 30 2511 2531
2533 #EL #BD 530 0 2532
#DEF 528 2516 2533 
2534 #EP #BD 4 0 2508
2535 #EA 796 2509
2536 #EA 2535 6
2537 #EC 528 
2538 #EA 2536 2537
2539 #EL #BD 530 0 2538
#DEF 527 2534 2539 
532 #NS 270 ble_succ_eq_true
533 #NS 532 match_1_1
#DEF 533 935 1058 
534 #NS 1 ble_succ_eq_true
535 #NS 534 _f
536 #NI 53 3170508661
537 #NS 536 _hygCtx
538 #NS 537 _hyg
539 #NI 538 23
540 #NI 538 24
541 #NI 538 25
2540 #EA 2088 81
2541 #EA 516 2540
2542 #EA 2541 340
2543 #EP #BD 541 899 2542
2544 #EP #BD 540 0 2543
2545 #EL #BD 539 0 2544
2546 #EA 761 2545
2547 #EA 2546 6
2548 #EA 895 18
2549 #EA 2548 81
2550 #EA 516 2549
2551 #EA 2550 340
2552 #EP #BD 541 2091 2551
2553 #EP #BD 540 0 2552
2554 #EP #BD 30 2547 2553
2555 #EP #BD 539 0 2554
2556 #EC 533 
542 #NI 537 23
543 #NS 542 Init
544 #NS 543 Prelude
545 #NI 544 3170508661
546 #NS 545 _hygCtx
547 #NS 546 _hyg
548 #NI 547 50
549 #NI 537 24
550 #NS 549 Init
551 #NS 550 Prelude
552 #NI 551 3170508661
553 #NS 552 _hygCtx
554 #NS 553 _hyg
555 #NI 554 53
556 #NI 537 25
557 #NS 556 Init
558 #NS 557 Prelude
559 #NI 558 3170508661
560 #NS 559 _hygCtx
561 #NS 560 _hyg
562 #NI 561 56
563 #NI 538 99
2557 #EA 2546 20
2558 #EA 2548 922
2559 #EA 516 2558
2560 #EA 2559 340
2561 #EP #BD 563 2557 2560
2562 #EL #BD 562 899 2561
2563 #EL #BD 555 0 2562
2564 #EL #BD 548 0 2563
2565 #EA 2556 2564
2566 #EA 2565 18
2567 #EA 2566 9
2568 #EA 2567 6
564 #NI 538 66
565 #NI 538 65
2569 #EA 2546 908
2570 #EA 909 922
2571 #EA 564 2570
2572 #EL #BD 563 2569 2571
2573 #EL #BD 565 912 2572
2574 #EL #BD 564 0 2573
2575 #EA 2568 2574
566 #NI 107 3170508661
567 #NS 566 _hygCtx
568 #NS 567 _hyg
569 #NI 568 82
2576 #EA 2546 922
2577 #EL #BD 563 2576 2120
2578 #EL #BD 41 921 2577
2579 #EL #BD 569 0 2578
2580 #EL #BD 4 0 2579
2581 #EA 2575 2580
2582 #EA 2581 20
2583 #EL #BD 541 2091 2582
2584 #EL #BD 540 0 2583
2585 #EL #BD 30 2547 2584
2586 #EL #BD 539 0 2585
#DEF 535 2555 2586 
2587 #EP #BI 4 0 2544
2588 #EA 796 2545
2589 #EA 2588 20
2590 #EC 535 
2591 #EA 2589 2590
2592 #EA 2591 9
2593 #EA 2592 6
2594 #EL #BD 541 899 2593
2595 #EL #BD 540 0 2594
2596 #EL #BD 539 0 2595
#DEF 534 2587 2596 
570 #NS 1 ble_eq_true_of_le
2597 #EA 2088 9
2598 #EA 516 2597
2599 #EA 2598 340
2600 #EP #BD 41 2156 2599
2601 #EP #BI 68 0 2600
2602 #EP #BI 4 0 2601
2603 #EP #BD 41 2170 112
2604 #EP #BI 68 0 2603
2605 #EA 895 79
2606 #EA 2605 9
2607 #EA 516 2606
2608 #EA 2607 340
2609 #EL #BD 41 2170 2608
2610 #EL #BI 68 0 2609
2611 #EL #BD 41 2161 313
2612 #EL #BI 68 0 2611
2613 #EA 2014 2612
2614 #EA 2613 20
2615 #EA 2614 9
2616 #EA 2080 285
2617 #EA 2616 6
2618 #EL #BD 41 2617 1394
2619 #EL #BI 68 0 2618
2620 #EA 1113 2619
2621 #EA 2620 9
2622 #EA 2621 6
2623 #EC 487 
2624 #EA 2623 285
2625 #EA 2624 18
2626 #EL #BD 41 2186 1419
2627 #EL #BI 68 0 2626
2628 #EA 1195 2627
2629 #EA 2628 9
2630 #EA 2629 6
2631 #EA 895 963
2632 #EA 2631 20
2633 #EA 516 2632
2634 #EA 2633 340
2635 #EL #BD 395 2630 2634
2636 #EL #BD 495 2179 2635
2637 #EL #BD 491 0 2636
2638 #EA 2625 2637
2639 #EA 2638 20
2640 #EA 2639 9
2641 #EA 2640 6
2642 #EC 527 
2643 #EA 2642 306
2644 #EL #BD 142 396 2643
2645 #EA 2641 2644
2646 #EC 534 
2647 #EA 2646 1202
2648 #EA 2647 18
2649 #EA 2648 6
2650 #EL #BD 327 2048 2649
2651 #EL #BD 322 2630 2650
2652 #EL #BD 41 1194 2651
2653 #EL #BD 496 0 2652
2654 #EA 2645 2653
2655 #EL #BD 332 2622 2654
2656 #EL #BD 41 2161 2655
2657 #EL #BI 68 0 2656
2658 #EA 2615 2657
2659 #EZ 379 2604 2610 2658
2660 #EL #BD 41 2156 2659
2661 #EL #BI 68 0 2660
2662 #EL #BI 4 0 2661
#DEF 570 2602 2662 
571 #NS 1 not_le_of_not_ble_eq_true
2663 #EA 117 899
2664 #EA 117 2082
2665 #EP #BD 41 2663 2664
2666 #EP #BI 68 0 2665
2667 #EP #BI 4 0 2666
572 #NS 0 h'
2668 #EC 480 0
2669 #EA 2548 20
2670 #EA 516 2669
2671 #EA 2670 340
2672 #EA 2668 2671
2673 #EA 2672 114
2674 #EC 570 
2675 #EA 2674 18
2676 #EA 2675 20
2677 #EA 2676 6
2678 #EA 2673 2677
2679 #EA 2678 9
2680 #EL #BD 572 2082 2679
2681 #EL #BD 41 2663 2680
2682 #EL #BI 68 0 2681
2683 #EL #BI 4 0 2682
#DEF 571 2667 2683 
573 #NS 1 decLe
2684 #EA 119 2156
2685 #EP #BD 68 0 2684
2686 #EP #BD 4 0 2685
2687 #EC 76 1
2688 #EA 2687 2684
2689 #EA 2688 899
2690 #EC 164 
2691 #EA 2690 897
2692 #EA 2691 340
2693 #EA 2689 2692
2694 #EA 134 2082
2695 #EC 477 
2696 #EA 2695 20
2697 #EA 2696 9
2698 #EA 2697 6
2699 #EA 2694 2698
2700 #EL #BD 41 899 2699
2701 #EA 2693 2700
2702 #EA 129 2082
2703 #EC 571 
2704 #EA 2703 20
2705 #EA 2704 9
2706 #EA 2705 6
2707 #EA 2702 2706
2708 #EL #BD 41 2663 2707
2709 #EA 2701 2708
2710 #EL #BD 68 0 2709
2711 #EL #BD 4 0 2710
#DEF 573 2686 2711 
574 #NS 1 decLt
2712 #EC 63 0
2713 #EA 2712 0
2714 #EC 70 
2715 #EA 2713 2714
2716 #EA 2715 9
2717 #EA 2716 6
2718 #EA 119 2717
2719 #EP #BD 68 0 2718
2720 #EP #BD 4 0 2719
2721 #EC 573 
2722 #EA 2721 81
2723 #EA 2722 6
2724 #EL #BD 68 0 2723
2725 #EL #BD 4 0 2724
#DEF 574 2720 2725 
575 #NS 0 Prosa
576 #NS 575 Util
577 #NS 576 SearchArg
578 #NS 577 search_arg
579 #NS 578 match_3
2726 #EP #BD 23 277 2501
580 #NS 135 Prosa
581 #NS 580 Util
582 #NS 581 SearchArg
583 #NI 582 1194379719
584 #NS 583 _hygCtx
585 #NS 584 _hyg
586 #NI 585 33
2727 #EA 298 751
2728 #EA 2727 20
2729 #EA 2728 443
2730 #EA 2729 755
2731 #EL #BD 104 260 2730
2732 #EL #BD 101 2499 2731
2733 #EL #BD 586 0 2732
2734 #EL #BD 23 277 2733
#DEF 579 2726 2734 79
587 #NS 8 casesOn
2735 #EP #BD 24 7 249
588 #NS 0 none
2736 #EC 9 2
2737 #EA 2736 20
2738 #EA 9 2737
589 #NS 0 some
2739 #EC 12 2
2740 #EA 2739 79
2741 #EA 2740 6
2742 #EA 18 2741
2743 #EP #BD 13 18 2742
2744 #EP #BD 589 2743 139
2745 #EP #BD 588 2738 2744
2746 #EP #BD 24 10 2745
2747 #EP #BI 23 2735 2746
2748 #EP #BI 10 4 2747
590 #NS 8 rec
2749 #EC 590 8 2
2750 #EA 2749 79
2751 #EA 2750 18
2752 #EA 2751 9
2753 #EA 2752 153
2754 #EA 2753 20
2755 #EL #BD 589 2743 2754
2756 #EL #BD 588 2738 2755
2757 #EL #BD 24 10 2756
2758 #EL #BI 23 2735 2757
2759 #EL #BI 10 4 2758
#DEF 587 2748 2759 79 11
591 #NS 578 match_1
592 #NS 51 Prosa
593 #NS 592 Util
594 #NS 593 SearchArg
595 #NI 594 1194379719
596 #NS 595 _hygCtx
597 #NS 596 _hyg
598 #NI 597 55
2760 #EC 8 0
2761 #EA 2760 0
2762 #EP #BD 598 2761 249
2763 #EC 9 0
2764 #EA 2763 0
2765 #EA 20 2764
2766 #EP #BD 142 396 2765
2767 #EC 12 0
2768 #EA 2767 0
2769 #EA 2768 6
2770 #EA 18 2769
2771 #EP #BD 50 0 2770
2772 #EP #BD 104 2771 139
2773 #EP #BD 101 2766 2772
2774 #EP #BD 598 2761 2773
2775 #EP #BD 23 2762 2774
2776 #EC 587 8 0
2777 #EA 2776 0
2778 #EL #BD 50 2761 268
2779 #EA 2777 2778
2780 #EA 2779 20
2781 #EA 2780 443
2782 #EA 2781 755
2783 #EL #BD 104 2771 2782
2784 #EL #BD 101 2766 2783
2785 #EL #BD 598 2761 2784
2786 #EL #BD 23 2762 2785
#DEF 591 2775 2786 79
599 #NS 5 and
600 #NS 599 match_1
601 #NI 53 2579035302
602 #NS 601 _hygCtx
603 #NS 602 _hyg
604 #NI 603 8
2787 #EA 20 345
2788 #EP #BD 142 396 2787
2789 #EA 18 340
2790 #EP #BD 142 396 2789
2791 #EP #BD 104 2790 139
2792 #EP #BD 101 2788 2791
2793 #EP #BD 604 3 2792
2794 #EP #BD 23 398 2793
2795 #EL #BD 50 3 268
2796 #EA 421 2795
2797 #EA 2796 20
2798 #EA 2797 443
2799 #EA 2798 445
2800 #EL #BD 104 2790 2799
2801 #EL #BD 101 2788 2800
2802 #EL #BD 604 3 2801
2803 #EL #BD 23 398 2802
#DEF 600 2794 2803 79
605 #NS 0 y
2804 #EP #BD 605 3 3
2805 #EP #BD 50 3 2804
2806 #EC 600 1
2807 #EL #BD 604 3 3
2808 #EA 2806 2807
2809 #EA 2808 9
2810 #EL #BD 142 396 345
2811 #EA 2809 2810
2812 #EL #BD 142 396 9
2813 #EA 2811 2812
2814 #EL #BD 605 3 2813
2815 #EL #BD 50 3 2814
#DEF 599 2805 2815 
606 #NS 578 _f
607 #NS 0 T
2816 #EP #BD 37 0 9
2817 #EP #BD 37 9 3
608 #NS 0 R
2818 #EP #BD 37 18 3
2819 #EP #BD 37 20 2818
2820 #EL #BD 120 0 2761
2821 #EA 324 2820
2822 #EA 2821 6
2823 #EP #BD 30 2822 2761
2824 #EP #BD 120 0 2823
2825 #EP #BD 33 0 2824
2826 #EP #BD 608 2819 2825
2827 #EP #BD 146 2817 2826
2828 #EP #BD 30 2816 2827
2829 #EP #BI 607 1912 2828
2830 #EC 47 1
2831 #EA 2830 2761
2832 #EA 2712 0
2833 #EA 2832 2714
2834 #EA 2833 20
2835 #EA 2834 9
2836 #EA 2831 2835
2837 #EC 574 
2838 #EA 2837 20
2839 #EA 2838 9
2840 #EA 2836 2839
2841 #EC 579 1
2842 #EL #BD 586 0 2823
2843 #EA 2841 2842
2844 #EA 2843 9
609 #NI 597 112
2845 #EA 2821 908
2846 #EL #BD 609 2845 2764
2847 #EL #BD 142 396 2846
2848 #EA 2844 2847
610 #NS 0 b'
2849 #EA 2821 258
2850 #EC 591 1
2851 #EL #BD 598 2761 2761
2852 #EA 2850 2851
2853 #EA 2852 350
2854 #EA 306 1199
2855 #EA 516 2854
2856 #EA 2855 340
2857 #EA 2831 2856
2858 #EA 2690 2854
2859 #EA 2858 340
2860 #EA 2857 2859
2861 #EA 2768 20
2862 #EA 2860 2861
2863 #EA 2862 2764
2864 #EL #BD 142 396 2863
2865 #EA 2853 2864
2866 #EC 599 
2867 #EA 2866 2854
2868 #EA 285 1199
2869 #EA 709 6
2870 #EA 2868 2869
2871 #EA 2867 2870
2872 #EA 516 2871
2873 #EA 2872 340
2874 #EA 2831 2873
2875 #EA 2690 2871
2876 #EA 2875 340
2877 #EA 2874 2876
2878 #EA 2877 2861
2879 #EA 2878 2769
2880 #EL #BD 50 0 2879
2881 #EA 2865 2880
2882 #EL #BD 609 2849 2881
2883 #EL #BD 610 0 2882
2884 #EA 2848 2883
2885 #EA 2884 6
2886 #EA 2840 2885
2887 #EA 2886 2764
2888 #EL #BD 30 2822 2887
2889 #EL #BD 120 0 2888
2890 #EL #BD 33 0 2889
2891 #EL #BD 608 2819 2890
2892 #EL #BD 146 2817 2891
2893 #EL #BD 30 2816 2892
2894 #EL #BI 607 1912 2893
#DEF 606 2829 2894 79
2895 #EP #BD 120 0 2761
2896 #EP #BD 33 0 2895
2897 #EP #BD 608 2819 2896
2898 #EP #BD 146 2817 2897
2899 #EP #BD 30 2816 2898
2900 #EP #BI 607 1912 2899
2901 #EA 362 2820
2902 #EA 2901 6
2903 #EC 606 8
2904 #EA 2903 169
2905 #EA 2904 79
2906 #EA 2905 18
2907 #EA 2906 20
2908 #EA 2907 9
2909 #EA 2902 2908
2910 #EL #BD 120 0 2909
2911 #EL #BD 33 0 2910
2912 #EL #BD 608 2819 2911
2913 #EL #BD 146 2817 2912
2914 #EL #BD 30 2816 2913
2915 #EL #BI 607 1912 2914
#DEF 578 2900 2915 79
611 #NS 578 eq_1
2916 #EA 515 2761
2917 #EC 578 8
2918 #EA 2917 79
2919 #EA 2918 18
2920 #EA 2919 20
2921 #EA 2920 9
2922 #EA 2921 6
2923 #EA 2922 908
2924 #EA 2916 2923
2925 #EA 2833 6
2926 #EA 2925 908
2927 #EA 2831 2926
2928 #EA 2837 6
2929 #EA 2928 908
2930 #EA 2927 2929
2931 #EA 2930 2764
2932 #EA 2931 2764
2933 #EA 2924 2932
2934 #EP #BD 33 0 2933
2935 #EP #BD 608 2819 2934
2936 #EP #BD 146 2817 2935
2937 #EP #BD 30 2816 2936
2938 #EP #BI 607 1912 2937
2939 #EA 1013 2761
2940 #EA 2939 2923
2941 #EL #BD 33 0 2940
2942 #EL #BD 608 2819 2941
2943 #EL #BD 146 2817 2942
2944 #EL #BD 30 2816 2943
2945 #EL #BI 607 1912 2944
#DEF 611 2938 2945 79
612 #NS 578 eq_2
2946 #EA 2917 169
2947 #EA 2946 79
2948 #EA 2947 18
2949 #EA 2948 20
2950 #EA 2949 9
2951 #EA 2950 258
2952 #EA 2916 2951
2953 #EA 2833 9
2954 #EA 2953 258
2955 #EA 2831 2954
2956 #EA 2837 9
2957 #EA 2956 258
2958 #EA 2955 2957
2959 #EA 2950 6
2960 #EA 2852 2959
2961 #EA 79 502
2962 #EA 516 2961
2963 #EA 2962 340
2964 #EA 2831 2963
2965 #EA 2690 2961
2966 #EA 2965 340
2967 #EA 2964 2966
2968 #EA 2768 9
2969 #EA 2967 2968
2970 #EA 2969 2764
2971 #EL #BD 142 396 2970
2972 #EA 2960 2971
2973 #EA 2866 2961
2974 #EA 18 502
2975 #EA 169 6
2976 #EA 2974 2975
2977 #EA 2973 2976
2978 #EA 516 2977
2979 #EA 2978 340
2980 #EA 2831 2979
2981 #EA 2690 2977
2982 #EA 2981 340
2983 #EA 2980 2982
2984 #EA 2983 2968
2985 #EA 2984 2769
2986 #EL #BD 50 0 2985
2987 #EA 2972 2986
2988 #EA 2958 2987
2989 #EA 2988 2764
2990 #EA 2952 2989
2991 #EP #BD 610 0 2990
2992 #EP #BD 33 0 2991
2993 #EP #BD 608 2819 2992
2994 #EP #BD 146 2817 2993
2995 #EP #BD 30 2816 2994
2996 #EP #BI 607 1912 2995
2997 #EA 2939 2951
2998 #EL #BD 610 0 2997
2999 #EL #BD 33 0 2998
3000 #EL #BD 608 2819 2999
3001 #EL #BD 146 2817 3000
3002 #EL #BD 30 2816 3001
3003 #EL #BI 607 1912 3002
#DEF 612 2996 3003 79
613 #NS 0 Iff
614 #NS 613 intro
615 #NS 0 mp
3004 #EP #BD 37 9 9
616 #NS 0 mpr
3005 #EC 613 
3006 #EA 3005 18
3007 #EA 3006 20
3008 #EP #BD 616 235 3007
3009 #EP #BD 615 3004 3008
3010 #EP #BI 120 112 3009
3011 #EP #BI 33 112 3010
3012 #EP #BD 33 112 113
#IND 2 613 3012 1 614 3011 
617 #NS 0 Exists
618 #NS 617 intro
3013 #EC 617 2
3014 #EA 3013 18
3015 #EA 3014 20
3016 #EP #BD 41 152 3015
3017 #EP #BD 432 9 3016
3018 #EP #BI 40 674 3017
3019 #EP #BI 10 15 3018
3020 #EP #BD 40 674 112
3021 #EP #BI 10 15 3020
#IND 2 617 3021 1 618 3019 11
619 #NS 0 Or
620 #NS 619 inl
3022 #EC 619 
3023 #EA 3022 20
3024 #EA 3023 9
3025 #EP #BD 41 9 3024
3026 #EP #BI 120 112 3025
3027 #EP #BI 33 112 3026
621 #NS 619 inr
3028 #EP #BD 41 6 3024
3029 #EP #BI 120 112 3028
3030 #EP #BI 33 112 3029
#IND 2 619 3012 2 620 3027 621 3030 
622 #NS 619 casesOn
3031 #EA 3022 9
3032 #EA 3031 6
3033 #EP #BD 24 3032 112
623 #NS 0 inl
3034 #EC 620 
3035 #EA 3034 79
3036 #EA 3035 18
3037 #EA 3036 6
3038 #EA 20 3037
3039 #EP #BD 41 18 3038
624 #NS 0 inr
3040 #EC 621 
3041 #EA 3040 169
3042 #EA 3041 79
3043 #EA 3042 6
3044 #EA 18 3043
3045 #EP #BD 41 18 3044
3046 #EP #BD 624 3045 139
3047 #EP #BD 623 3039 3046
3048 #EP #BD 24 3024 3047
3049 #EP #BI 23 3033 3048
3050 #EP #BI 120 112 3049
3051 #EP #BI 33 112 3050
625 #NS 619 rec
3052 #EC 625 
3053 #EA 3052 169
3054 #EA 3053 79
3055 #EA 3054 18
3056 #EL #BD 41 169 149
3057 #EA 3055 3056
3058 #EA 3057 153
3059 #EA 3058 20
3060 #EL #BD 624 3045 3059
3061 #EL #BD 623 3039 3060
3062 #EL #BD 24 3024 3061
3063 #EL #BI 23 3033 3062
3064 #EL #BI 120 112 3063
3065 #EL #BI 33 112 3064
#DEF 622 3051 3065 
626 #NS 220 Or
627 #NS 626 elim
628 #NS 627 match_1_1
629 #NI 251 2135250727
630 #NS 629 _hygCtx
631 #NS 630 _hyg
632 #NI 631 23
3066 #EC 622 
3067 #EA 3066 169
3068 #EA 3067 79
3069 #EA 3022 169
3070 #EA 3069 79
3071 #EL #BD 50 3070 268
3072 #EA 3068 3071
3073 #EA 3072 20
3074 #EA 3073 3056
3075 #EA 3074 153
3076 #EL #BD 104 3045 3075
3077 #EL #BD 101 3039 3076
3078 #EL #BD 632 3024 3077
3079 #EL #BD 23 3033 3078
3080 #EL #BI 120 112 3079
3081 #EL #BI 33 112 3080
#DEF 628 3051 3081 
633 #NS 619 elim
634 #NS 0 left
3082 #EP #BD 37 18 20
635 #NS 0 right
3083 #EP #BD 635 802 18
3084 #EP #BD 634 3082 3083
3085 #EP #BD 41 3024 3084
3086 #EP #BI 48 112 3085
3087 #EP #BI 120 112 3086
3088 #EP #BI 33 112 3087
3089 #EC 628 
3090 #EA 3089 169
3091 #EA 3090 79
3092 #EL #BD 632 3070 79
3093 #EA 3091 3092
3094 #EA 3093 20
3095 #EA 3094 3056
3096 #EA 3095 153
3097 #EL #BD 635 802 3096
3098 #EL #BD 634 3082 3097
3099 #EL #BD 41 3024 3098
3100 #EL #BI 48 112 3099
3101 #EL #BI 120 112 3100
3102 #EL #BI 33 112 3101
#DEF 633 3088 3102 
636 #NS 65 casesOn
3103 #EA 1076 18
3104 #EA 304 3103
3105 #EA 169 81
3106 #EA 1082 285
3107 #EA 3106 9
3108 #EA 3107 6
3109 #EA 3105 3108
3110 #EP #BD 37 1156 3109
3111 #EP #BI 68 0 3110
3112 #EP #BD 336 3111 1940
3113 #EP #BD 182 3104 3112
3114 #EP #BD 24 1108 3113
3115 #EP #BI 37 0 3114
3116 #EP #BI 23 1099 3115
3117 #EP #BI 4 0 3116
3118 #EA 1146 169
3119 #EA 3118 79
3120 #EA 3119 9
3121 #EA 197 285
3122 #EA 3121 6
3123 #EA 285 9
3124 #EA 3123 6
3125 #EL #BD 327 3124 647
3126 #EL #BD 37 3122 3125
3127 #EL #BI 68 0 3126
3128 #EA 3120 3127
3129 #EA 3128 18
3130 #EA 3129 20
3131 #EL #BD 336 3111 3130
3132 #EL #BD 182 3104 3131
3133 #EL #BD 24 1108 3132
3134 #EL #BI 37 0 3133
3135 #EL #BI 23 1099 3134
3136 #EL #BI 4 0 3135
#DEF 636 3117 3136 
637 #NS 270 le_antisymm
638 #NS 637 match_1_1
639 #NI 279 1392848918
640 #NS 639 _hygCtx
641 #NS 640 _hyg
642 #NI 641 22
643 #NS 371 _@
644 #NS 643 Init
645 #NS 644 Prelude
646 #NI 645 1392848918
647 #NS 646 _hygCtx
648 #NS 647 _hyg
649 #NI 648 16
3137 #EA 1386 20
3138 #EP #BD 481 3137 112
3139 #EP #BD 649 1387 3138
3140 #EP #BD 642 0 3139
3141 #EA 1386 18
3142 #EA 1392 79
3143 #EA 79 169
3144 #EA 3143 1188
3145 #EA 3144 6
3146 #EP #BD 481 3142 3145
650 #NI 641 51
3147 #EA 1062 81
3148 #EA 3147 306
3149 #EA 306 922
3150 #EA 1082 709
3151 #EA 3150 20
3152 #EA 3151 9
3153 #EA 3149 3152
3154 #EA 3153 6
3155 #EP #BD 481 3148 3154
3156 #EP #BD 41 3122 3155
3157 #EP #BD 650 0 3156
3158 #EP #BD 104 3157 929
3159 #EP #BD 101 3146 3158
3160 #EP #BD 481 3141 3159
3161 #EP #BD 649 1391 3160
3162 #EP #BD 642 0 3161
3163 #EP #BD 23 3140 3162
3164 #EP #BI 4 0 3163
3165 #EC 636 
3166 #EA 3165 285
3167 #EA 858 285
3168 #EA 3167 9
3169 #EA 1425 306
3170 #EA 989 3169
3171 #EA 3170 285
3172 #EA 197 963
3173 #EA 3172 20
3174 #EA 3171 3173
3175 #EA 3174 9
3176 #EA 963 709
3177 #EA 3176 306
3178 #EA 3177 285
3179 #EP #BD 41 3175 3178
3180 #EP #BD 41 3168 3179
3181 #EL #BD 50 1194 3180
3182 #EL #BD 37 0 3181
3183 #EA 3166 3182
3184 #EA 3183 79
3185 #EA 3184 18
651 #NI 251 1392848918
652 #NS 651 _hygCtx
653 #NS 652 _hyg
654 #NI 653 70
3186 #EA 1519 285
3187 #EA 1522 306
3188 #EA 1386 963
3189 #EA 1470 20
3190 #EA 989 3189
3191 #EA 3190 9
3192 #EA 3191 1562
3193 #EA 3192 1564
3194 #EA 1202 18
3195 #EA 3194 20
3196 #EA 3195 9
3197 #EP #BD 41 3193 3196
3198 #EP #BD 481 3188 3197
3199 #EP #BD 649 1464 3198
3200 #EL #BD 642 0 3199
3201 #EA 3187 3200
3202 #EA 1417 306
655 #NI 653 71
3203 #EA 1425 963
3204 #EA 989 3203
3205 #EA 3204 9
3206 #EA 3172 963
3207 #EA 3205 3206
3208 #EA 1076 963
3209 #EA 3207 3208
3210 #EA 1566 1558
3211 #EA 3210 1564
3212 #EA 1202 1436
3213 #EA 3212 6
3214 #EA 3213 20
3215 #EL #BD 649 1558 3214
3216 #EA 3211 3215
3217 #EA 3216 502
3218 #EA 3217 20
3219 #EA 1621 1558
3220 #EA 3219 20
3221 #EA 3220 1564
3222 #EA 1625 1558
3223 #EA 3222 20
3224 #EA 3223 1564
3225 #EA 3224 6
3226 #EA 3221 3225
3227 #EA 3218 3226
3228 #EL #BD 655 3209 3227
3229 #EL #BD 481 1555 3228
3230 #EL #BD 649 3202 3229
3231 #EA 3201 3230
3232 #EA 3231 169
3233 #EA 1653 306
3234 #EA 3233 6
3235 #EA 3232 3234
3236 #EA 3235 79
3237 #EA 3236 18
3238 #EL #BD 654 3186 3237
3239 #EA 3185 3238
656 #NI 641 68
657 #NI 406 1392848918
658 #NS 657 _hygCtx
659 #NS 658 _hyg
660 #NI 659 69
661 #NI 653 73
3240 #EA 3167 81
3241 #EA 1522 922
3242 #EA 1386 1436
3243 #EA 1598 20
3244 #EA 989 3243
3245 #EA 3244 9
3246 #EA 197 1488
3247 #EA 3246 990
3248 #EA 3245 3247
3249 #EA 1082 1488
3250 #EA 3249 169
3251 #EA 3250 79
3252 #EA 3248 3251
3253 #EA 1488 18
3254 #EA 3253 20
3255 #EA 3254 9
3256 #EP #BD 41 3252 3255
3257 #EP #BD 481 3242 3256
3258 #EP #BD 649 1471 3257
3259 #EL #BD 642 0 3258
3260 #EA 3241 3259
3261 #EA 1425 922
3262 #EA 1062 964
3263 #EA 3262 1202
662 #NI 653 74
3264 #EA 1437 1663
3265 #EA 989 3264
3266 #EA 3265 9
3267 #EA 1484 1663
3268 #EA 3266 3267
3269 #EA 1082 1436
3270 #EA 3269 79
3271 #EA 3270 18
3272 #EA 3268 3271
3273 #EA 1598 990
3274 #EA 1566 3273
3275 #EA 3274 3251
3276 #EA 1488 1727
3277 #EA 3276 6
3278 #EA 3277 20
3279 #EL #BD 649 3273 3278
3280 #EA 3275 3279
3281 #EA 413 9
3282 #EA 3280 3281
3283 #EA 3282 20
3284 #EA 1621 3273
3285 #EA 3284 20
3286 #EA 3285 3251
3287 #EA 1625 3273
3288 #EA 3287 20
3289 #EA 3288 3251
3290 #EA 3289 6
3291 #EA 3286 3290
3292 #EA 3283 3291
3293 #EL #BD 662 3272 3292
3294 #EL #BD 481 3263 3293
3295 #EL #BD 649 3261 3294
3296 #EA 3260 3295
3297 #EA 3296 306
3298 #EA 1652 306
3299 #EA 3298 922
3300 #EA 3299 6
3301 #EA 3297 3300
3302 #EA 3301 285
3303 #EA 3302 169
3304 #EL #BD 661 3240 3303
3305 #EL #BD 660 1194 3304
3306 #EL #BI 656 0 3305
3307 #EA 3239 3306
3308 #EA 3307 1846
3309 #EA 2020 79
3310 #EA 1031 3309
3311 #EA 3310 18
3312 #EA 3308 3311
3313 #EL #BD 104 3157 3312
3314 #EL #BD 101 3146 3313
3315 #EL #BD 481 3141 3314
3316 #EL #BD 649 1391 3315
3317 #EL #BD 642 0 3316
3318 #EL #BD 23 3140 3317
3319 #EL #BI 4 0 3318
#DEF 638 3164 3319 
663 #NS 270 le_trans
664 #NS 663 match_1_10
665 #NI 53 2514409987
666 #NS 665 _hygCtx
667 #NS 666 _hyg
668 #NI 667 16
3320 #EA 1390 9
669 #NI 667 17
3321 #EP #BD 669 3320 112
3322 #EP #BD 668 3320 3321
3323 #EP #BI 163 0 3322
670 #NS 163 _@
671 #NS 670 Init
672 #NS 671 Prelude
673 #NI 672 2514409987
674 #NS 673 _hygCtx
675 #NS 674 _hyg
676 #NI 675 46
677 #NI 666 16
678 #NS 677 Init
679 #NS 678 Prelude
680 #NI 679 2514409987
681 #NS 680 _hygCtx
682 #NS 681 _hyg
683 #NI 682 35
3324 #EA 1403 20
684 #NI 666 17
685 #NS 684 Init
686 #NS 685 Prelude
687 #NI 686 2514409987
688 #NS 687 _hygCtx
689 #NS 688 _hyg
690 #NI 689 38
3325 #EA 1403 9
3326 #EA 1417 285
3327 #EA 2047 6
3328 #EA 3327 9
3329 #EP #BD 668 3326 3328
3330 #EL #BD 669 1406 3329
3331 #EL #BI 163 0 3330
3332 #EA 1148 3331
3333 #EA 3332 20
3334 #EA 3333 6
3335 #EP #BD 395 3334 112
3336 #EP #BD 690 3325 3335
3337 #EP #BD 683 3324 3336
3338 #EP #BD 676 0 3337
3339 #EA 1392 18
3340 #EA 1392 9
3341 #EA 1463 306
3342 #EA 306 20
3343 #EA 3342 6
3344 #EA 3343 9
3345 #EP #BD 668 3341 3344
3346 #EL #BD 669 2021 3345
3347 #EL #BI 163 0 3346
3348 #EA 1113 3347
3349 #EA 3348 20
3350 #EA 3349 6
3351 #EA 169 306
3352 #EA 3351 6
3353 #EA 1076 306
3354 #EA 3352 3353
3355 #EA 1151 306
3356 #EA 1470 963
3357 #EA 1237 6
3358 #EA 3357 9
3359 #EP #BD 668 3356 3358
3360 #EL #BD 669 1464 3359
3361 #EL #BI 163 0 3360
3362 #EA 3355 3361
3363 #EA 3354 3362
3364 #EP #BD 41 3326 3363
691 #NI 279 2514409987
692 #NS 691 _hygCtx
693 #NS 692 _hyg
694 #NI 693 71
3365 #EA 3172 6
3366 #EA 1491 1488
3367 #EA 1488 20
3368 #EA 3367 6
3369 #EA 3368 9
3370 #EP #BD 668 3366 3369
3371 #EL #BD 669 1438 3370
3372 #EL #BI 163 0 3371
3373 #EA 1524 3372
3374 #EA 3373 9
3375 #EA 3374 6
3376 #EA 1598 1436
3377 #EA 1436 18
3378 #EA 3377 6
3379 #EA 3378 20
3380 #EP #BD 668 3376 3379
3381 #EA 1202 964
3382 #EA 3381 79
3383 #EA 3249 18
3384 #EA 3383 20
3385 #EA 3382 3384
3386 #EA 1161 1488
3387 #EA 1667 1572
3388 #EA 1572 20
3389 #EA 3388 6
3390 #EA 3389 9
3391 #EP #BD 668 3387 3390
3392 #EL #BD 669 1492 3391
3393 #EL #BI 163 0 3392
3394 #EA 3386 3393
3395 #EA 3394 18
3396 #EA 3395 20
3397 #EA 3396 9
3398 #EA 3397 6
3399 #EA 3385 3398
3400 #EP #BD 327 3380 3399
3401 #EP #BD 322 3375 3400
3402 #EP #BD 481 3365 3401
3403 #EP #BD 694 0 3402
3404 #EP #BD 371 3341 3403
3405 #EA 413 18
3406 #EA 3405 20
3407 #EP #BD 104 3404 3406
3408 #EP #BD 101 3364 3407
3409 #EP #BD 395 3350 3408
3410 #EP #BD 690 3340 3409
3411 #EP #BD 683 3339 3410
3412 #EP #BD 676 0 3411
3413 #EP #BD 23 3338 3412
3414 #EP #BD 379 3323 3413
3415 #EP #BI 68 0 3414
3416 #EP #BI 4 0 3415
3417 #EA 1461 709
3418 #EA 1437 1202
3419 #EA 1202 20
3420 #EA 3419 6
3421 #EA 3420 9
3422 #EP #BD 668 3418 3421
3423 #EL #BD 669 1426 3422
3424 #EL #BI 163 0 3423
3425 #EA 3417 3424
3426 #EA 1661 20
3427 #EA 1598 963
3428 #EA 989 3427
3429 #EA 3428 306
3430 #EA 3246 18
3431 #EA 3429 3430
3432 #EA 3431 20
3433 #EA 1777 1666
3434 #EA 1666 20
3435 #EA 3434 6
3436 #EA 3435 9
3437 #EP #BD 668 3433 3436
3438 #EL #BD 669 1574 3437
3439 #EL #BI 163 0 3438
3440 #EA 1571 3439
3441 #EA 3440 1202
3442 #EA 3441 709
3443 #EA 989 3442
3444 #EA 3443 306
3445 #EA 3440 79
3446 #EA 3445 18
3447 #EA 3444 3446
3448 #EA 3447 20
3449 #EA 1488 1436
3450 #EA 3449 1202
3451 #EA 3450 963
3452 #EA 3451 709
3453 #EP #BD 41 3448 3452
3454 #EP #BD 41 3432 3453
3455 #EP #BD 41 3426 3454
3456 #EL #BD 50 3375 3455
3457 #EL #BD 24 3365 3456
3458 #EL #BI 37 0 3457
3459 #EA 3425 3458
3460 #EA 3459 169
3461 #EA 3460 18
3462 #EA 3461 20
695 #NI 251 2514409987
696 #NS 695 _hygCtx
697 #NS 696 _hyg
698 #NI 697 124
3463 #EA 858 169
3464 #EA 3463 709
3465 #EA 1522 963
3466 #EA 1573 1490
3467 #EA 1490 20
3468 #EA 3467 6
3469 #EA 3468 9
3470 #EP #BD 668 3466 3469
3471 #EL #BD 669 1599 3470
3472 #EL #BI 163 0 3471
3473 #EA 1597 3472
3474 #EA 3473 9
3475 #EA 3474 6
3476 #EA 3246 1488
3477 #EA 3245 3476
3478 #EA 3477 1540
3479 #EA 3440 18
3480 #EA 3479 20
3481 #EA 989 3480
3482 #EA 3481 9
3483 #EA 3440 1490
3484 #EA 3483 1584
3485 #EA 3482 3484
3486 #EA 1587 3439
3487 #EA 3485 3486
3488 #EA 1488 79
3489 #EA 3488 1202
3490 #EA 3489 18
3491 #EA 3490 20
3492 #EP #BD 41 3487 3491
3493 #EP #BD 41 3478 3492
3494 #EP #BD 395 3475 3493
3495 #EP #BD 690 1471 3494
3496 #EL #BD 676 0 3495
3497 #EA 3465 3496
3498 #EA 3373 1202
3499 #EA 3498 6
699 #NI 697 125
3500 #EA 989 1567
3501 #EA 3500 9
3502 #EA 3501 1531
3503 #EA 3502 1533
3504 #EA 1598 1488
3505 #EA 1566 3504
3506 #EA 3505 1540
3507 #EA 3483 6
3508 #EA 1690 1687
3509 #EA 1687 20
3510 #EA 3509 6
3511 #EA 3510 9
3512 #EP #BD 668 3508 3511
3513 #EL #BD 669 1668 3512
3514 #EL #BI 163 0 3513
3515 #EA 1665 3514
3516 #EA 3515 1572
3517 #EA 3516 9
3518 #EA 989 3517
3519 #EA 3518 6
3520 #EA 3516 1613
3521 #EA 3519 3520
3522 #EA 1151 1572
3523 #EA 3522 3514
3524 #EA 3521 3523
3525 #EA 1490 1666
3526 #EA 3525 1436
3527 #EA 3526 20
3528 #EA 3527 9
3529 #EP #BD 41 3524 3528
3530 #EP #BD 395 3507 3529
3531 #EL #BD 690 3504 3530
3532 #EA 3506 3531
3533 #EA 1489 3393
3534 #EA 3533 1488
3535 #EA 3534 1540
700 #NI 697 127
3536 #EA 989 3484
3537 #EA 3536 6
3538 #EA 3537 3484
3539 #EA 3538 3486
3540 #EA 1566 3520
3541 #EA 3540 3523
3542 #EA 1076 1666
3543 #EA 3526 3542
3544 #EA 3543 6
3545 #EL #BD 395 3520 3544
3546 #EA 3541 3545
3547 #EA 306 1202
3548 #EA 3546 3547
3549 #EA 3548 9
3550 #EA 1621 3520
3551 #EA 3550 9
3552 #EA 3551 3523
3553 #EA 1625 3520
3554 #EA 3553 9
3555 #EA 3554 3523
3556 #EA 3555 6
3557 #EA 3552 3556
3558 #EA 3549 3557
3559 #EL #BD 700 3539 3558
3560 #EL #BD 395 3535 3559
3561 #EA 3532 3560
3562 #EA 3561 20
3563 #EA 1621 3504
3564 #EA 3563 20
3565 #EA 3564 1540
3566 #EA 1625 3504
3567 #EA 3566 20
3568 #EA 3567 1540
3569 #EA 3568 6
3570 #EA 3565 3569
3571 #EA 3562 3570
3572 #EA 3571 9
3573 #EL #BD 699 3503 3572
3574 #EL #BD 395 3499 3573
3575 #EL #BD 690 3203 3574
3576 #EA 3497 3575
3577 #EA 3576 285
3578 #EA 1652 285
3579 #EA 3578 963
3580 #EA 3579 6
3581 #EA 3577 3580
3582 #EA 3581 79
3583 #EA 3582 18
3584 #EL #BD 698 3464 3583
3585 #EA 3462 3584
701 #NI 693 120
702 #NI 406 2514409987
703 #NS 702 _hygCtx
704 #NS 703 _hyg
705 #NI 704 121
706 #NI 413 2514409987
707 #NS 706 _hygCtx
708 #NS 707 _hyg
709 #NI 708 122
710 #NI 420 2514409987
711 #NS 710 _hygCtx
712 #NS 711 _hyg
713 #NI 712 123
714 #NI 697 129
3586 #EA 858 963
3587 #EA 3586 964
3588 #EA 1744 1689
3589 #EA 1689 20
3590 #EA 3589 6
3591 #EA 3590 9
3592 #EP #BD 668 3588 3591
3593 #EL #BD 669 1778 3592
3594 #EL #BI 163 0 3593
3595 #EA 1776 3594
3596 #EA 3595 9
3597 #EA 3596 6
3598 #EA 1777 20
3599 #EA 989 3598
3600 #EA 3599 9
3601 #EA 197 1687
3602 #EA 3601 1680
3603 #EA 3600 3602
3604 #EA 1703 306
3605 #EA 3604 285
3606 #EA 3603 3605
3607 #EV 20
3608 #EA 1062 3607
3609 #EV 19
3610 #EA 3608 3609
3611 #EA 3609 20
3612 #EA 3611 6
3613 #EA 3612 9
3614 #EP #BD 668 3610 3613
3615 #EL #BD 669 1745 3614
3616 #EL #BI 163 0 3615
3617 #EA 1742 3616
3618 #EA 3617 18
3619 #EA 3618 20
3620 #EA 989 3619
3621 #EA 3620 9
3622 #EA 3617 1701
3623 #EA 1756 709
3624 #EA 3623 306
3625 #EA 3622 3624
3626 #EA 3621 3625
3627 #EA 1761 3616
3628 #EA 3627 709
3629 #EA 3628 306
3630 #EA 3629 285
3631 #EA 3630 169
3632 #EA 3626 3631
3633 #EA 1687 79
3634 #EA 3633 1572
3635 #EA 3634 18
3636 #EA 3635 20
3637 #EP #BD 41 3632 3636
3638 #EP #BD 41 3606 3637
3639 #EP #BD 395 3597 3638
3640 #EP #BD 690 1574 3639
3641 #EL #BD 676 0 3640
3642 #EA 1664 3641
3643 #EA 1491 1663
3644 #EA 3515 990
3645 #EA 3644 6
715 #NI 697 130
3646 #EA 1667 1727
3647 #EA 989 3646
3648 #EA 3647 9
3649 #EA 1679 1727
3650 #EA 3648 3649
3651 #EA 1683 285
3652 #EA 3651 169
3653 #EA 3650 3652
3654 #EA 1777 1680
3655 #EA 1566 3654
3656 #EA 3655 3605
3657 #EA 3622 6
3658 #EA 1100 1743
3659 #EA 1062 3609
3660 #EA 3659 6
3661 #EV 21
3662 #EA 1062 3661
3663 #EA 3662 3607
3664 #EA 3607 20
3665 #EA 3664 6
3666 #EA 3665 9
3667 #EP #BD 668 3663 3666
3668 #EL #BD 669 3660 3667
3669 #EL #BI 163 0 3668
3670 #EA 3658 3669
3671 #EA 3670 1751
3672 #EA 3671 9
3673 #EA 989 3672
3674 #EA 3673 6
3675 #EA 1792 963
3676 #EA 3675 709
3677 #EA 3671 3676
3678 #EA 3674 3677
3679 #EA 1161 1743
3680 #EA 3679 3669
3681 #EA 3680 963
3682 #EA 3681 709
3683 #EA 3682 306
3684 #EA 3683 285
3685 #EA 3678 3684
3686 #EA 1689 1768
3687 #EA 3686 1666
3688 #EA 3687 20
3689 #EA 3688 9
3690 #EP #BD 41 3685 3689
3691 #EP #BD 395 3657 3690
3692 #EL #BD 690 3654 3691
3693 #EA 3656 3692
3694 #EA 3659 1743
3695 #EA 1743 20
3696 #EA 3695 6
3697 #EA 3696 9
3698 #EP #BD 668 3694 3697
3699 #EL #BD 669 1691 3698
3700 #EL #BI 163 0 3699
3701 #EA 1688 3700
3702 #EA 3701 1680
3703 #EA 3702 3605
716 #NI 697 132
3704 #EA 989 3625
3705 #EA 3704 6
3706 #EA 3705 3625
3707 #EA 3706 3631
3708 #EA 1566 3677
3709 #EA 3708 3684
3710 #EA 1082 3609
3711 #EA 3710 1202
3712 #EA 3711 963
3713 #EA 3687 3712
3714 #EA 3713 6
3715 #EL #BD 395 3677 3714
3716 #EA 3709 3715
3717 #EA 1202 1572
3718 #EA 3717 963
3719 #EA 3718 709
3720 #EA 3719 306
3721 #EA 3720 285
3722 #EA 3716 3721
3723 #EA 3722 9
3724 #EA 1621 3677
3725 #EA 3724 9
3726 #EA 3725 3684
3727 #EA 1625 3677
3728 #EA 3727 9
3729 #EA 3728 3684
3730 #EA 3729 6
3731 #EA 3726 3730
3732 #EA 3723 3731
3733 #EL #BD 716 3707 3732
3734 #EL #BD 395 3703 3733
3735 #EA 3693 3734
3736 #EA 3735 20
3737 #EA 1621 3654
3738 #EA 3737 20
3739 #EA 3738 3605
3740 #EA 1625 3654
3741 #EA 3740 20
3742 #EA 3741 3605
3743 #EA 3742 6
3744 #EA 3739 3743
3745 #EA 3736 3744
3746 #EA 3745 9
3747 #EL #BD 715 3653 3746
3748 #EL #BD 395 3645 3747
3749 #EL #BD 690 3643 3748
3750 #EA 3642 3749
3751 #EA 3750 1202
3752 #EA 1652 1202
3753 #EA 3752 1663
3754 #EA 3753 6
3755 #EA 3751 3754
3756 #EA 3755 709
3757 #EA 3756 306
3758 #EL #BD 714 3587 3757
3759 #EL #BD 713 3380 3758
3760 #EL #BD 709 3375 3759
3761 #EL #BD 705 3365 3760
3762 #EL #BI 701 0 3761
3763 #EA 3585 3762
3764 #EA 1845 169
3765 #EA 3763 3764
3766 #EA 1463 169
3767 #EA 1031 3766
3768 #EA 3767 18
3769 #EA 3765 3768
3770 #EA 1195 3424
3771 #EA 3770 169
3772 #EA 3771 18
3773 #EA 1031 3772
3774 #EA 3773 20
3775 #EA 3769 3774
3776 #EL #BD 104 3404 3775
3777 #EL #BD 101 3364 3776
3778 #EL #BD 395 3350 3777
3779 #EL #BD 690 3340 3778
3780 #EL #BD 683 3339 3779
3781 #EL #BD 676 0 3780
3782 #EL #BD 23 3338 3781
3783 #EL #BD 379 3323 3782
3784 #EL #BI 68 0 3783
3785 #EL #BI 4 0 3784
#DEF 664 3416 3785 
717 #NS 1 le_trans
3786 #EA 1392 20
3787 #EP #BD 37 3320 3786
3788 #EP #BD 37 3320 3787
3789 #EP #BI 163 0 3788
3790 #EP #BI 68 0 3789
3791 #EP #BI 4 0 3790
3792 #EA 1405 79
3793 #EA 1405 9
3794 #EP #BD 669 3793 112
3795 #EP #BD 668 3792 3794
3796 #EP #BI 163 0 3795
3797 #EA 1417 20
3798 #EL #BD 669 3793 3797
3799 #EL #BD 668 3792 3798
3800 #EL #BI 163 0 3799
3801 #EA 2013 79
3802 #EA 139 6
3803 #EA 3802 9
3804 #EP #BD 668 3326 3803
3805 #EL #BD 669 1406 3804
3806 #EL #BI 163 0 3805
3807 #EA 3801 3806
3808 #EA 3807 18
3809 #EA 3808 9
3810 #EA 1425 709
3811 #EA 1134 6
3812 #EA 3811 9
3813 #EP #BD 668 3810 3812
3814 #EL #BD 669 1418 3813
3815 #EL #BI 163 0 3814
3816 #EA 1157 3815
3817 #EA 3816 9
3818 #EA 3817 6
3819 #EC 664 
3820 #EA 3819 963
3821 #EA 3820 709
3822 #EA 3821 79
3823 #EA 1470 9
3824 #EP #BD 668 3466 3421
3825 #EL #BD 669 1599 3824
3826 #EL #BI 163 0 3825
3827 #EA 1597 3826
3828 #EA 3827 20
3829 #EA 3828 6
3830 #EA 1491 18
3831 #EL #BD 395 3829 3830
3832 #EL #BD 690 3823 3831
3833 #EL #BD 683 3356 3832
3834 #EL #BD 676 0 3833
3835 #EA 3822 3834
3836 #EA 3835 18
3837 #EA 3836 6
3838 #EA 3837 20
3839 #EA 3838 9
3840 #EL #BD 41 3810 6
3841 #EA 3839 3840
3842 #EA 1561 6
3843 #EA 3827 9
3844 #EA 3843 6
3845 #EA 1239 6
3846 #EA 3845 20
3847 #EP #BD 668 3366 3846
3848 #EA 1734 18
3849 #EA 3848 1372
3850 #EL #BD 327 3847 3849
3851 #EL #BD 322 3844 3850
3852 #EL #BD 481 3842 3851
3853 #EL #BD 694 0 3852
3854 #EL #BD 371 3810 3853
3855 #EA 3841 3854
3856 #EL #BD 668 3341 3855
3857 #EL #BD 332 3818 3856
3858 #EL #BD 669 1406 3857
3859 #EL #BI 163 0 3858
3860 #EA 3809 3859
3861 #EA 3860 20
3862 #EZ 379 3796 3800 3861
3863 #EL #BD 669 3320 3862
3864 #EL #BD 668 3320 3863
3865 #EL #BI 163 0 3864
3866 #EL #BI 68 0 3865
3867 #EL #BI 4 0 3866
#DEF 717 3791 3867 
718 #NS 1 lt_of_le_of_lt
3868 #EA 2833 79
3869 #EA 3868 20
3870 #EP #BD 481 2835 3869
3871 #EP #BD 371 3320 3870
3872 #EP #BI 163 0 3871
3873 #EP #BI 68 0 3872
3874 #EP #BI 4 0 3873
3875 #EC 717 
3876 #EA 3875 1663
3877 #EA 3876 964
3878 #EA 3877 20
3879 #EA 2117 79
3880 #EA 3879 18
3881 #EA 3880 9
3882 #EA 3878 3881
3883 #EA 3882 6
3884 #EL #BD 481 2835 3883
3885 #EL #BD 371 3320 3884
3886 #EL #BI 163 0 3885
3887 #EL #BI 68 0 3886
3888 #EL #BI 4 0 3887
#DEF 718 3874 3888 
719 #NS 270 not_succ_le_self
720 #NS 719 match_1_1
#DEF 720 2502 2505 
721 #NS 1 noConfusionType
3889 #EP #BD 24 0 29
3890 #EP #BD 146 15 3889
3891 #EC 80 3
3892 #EL #BD 24 0 15
3893 #EA 3891 3892
3894 #EA 3893 9
3895 #EA 3893 6
3896 #EA 3895 472
3897 #EL #BD 4 0 18
3898 #EA 3896 3897
3899 #EA 3894 3898
3900 #EA 3894 18
722 #NI 53 1759501723
723 #NS 722 _hygCtx
724 #NS 723 _hyg
725 #NI 724 7
726 #NS 0 n_eq
3901 #EA 858 9
3902 #EA 3901 6
3903 #EP #BD 726 3902 169
3904 #EP #BD 725 3903 169
3905 #EL #BD 4 0 3904
3906 #EA 3900 3905
3907 #EL #BD 4 0 3906
3908 #EA 3899 3907
3909 #EL #BD 147 0 3908
3910 #EL #BD 24 0 3909
3911 #EL #BD 146 15 3910
#DEF 721 3890 3911 11
727 #NS 1 noConfusion
3912 #EC 721 2
3913 #EA 3912 18
3914 #EA 3913 20
3915 #EA 3914 9
3916 #EP #BD 162 3902 3915
3917 #EP #BI 147 0 3916
3918 #EP #BI 24 0 3917
3919 #EP #BI 146 15 3918
3920 #EA 527 0
3921 #EA 3920 20
3922 #EA 3912 79
3923 #EA 3922 18
3924 #EA 3923 6
3925 #EL #BI 147 0 3924
3926 #EA 3921 3925
3927 #EC 80 2
3928 #EA 3922 6
3929 #EA 3928 6
3930 #EL #BI 24 0 3929
3931 #EA 3927 3930
3932 #EA 3931 20
3933 #EA 3932 541
3934 #EA 858 6
3935 #EA 3934 6
3936 #EP #BD 726 3935 169
3937 #EA 1845 9
3938 #EA 6 3937
3939 #EL #BD 163 3936 3938
3940 #EL #BD 4 0 3939
3941 #EA 3933 3940
3942 #EA 3926 3941
3943 #EA 3942 9
3944 #EA 3943 6
3945 #EL #BD 162 3902 3944
3946 #EL #BI 147 0 3945
3947 #EL #BI 24 0 3946
3948 #EL #BI 146 15 3947
#DEF 727 3919 3948 11
728 #NS 1 not_succ_le_zero
3949 #EA 1062 258
3950 #EA 3949 908
3951 #EP #BD 37 3950 114
3952 #EP #BD 4 0 3951
3953 #EA 3934 908
3954 #EA 2002 9
3955 #EP #BD 37 3954 114
3956 #EP #BD 37 3953 3955
3957 #EP #BD 68 0 3956
729 #NI 53 1602146993
730 #NS 729 _hygCtx
731 #NS 730 _hyg
732 #NI 731 29
733 #NS 0 hm
734 #NS 0 hle
3958 #EA 3165 964
735 #NI 731 37
3959 #EA 197 1663
3960 #EA 3959 6
3961 #EA 3901 908
3962 #EP #BD 37 3961 114
3963 #EL #BD 735 3960 3962
3964 #EL #BD 68 0 3963
3965 #EA 3958 3964
3966 #EA 3965 20
3967 #EA 3966 6
3968 #EA 858 964
3969 #EA 3968 908
3970 #EC 727 0
3971 #EA 3970 114
3972 #EA 3971 1663
3973 #EA 3972 908
3974 #EA 3973 6
3975 #EL #BD 41 3969 3974
3976 #EA 3967 3975
736 #NI 279 1602146993
737 #NS 736 _hygCtx
738 #NS 737 _hyg
739 #NI 738 56
740 #NI 731 57
3977 #EA 858 81
3978 #EA 3977 908
3979 #EA 3971 922
3980 #EA 3979 908
3981 #EA 3980 6
3982 #EL #BD 41 3978 3981
3983 #EL #BD 740 3960 3982
3984 #EL #BI 739 0 3983
3985 #EA 3976 3984
3986 #EA 3985 9
3987 #EL #BD 734 3954 3986
3988 #EL #BD 733 3953 3987
3989 #EL #BD 732 0 3988
3990 #EA 6 908
3991 #EA 563 0
3992 #EA 3991 908
3993 #EA 3990 3992
3994 #EZ 363 3957 3989 3993
3995 #EL #BD 4 0 3994
#DEF 728 3952 3995 
741 #NS 1 pow
742 #NS 741 match_1
#DEF 742 2726 2734 79
743 #NS 1 pred
744 #NI 53 4130297703
745 #NS 744 _hygCtx
746 #NS 745 _hyg
747 #NI 746 8
3996 #EC 742 1
748 #NI 745 8
749 #NS 748 Init
750 #NS 749 Prelude
751 #NI 750 4130297703
752 #NS 751 _hygCtx
753 #NS 752 _hyg
754 #NI 753 19
3997 #EL #BD 754 0 0
3998 #EA 3996 3997
3999 #EA 3998 6
4000 #EL #BD 142 396 908
4001 #EA 3999 4000
4002 #EL #BD 33 0 6
4003 #EA 4001 4002
4004 #EL #BD 747 0 4003
#DEF 743 1987 4004 
755 #NS 270 pred_le_pred
756 #NS 755 match_1_1
757 #NI 53 148574969
758 #NS 757 _hygCtx
759 #NI 758 18
760 #NS 759 Init
761 #NS 760 Prelude
762 #NI 761 148574969
763 #NS 762 _hygCtx
764 #NS 763 _hyg
765 #NI 764 45
4005 #EP #BD 765 0 1389
766 #NI 758 19
767 #NS 766 Init
768 #NS 767 Prelude
769 #NI 768 148574969
770 #NS 769 _hygCtx
771 #NS 770 _hyg
772 #NI 771 48
773 #NI 758 20
774 #NS 773 Init
775 #NS 774 Prelude
776 #NI 775 148574969
777 #NS 776 _hygCtx
778 #NS 777 _hyg
779 #NI 778 51
780 #NI 107 148574969
781 #NS 780 _hygCtx
782 #NS 781 _hyg
783 #NI 782 61
4006 #EA 268 6
4007 #EA 1076 6
4008 #EA 4006 4007
4009 #EP #BD 783 0 4008
784 #NI 782 81
4010 #EA 197 908
4011 #EA 4010 6
4012 #EA 285 908
4013 #EA 4012 81
4014 #EA 1083 9
4015 #EA 4014 6
4016 #EA 4013 4015
4017 #EP #BD 41 4011 4016
4018 #EP #BD 784 0 4017
785 #NI 782 105
786 #NI 782 104
4019 #EA 976 81
4020 #EA 80 20
4021 #EA 1082 4020
4022 #EA 4021 9
4023 #EA 4022 6
4024 #EA 4019 4023
4025 #EP #BD 41 211 4024
4026 #EP #BD 786 0 4025
4027 #EP #BD 785 0 4026
4028 #EP #BD 112 4027 3405
4029 #EP #BD 104 4018 4028
4030 #EP #BD 101 4009 4029
4031 #EP #BD 779 1387 4030
4032 #EP #BD 772 0 4031
4033 #EP #BD 765 0 4032
4034 #EP #BD 23 4005 4033
4035 #EA 3165 169
4036 #EA 989 3341
4037 #EA 4036 285
4038 #EA 1231 20
4039 #EA 4037 4038
4040 #EA 4039 9
4041 #EP #BD 41 4040 1801
4042 #EP #BD 41 3168 4041
4043 #EL #BD 50 3122 4042
4044 #EL #BD 37 0 4043
4045 #EA 4035 4044
4046 #EA 4045 79
4047 #EA 4046 18
787 #NI 251 148574969
788 #NS 787 _hygCtx
789 #NS 788 _hyg
790 #NI 789 126
4048 #EA 1519 169
4049 #EA 1522 285
4050 #EA 1463 9
4051 #EA 989 4050
4052 #EA 4051 6
4053 #EA 1231 709
4054 #EA 4052 4053
4055 #EA 1076 709
4056 #EA 4054 4055
4057 #EA 1799 20
4058 #EA 4057 9
4059 #EP #BD 41 4056 4058
4060 #EP #BD 779 1418 4059
4061 #EL #BD 772 0 4060
4062 #EA 4049 4061
4063 #EA 2020 285
791 #NI 789 127
4064 #EA 989 3202
4065 #EA 4064 6
4066 #EA 1193 306
4067 #EA 4065 4066
4068 #EA 4067 3353
4069 #EA 1566 1555
4070 #EA 4069 4055
4071 #EA 1799 963
4072 #EA 4071 6
4073 #EL #BD 779 1555 4072
4074 #EA 4070 4073
4075 #EA 169 709
4076 #EA 4074 4075
4077 #EA 4076 9
4078 #EA 1621 1555
4079 #EA 4078 9
4080 #EA 4079 4055
4081 #EA 1625 1555
4082 #EA 4081 9
4083 #EA 4082 4055
4084 #EA 4083 6
4085 #EA 4080 4084
4086 #EA 4077 4085
4087 #EL #BD 791 4068 4086
4088 #EL #BD 779 4063 4087
4089 #EA 4062 4088
4090 #EA 4089 169
4091 #EA 1653 285
4092 #EA 4091 6
4093 #EA 4090 4092
4094 #EA 4093 79
4095 #EL #BD 790 4048 4094
4096 #EA 4047 4095
792 #NI 279 148574969
793 #NS 792 _hygCtx
794 #NS 793 _hyg
795 #NI 794 124
796 #NI 406 148574969
797 #NS 796 _hygCtx
798 #NS 797 _hyg
799 #NI 798 125
800 #NI 789 129
4097 #EA 989 3823
4098 #EA 4097 6
4099 #EA 1561 1663
4100 #EA 4098 4099
4101 #EA 1203 79
4102 #EA 4101 18
4103 #EA 4100 4102
4104 #EA 3449 20
4105 #EA 4104 9
4106 #EP #BD 41 4103 4105
4107 #EP #BD 779 1426 4106
4108 #EL #BD 772 0 4107
4109 #EA 3241 4108
4110 #EA 1463 922
801 #NI 789 130
4111 #EA 1425 964
4112 #EA 989 4111
4113 #EA 4112 6
4114 #EA 3172 964
4115 #EA 4113 4114
4116 #EA 1082 963
4117 #EA 4116 18
4118 #EA 4117 20
4119 #EA 4115 4118
4120 #EA 1470 1663
4121 #EA 1566 4120
4122 #EA 4121 4102
4123 #EA 3449 990
4124 #EA 4123 6
4125 #EL #BD 779 4120 4124
4126 #EA 4122 4125
4127 #EA 198 169
4128 #EA 1493 1727
4129 #EA 1082 9
4130 #EA 4129 285
4131 #EA 4130 6
4132 #EA 4128 4131
4133 #EP #BD 799 4127 4132
4134 #EL #BD 50 0 4133
4135 #EA 750 4134
4136 #EA 4135 1202
4137 #EA 197 69
4138 #EA 4137 79
4139 #EA 306 169
4140 #EA 4139 6
4141 #EL #BD 799 4138 4140
4142 #EA 4136 4141
802 #NI 782 132
4143 #EA 197 258
4144 #EA 4143 169
4145 #EA 940 285
4146 #EA 4145 6
4147 #EL #BD 799 4144 4146
4148 #EL #BD 802 0 4147
4149 #EA 4142 4148
4150 #EA 4149 18
4151 #EA 4126 4150
4152 #EA 4151 9
4153 #EA 1621 4120
4154 #EA 4153 9
4155 #EA 4154 4102
4156 #EA 1625 4120
4157 #EA 4156 9
4158 #EA 4157 4102
4159 #EA 4158 6
4160 #EA 4155 4159
4161 #EA 4152 4160
4162 #EL #BD 801 4119 4161
4163 #EL #BD 779 4110 4162
4164 #EA 4109 4163
4165 #EA 4164 306
4166 #EA 4165 3300
4167 #EA 4166 285
4168 #EL #BD 800 3240 4167
4169 #EL #BD 799 3122 4168
4170 #EL #BI 795 0 4169
4171 #EA 4096 4170
4172 #EA 4171 1846
4173 #EA 1031 3792
4174 #EA 4173 18
4175 #EA 4172 4174
4176 #EL #BD 112 4027 4175
4177 #EL #BD 104 4018 4176
4178 #EL #BD 101 4009 4177
4179 #EL #BD 779 1387 4178
4180 #EL #BD 772 0 4179
4181 #EL #BD 765 0 4180
4182 #EL #BD 23 4005 4181
#DEF 756 4034 4182 
803 #NS 1 le_succ
4183 #EA 1062 6
4184 #EA 4183 258
4185 #EP #BD 4 0 4184
4186 #EA 1082 6
4187 #EA 4186 6
4188 #EA 4187 4007
4189 #EL #BD 4 0 4188
#DEF 803 4185 4189 
804 #NS 1 pred_le_pred
4190 #EC 743 
4191 #EA 4190 20
4192 #EA 1062 4191
4193 #EA 4190 9
4194 #EA 4192 4193
4195 #EP #BD 37 1387 4194
4196 #EP #BI 68 0 4195
4197 #EP #BI 4 0 4196
805 #NS 758 _hyg
806 #NI 805 18
807 #NI 805 19
808 #NI 805 20
4198 #EC 756 
4199 #EL #BD 779 1387 4194
4200 #EL #BD 772 0 4199
4201 #EL #BD 765 0 4200
4202 #EA 4198 4201
4203 #EA 4202 20
4204 #EA 4203 9
4205 #EA 4204 6
4206 #EA 4190 6
4207 #EA 1076 4206
4208 #EL #BD 783 0 4207
4209 #EA 4205 4208
4210 #EL #BD 41 4011 6
4211 #EL #BD 784 0 4210
4212 #EA 4209 4211
4213 #EA 4190 922
4214 #EA 3875 4213
4215 #EA 80 4213
4216 #EA 4214 4215
4217 #EA 4190 81
4218 #EA 4216 4217
4219 #EC 803 
4220 #EA 4219 4213
4221 #EA 4218 4220
4222 #EA 4221 6
4223 #EL #BD 41 211 4222
4224 #EL #BD 786 0 4223
4225 #EL #BD 785 0 4224
4226 #EA 4212 4225
4227 #EL #BD 808 1387 4226
4228 #EL #BD 807 0 4227
4229 #EL #BD 806 0 4228
#DEF 804 4197 4229 
809 #NS 1 le_of_succ_le_succ
4230 #EA 3147 258
4231 #EP #BD 37 4230 3320
4232 #EP #BI 68 0 4231
4233 #EP #BI 4 0 4232
4234 #EC 804 
4235 #EA 4234 81
4236 #EA 4235 258
4237 #EL #BI 68 0 4236
4238 #EL #BI 4 0 4237
#DEF 809 4233 4238 
810 #NS 1 not_succ_le_self
811 #NS 810 _f
812 #NI 53 2359205665
813 #NS 812 _hygCtx
814 #NS 813 _hyg
815 #NI 814 13
4239 #EA 3949 6
4240 #EA 117 4239
4241 #EL #BD 815 0 4240
4242 #EA 761 4241
4243 #EA 4242 6
4244 #EA 3147 9
4245 #EA 117 4244
4246 #EP #BD 30 4243 4245
4247 #EP #BD 815 0 4246
4248 #EC 720 
816 #NI 813 13
817 #NS 816 Init
818 #NS 817 Prelude
819 #NI 818 2359205665
820 #NS 819 _hygCtx
821 #NS 820 _hyg
822 #NI 821 24
4249 #EL #BD 822 0 4246
4250 #EA 4248 4249
4251 #EA 4250 9
823 #NI 814 50
4252 #EA 4242 908
4253 #EC 728 
4254 #EA 4253 908
4255 #EL #BD 823 4252 4254
4256 #EL #BD 142 396 4255
4257 #EA 4251 4256
4258 #EA 4242 258
4259 #EA 80 81
4260 #EA 1062 4259
4261 #EA 4260 81
4262 #EA 2058 20
4263 #EA 4262 2062
4264 #EA 1062 4263
4265 #EA 4264 20
4266 #EA 2668 4265
4267 #EA 4266 114
4268 #EC 809 
4269 #EA 4268 4263
4270 #EA 4269 20
4271 #EA 4270 6
4272 #EA 4267 4271
4273 #EJ 16 0 9
4274 #EA 4272 4273
4275 #EL #BD 41 4261 4274
4276 #EL #BD 823 4258 4275
4277 #EL #BD 4 0 4276
4278 #EA 4257 4277
4279 #EA 4278 6
4280 #EL #BD 30 4243 4279
4281 #EL #BD 815 0 4280
#DEF 811 4247 4281 
4282 #EP #BD 4 0 4240
4283 #EA 796 4241
4284 #EA 4283 6
4285 #EC 811 
4286 #EA 4284 4285
4287 #EL #BD 815 0 4286
#DEF 810 4282 4287 
824 #NS 1 lt_irrefl
4288 #EA 2925 6
4289 #EA 117 4288
4290 #EP #BD 4 0 4289
4291 #EC 810 
4292 #EA 4291 6
4293 #EL #BD 4 0 4292
#DEF 824 4290 4293 
825 #NS 1 le_antisymm
4294 #EA 858 18
4295 #EA 4294 20
4296 #EP #BD 481 3137 4295
4297 #EP #BD 371 1387 4296
4298 #EP #BI 68 0 4297
4299 #EP #BI 4 0 4298
4300 #EC 638 
4301 #EA 4300 18
4302 #EA 1386 169
4303 #EA 3167 20
4304 #EL #BD 481 4302 4303
4305 #EL #BD 649 1393 4304
4306 #EL #BD 642 0 4305
4307 #EA 4301 4306
4308 #EA 4307 20
4309 #EA 4308 9
4310 #EA 4309 6
4311 #EA 1403 18
4312 #EA 3991 79
4313 #EL #BD 481 4311 4312
4314 #EA 4310 4313
4315 #EA 3147 169
4316 #EA 2833 285
4317 #EA 4316 285
4318 #EA 2668 4317
4319 #EA 3167 922
4320 #EA 4318 4319
4321 #EC 718 
4322 #EA 4321 285
4323 #EA 4322 20
4324 #EA 4323 285
4325 #EA 4324 9
4326 #EA 4325 6
4327 #EA 4320 4326
4328 #EC 824 
4329 #EA 4328 285
4330 #EA 4327 4329
4331 #EL #BD 481 4315 4330
4332 #EL #BD 41 1131 4331
4333 #EL #BD 650 0 4332
4334 #EA 4314 4333
4335 #EL #BD 481 3137 4334
4336 #EL #BD 371 1387 4335
4337 #EL #BI 68 0 4336
4338 #EL #BI 4 0 4337
#DEF 825 4299 4338 
826 #NS 0 GE
827 #NS 826 ge
828 #NI 443 1058783946
829 #NS 828 _hygCtx
830 #NS 829 _hyg
831 #NI 830 3
4339 #EC 74 2
4340 #EA 4339 18
4341 #EA 4340 20
4342 #EA 4341 6
4343 #EA 4342 9
4344 #EL #BD 120 20 4343
4345 #EL #BD 33 9 4344
4346 #EL #BC 831 224 4345
4347 #EL #BI 10 4 4346
#DEF 827 226 4347 11
832 #NS 270 lt_or_ge
833 #NS 832 match_1_5
#DEF 833 749 760 
834 #NS 832 match_1_3
835 #NI 53 3672051305
836 #NS 835 _hygCtx
837 #NS 836 _hyg
838 #NI 837 40
4348 #EA 2953 6
4349 #EA 3022 4348
4350 #EC 827 0
4351 #EA 4350 0
4352 #EA 4351 1061
4353 #EA 4352 9
4354 #EA 4353 6
4355 #EA 4349 4354
4356 #EP #BD 838 4355 112
4357 #EA 3022 2835
4358 #EA 4352 20
4359 #EA 4358 9
4360 #EA 4357 4359
4361 #EA 2833 18
4362 #EA 4361 20
4363 #EA 3868 18
4364 #EA 3034 4363
4365 #EA 4352 79
4366 #EA 4365 18
4367 #EA 4364 4366
4368 #EA 4367 6
4369 #EA 20 4368
4370 #EP #BD 41 4362 4369
4371 #EA 2833 169
4372 #EA 4371 79
4373 #EA 3040 4372
4374 #EA 4352 169
4375 #EA 4374 79
4376 #EA 4373 4375
4377 #EA 4376 6
4378 #EA 18 4377
4379 #EP #BD 41 4366 4378
4380 #EP #BD 104 4379 139
4381 #EP #BD 101 4370 4380
4382 #EP #BD 838 4360 4381
4383 #EP #BD 23 4356 4382
4384 #EP #BD 68 0 4383
4385 #EP #BD 4 0 4384
4386 #EA 3066 4372
4387 #EA 4386 4375
4388 #EA 3022 4372
4389 #EA 4388 4375
4390 #EL #BD 50 4389 268
4391 #EA 4387 4390
4392 #EA 4391 20
839 #NI 251 3672051305
840 #NS 839 _hygCtx
841 #NS 840 _hyg
842 #NI 841 96
4393 #EL #BD 842 4372 149
4394 #EA 4392 4393
843 #NI 841 97
4395 #EL #BD 843 4375 152
4396 #EA 4394 4395
4397 #EL #BD 104 4379 4396
4398 #EL #BD 101 4370 4397
4399 #EL #BD 838 4360 4398
4400 #EL #BD 23 4356 4399
4401 #EL #BD 68 0 4400
4402 #EL #BD 4 0 4401
#DEF 834 4385 4402 
844 #NS 1 le_succ_of_le
4403 #EA 1390 81
4404 #EP #BD 41 1387 4403
4405 #EP #BI 68 0 4404
4406 #EP #BI 4 0 4405
4407 #EA 1082 20
4408 #EA 4407 9
4409 #EA 4408 6
4410 #EL #BD 41 1387 4409
4411 #EL #BI 68 0 4410
4412 #EL #BI 4 0 4411
#DEF 844 4406 4412 
845 #NS 832 match_1_1
846 #NI 837 66
4413 #EA 3934 9
4414 #EA 3022 4413
4415 #EA 2925 9
4416 #EA 4414 4415
4417 #EP #BD 846 4416 112
4418 #EA 3901 20
4419 #EA 3022 4418
4420 #EA 2953 20
4421 #EA 4419 4420
847 #NS 0 h1
4422 #EA 858 20
4423 #EA 4422 18
4424 #EA 4294 79
4425 #EA 3034 4424
4426 #EA 4361 79
4427 #EA 4425 4426
4428 #EA 4427 6
4429 #EA 20 4428
4430 #EP #BD 847 4423 4429
4431 #EA 3040 4048
4432 #EA 3868 169
4433 #EA 4431 4432
4434 #EA 4433 6
4435 #EA 18 4434
4436 #EP #BD 847 4426 4435
4437 #EP #BD 104 4436 139
4438 #EP #BD 101 4430 4437
4439 #EP #BD 846 4421 4438
4440 #EP #BD 23 4417 4439
4441 #EP #BD 68 0 4440
4442 #EP #BD 4 0 4441
4443 #EA 3066 4048
4444 #EA 4443 4432
4445 #EA 3022 4048
4446 #EA 4445 4432
4447 #EL #BD 50 4446 268
4448 #EA 4444 4447
4449 #EA 4448 20
848 #NI 841 92
4450 #EL #BD 848 4048 149
4451 #EA 4449 4450
849 #NI 841 93
4452 #EL #BD 849 4432 152
4453 #EA 4451 4452
4454 #EL #BD 104 4436 4453
4455 #EL #BD 101 4430 4454
4456 #EL #BD 846 4421 4455
4457 #EL #BD 23 4417 4456
4458 #EL #BD 68 0 4457
4459 #EL #BD 4 0 4458
#DEF 845 4442 4459 
850 #NS 270 eq_or_lt_of_le
851 #NS 850 match_1_3
852 #NI 53 3439784135
853 #NS 852 _hygCtx
854 #NI 853 20
855 #NS 854 Init
856 #NS 855 Prelude
857 #NI 856 3439784135
858 #NS 857 _hygCtx
859 #NS 858 _hyg
860 #NI 859 47
861 #NI 853 21
862 #NS 861 Init
863 #NS 862 Prelude
864 #NI 863 3439784135
865 #NS 864 _hygCtx
866 #NS 865 _hyg
867 #NI 866 50
868 #NI 853 22
869 #NS 868 Init
870 #NS 869 Prelude
871 #NI 870 3439784135
872 #NS 871 _hygCtx
873 #NS 872 _hyg
874 #NI 873 53
875 #NS 853 _hyg
876 #NI 875 63
4460 #EA 1062 69
4461 #EA 4460 69
4462 #EA 681 69
4463 #EA 4462 6
4464 #EP #BD 876 4461 4463
877 #NI 107 3439784135
878 #NS 877 _hygCtx
879 #NS 878 _hyg
880 #NI 879 80
881 #NI 875 81
4465 #EA 4460 258
4466 #EA 285 69
4467 #EA 4466 81
4468 #EA 4467 6
4469 #EP #BD 881 4465 4468
4470 #EP #BD 880 0 4469
882 #NI 879 103
4471 #EA 3949 69
4472 #EA 307 69
4473 #EA 4472 6
4474 #EP #BD 41 4471 4473
4475 #EP #BD 882 0 4474
4476 #EA 963 922
4477 #EA 4476 81
4478 #EA 4477 6
4479 #EP #BD 41 4230 4478
4480 #EP #BD 68 0 4479
4481 #EP #BD 4 0 4480
4482 #EA 306 285
4483 #EA 4482 169
4484 #EA 4483 79
4485 #EP #BD 143 4481 4484
4486 #EP #BD 112 4475 4485
4487 #EP #BD 104 4470 4486
4488 #EP #BD 101 4464 4487
4489 #EP #BD 874 1387 4488
4490 #EP #BD 867 0 4489
4491 #EP #BD 860 0 4490
4492 #EP #BD 23 4005 4491
4493 #EA 4183 285
4494 #EA 1427 306
4495 #EA 4494 6
4496 #EP #BD 874 4493 4495
4497 #EL #BD 50 0 4496
4498 #EA 750 4497
4499 #EA 4498 285
4500 #EA 4460 169
4501 #EA 4460 6
4502 #EA 1202 69
4503 #EA 4502 9
4504 #EA 4503 6
4505 #EP #BD 874 4501 4504
4506 #EL #BD 50 0 4505
4507 #EA 750 4506
4508 #EA 4507 285
4509 #EL #BD 874 4461 2975
4510 #EA 4508 4509
883 #NI 879 183
4511 #EL #BD 874 4465 1407
4512 #EL #BD 883 0 4511
4513 #EA 4510 4512
4514 #EA 4513 6
4515 #EL #BD 874 4500 4514
4516 #EA 4499 4515
884 #NI 879 182
4517 #EA 3949 285
4518 #EA 2002 6
4519 #EA 1436 964
4520 #EA 4519 9
4521 #EA 4520 6
4522 #EP #BD 874 4518 4521
4523 #EL #BD 50 0 4522
4524 #EA 750 4523
4525 #EA 4524 306
4526 #EA 3147 69
4527 #EA 79 20
4528 #EA 4527 6
4529 #EL #BD 874 4526 4528
4530 #EA 4525 4529
885 #NI 879 184
4531 #EA 2002 258
4532 #EL #BD 874 4531 1044
4533 #EL #BD 885 0 4532
4534 #EA 4530 4533
4535 #EA 4534 6
4536 #EL #BD 874 4517 4535
4537 #EL #BD 884 0 4536
4538 #EA 4516 4537
4539 #EA 4538 79
4540 #EL #BD 143 4481 4539
4541 #EL #BD 112 4475 4540
4542 #EL #BD 104 4470 4541
4543 #EL #BD 101 4464 4542
4544 #EL #BD 874 1387 4543
4545 #EL #BD 867 0 4544
4546 #EL #BD 860 0 4545
4547 #EL #BD 23 4005 4546
#DEF 851 4492 4547 
886 #NS 850 match_1_1
887 #NI 875 140
4548 #EA 3022 3902
4549 #EA 4548 4348
4550 #EP #BD 887 4549 112
4551 #EA 4422 9
4552 #EA 3022 4551
4553 #EA 4552 2835
4554 #EA 1519 18
4555 #EA 3034 4554
4556 #EA 4555 4363
4557 #EA 4556 6
4558 #EA 20 4557
4559 #EP #BD 41 4295 4558
4560 #EA 3463 79
4561 #EA 3040 4560
4562 #EA 4561 4372
4563 #EA 4562 6
4564 #EA 18 4563
4565 #EP #BD 41 4363 4564
4566 #EP #BD 104 4565 139
4567 #EP #BD 101 4559 4566
4568 #EP #BD 887 4553 4567
4569 #EP #BD 23 4550 4568
4570 #EP #BD 68 0 4569
4571 #EP #BD 4 0 4570
4572 #EA 3066 4560
4573 #EA 4572 4372
4574 #EA 3022 4560
4575 #EA 4574 4372
4576 #EL #BD 50 4575 268
4577 #EA 4573 4576
4578 #EA 4577 20
888 #NI 251 3439784135
889 #NS 888 _hygCtx
890 #NS 889 _hyg
891 #NI 890 168
4579 #EL #BD 891 4560 149
4580 #EA 4578 4579
892 #NI 890 169
4581 #EL #BD 892 4372 152
4582 #EA 4580 4581
4583 #EL #BD 104 4565 4582
4584 #EL #BD 101 4559 4583
4585 #EL #BD 887 4553 4584
4586 #EL #BD 23 4550 4585
4587 #EL #BD 68 0 4586
4588 #EL #BD 4 0 4587
#DEF 886 4571 4588 
893 #NS 1 eq_or_lt_of_le
894 #NS 893 _f
895 #NI 875 20
896 #NI 875 21
897 #NI 875 22
4589 #EP #BD 897 1387 4553
4590 #EP #BD 896 0 4589
4591 #EL #BD 895 0 4590
4592 #EA 761 4591
4593 #EA 4592 6
4594 #EA 4294 9
4595 #EA 3022 4594
4596 #EA 4361 9
4597 #EA 4595 4596
4598 #EP #BD 897 1391 4597
4599 #EP #BD 896 0 4598
4600 #EP #BD 30 4593 4599
4601 #EP #BD 895 0 4600
4602 #EC 851 
898 #NI 875 185
4603 #EA 4592 20
4604 #EA 3022 4295
4605 #EA 4604 4362
4606 #EP #BD 898 4603 4605
4607 #EL #BD 874 1387 4606
4608 #EL #BD 867 0 4607
4609 #EL #BD 860 0 4608
4610 #EA 4602 4609
4611 #EA 4610 18
4612 #EA 4611 9
4613 #EA 4612 6
4614 #EA 4592 69
4615 #EA 858 69
4616 #EA 4615 69
4617 #EA 3034 4616
4618 #EA 2833 69
4619 #EA 4618 69
4620 #EA 4617 4619
4621 #EA 3991 69
4622 #EA 4620 4621
4623 #EL #BD 898 4614 4622
4624 #EL #BD 876 4461 4623
4625 #EA 4613 4624
4626 #EA 4615 922
4627 #EA 3040 4626
4628 #EA 4618 922
4629 #EA 4627 4628
4630 #EA 2117 69
4631 #EA 4630 20
4632 #EA 4631 2111
4633 #EA 4629 4632
4634 #EL #BD 898 4614 4633
4635 #EL #BD 881 4465 4634
4636 #EL #BD 880 0 4635
4637 #EA 4625 4636
4638 #EA 4592 81
4639 #EA 2002 69
4640 #EA 2668 4639
4641 #EA 858 922
4642 #EA 4641 69
4643 #EA 3022 4642
4644 #EA 2833 922
4645 #EA 4644 69
4646 #EA 4643 4645
4647 #EA 4640 4646
4648 #EA 4647 9
4649 #EA 4253 20
4650 #EA 4648 4649
4651 #EL #BD 898 4638 4650
4652 #EL #BD 41 4471 4651
4653 #EL #BD 882 0 4652
4654 #EA 4637 4653
4655 #EA 4592 922
4656 #EA 4268 18
4657 #EA 4656 20
4658 #EA 4657 9
4659 #EC 886 
4660 #EA 4659 79
4661 #EA 4660 18
4662 #EA 3022 4554
4663 #EA 4662 4363
4664 #EA 858 990
4665 #EA 4664 1663
4666 #EA 3022 4665
4667 #EA 2833 990
4668 #EA 4667 1663
4669 #EA 4666 4668
4670 #EL #BD 887 4663 4669
4671 #EA 4661 4670
4672 #EA 4273 18
4673 #EA 4672 6
4674 #EA 4671 4673
4675 #EA 3034 4665
4676 #EA 4675 4668
4677 #EA 856 169
899 #NI 875 153
900 #NI 890 154
4678 #EA 3167 6
4679 #EA 858 1680
4680 #EA 4679 81
4681 #EL #BD 900 4678 4680
4682 #EL #BD 899 0 4681
4683 #EA 4677 4682
4684 #EA 3991 990
4685 #EA 4683 4684
4686 #EA 4685 79
4687 #EA 4686 6
4688 #EA 4676 4687
4689 #EL #BD 41 4554 4688
4690 #EA 4674 4689
4691 #EA 3040 4665
4692 #EA 4691 4668
4693 #EA 2058 169
4694 #EA 4693 2062
4695 #EA 2117 4694
4696 #EA 4695 79
4697 #EA 4696 6
4698 #EA 4692 4697
4699 #EL #BD 41 4363 4698
4700 #EA 4690 4699
4701 #EZ 363 3324 4658 4700
4702 #EL #BD 898 4655 4701
4703 #EL #BD 41 4230 4702
4704 #EL #BD 68 0 4703
4705 #EL #BD 4 0 4704
4706 #EA 4654 4705
4707 #EA 4706 20
4708 #EL #BD 897 1391 4707
4709 #EL #BD 896 0 4708
4710 #EL #BD 30 4593 4709
4711 #EL #BD 895 0 4710
#DEF 894 4601 4711 
4712 #EP #BI 4 0 4590
4713 #EA 796 4591
4714 #EA 4713 20
4715 #EC 894 
4716 #EA 4714 4715
4717 #EA 4716 9
4718 #EA 4717 6
4719 #EL #BD 897 1387 4718
4720 #EL #BD 896 0 4719
4721 #EL #BD 895 0 4720
#DEF 893 4712 4721 
901 #NS 1 le_refl
4722 #EA 4183 6
4723 #EP #BD 4 0 4722
4724 #EL #BD 4 0 4007
#DEF 901 4723 4724 
902 #NS 1 lt_or_ge
903 #NS 902 _f
4725 #EA 2834 6
4726 #EA 3022 4725
4727 #EA 4358 6
4728 #EA 4726 4727
4729 #EL #BD 68 0 4728
4730 #EA 761 4729
4731 #EA 4730 6
4732 #EP #BD 30 4731 4360
4733 #EP #BD 68 0 4732
4734 #EP #BD 4 0 4733
4735 #EC 833 
904 #NI 279 3672051305
905 #NS 904 _hygCtx
906 #NS 905 _hyg
907 #NI 906 18
908 #NI 837 101
4736 #EA 3868 6
4737 #EA 3022 4736
4738 #EA 4365 6
4739 #EA 4737 4738
4740 #EL #BD 68 0 4739
4741 #EA 761 4740
4742 #EA 4741 6
4743 #EA 3868 9
4744 #EA 3022 4743
4745 #EA 4365 9
4746 #EA 4744 4745
4747 #EP #BD 908 4742 4746
4748 #EL #BD 907 0 4747
4749 #EA 4735 4748
4750 #EA 4749 9
4751 #EA 4741 69
4752 #EA 3868 69
4753 #EA 3040 4752
4754 #EA 4365 69
4755 #EA 4753 4754
4756 #EA 2110 79
4757 #EA 4755 4756
4758 #EL #BD 908 4751 4757
4759 #EL #BD 142 396 4758
4760 #EA 4750 4759
4761 #EA 4741 258
4762 #EC 834 
4763 #EA 4762 79
4764 #EA 4763 9
4765 #EA 4371 922
4766 #EA 3022 4765
4767 #EA 4374 922
4768 #EA 4766 4767
4769 #EL #BD 838 4746 4768
4770 #EA 4764 4769
4771 #EA 4770 350
4772 #EA 3034 4765
4773 #EA 4772 4767
4774 #EC 844 
4775 #EA 4774 990
4776 #EA 4775 20
4777 #EA 4776 6
4778 #EA 4773 4777
4779 #EL #BD 41 4743 4778
4780 #EA 4771 4779
4781 #EC 845 
4782 #EA 4781 169
4783 #EA 4782 20
4784 #EA 4422 169
4785 #EA 3022 4784
4786 #EA 2834 169
4787 #EA 4785 4786
4788 #EA 4316 964
4789 #EA 3022 4788
4790 #EA 4352 285
4791 #EA 4790 964
4792 #EA 4789 4791
4793 #EL #BD 846 4787 4792
4794 #EA 4783 4793
4795 #EC 893 
4796 #EA 4795 20
4797 #EA 4796 169
4798 #EA 4797 6
4799 #EA 4794 4798
4800 #EA 3034 4788
4801 #EA 4800 4791
4802 #EA 856 18
909 #NI 837 80
910 #NI 841 81
4803 #EA 1519 6
4804 #EA 2953 990
4805 #EL #BD 910 4803 4804
4806 #EL #BD 909 0 4805
4807 #EA 4802 4806
4808 #EC 901 
4809 #EA 4808 964
4810 #EA 4807 4809
4811 #EA 4810 285
4812 #EA 4811 6
4813 #EA 4801 4812
4814 #EL #BD 847 4784 4813
4815 #EA 4799 4814
4816 #EA 3040 4788
4817 #EA 4816 4791
4818 #EA 4817 6
4819 #EL #BD 847 4786 4818
4820 #EA 4815 4819
4821 #EL #BD 41 4745 4820
4822 #EA 4780 4821
4823 #EL #BD 908 4761 4822
4824 #EL #BD 68 0 4823
4825 #EA 4760 4824
4826 #EA 4825 6
4827 #EL #BD 30 4731 4826
4828 #EL #BD 68 0 4827
4829 #EL #BD 4 0 4828
#DEF 903 4734 4829 
4830 #EP #BD 68 0 4355
4831 #EP #BD 4 0 4830
4832 #EA 796 4729
4833 #EA 4832 6
4834 #EC 903 
4835 #EA 4834 9
4836 #EA 4833 4835
4837 #EL #BD 68 0 4836
4838 #EL #BD 4 0 4837
#DEF 902 4831 4838 
911 #NS 0 Subtype
912 #NS 911 mk
913 #NS 0 property
4839 #EC 911 2
4840 #EA 4839 18
4841 #EA 4840 20
4842 #EP #BD 913 152 4841
4843 #EP #BD 13 9 4842
4844 #EP #BI 40 674 4843
4845 #EP #BI 10 15 4844
4846 #EP #BD 40 674 30
4847 #EP #BI 10 15 4846
#IND 2 911 4847 1 912 4845 11
914 #NS 911 val
4848 #EA 4839 9
4849 #EA 4848 6
4850 #EP #BD 64 4849 20
4851 #EP #BI 40 674 4850
4852 #EP #BI 10 15 4851
4853 #EJ 911 0 6
4854 #EL #BD 64 4849 4853
4855 #EL #BD 40 674 4854
4856 #EL #BD 10 15 4855
#DEF 914 4852 4856 11
915 #NS 911 property
4857 #EC 914 2
4858 #EA 4857 20
4859 #EA 4858 9
4860 #EA 4859 6
4861 #EA 9 4860
4862 #EP #BD 64 4849 4861
4863 #EP #BI 40 674 4862
4864 #EP #BI 10 15 4863
4865 #EJ 911 1 6
4866 #EL #BD 64 4849 4865
4867 #EL #BD 40 674 4866
4868 #EL #BD 10 15 4867
#DEF 915 4864 4868 11
